event_id,source,date,state,district,latitude,longitude,elevation_m,slope_deg,aspect_deg,landcover,soil_type,rainfall_24h_mm,rainfall_72h_mm,rainfall_7d_mm,antecedent_precip_index,soil_moisture_pct,landslide_occurred,landslide_type,fatalities,data_confidence
SYN_N_00140,SYNTHETIC_NER,2018-08-18,Mizoram,unspecified,22.43269,90.07111,458.8,23.79,30.1,forest,residual_soil,23.8,69.3,98.6,74.8,28.1,0,n/a,0,low
SYN_N_00401,SYNTHETIC_NER,2020-08-16,Mizoram,unspecified,29.13444,90.54495,1769.7,29.55,62.3,forest,unknown,21.8,61.8,129.9,87.9,17.1,0,n/a,0,low
SYN_N_02349,SYNTHETIC_NER,2023-09-20,Mizoram,unspecified,24.77243,94.69459,2051.0,18.45,53.6,forest,residual_soil,0.0,0.0,0.0,0.0,21.3,0,n/a,0,low
SYN_N_02375,SYNTHETIC_NER,2015-06-07,Nagaland,unspecified,24.13098,88.2731,839.8,16.48,246.1,built-up,residual_soil,18.4,41.2,90.2,61.2,43.4,0,n/a,0,low
SYN_E_00211,SYNTHETIC_NER,2017-03-20,Tripura,unspecified,25.30267,93.59332,318.8,31.41,52.8,forest,residual_soil,47.7,135.5,202.5,151.4,47.3,1,soil slide,0,low
SYN_N_02315,SYNTHETIC_NER,2017-08-06,Manipur,unspecified,26.10239,88.0744,2785.2,40.66,23.6,grassland,residual_soil,12.1,33.6,72.7,48.9,24.6,0,n/a,0,low
SYN_N_00265,SYNTHETIC_NER,2015-07-26,Sikkim,unspecified,29.07963,97.268,671.0,30.6,81.6,forest,weathered_rock,17.1,31.2,64.7,45.2,16.2,0,n/a,0,low
SYN_E_00134,SYNTHETIC_NER,2020-08-07,Sikkim,unspecified,23.97635,93.21507,767.7,28.95,202.7,forest,colluvium,26.9,78.1,160.7,109.2,32.0,1,rock slide,1,low
SYN_N_01477,SYNTHETIC_NER,2022-06-24,Arunachal Pradesh,unspecified,26.52281,90.86305,2743.0,11.58,45.8,forest,residual_soil,0.0,0.0,0.0,0.0,27.8,0,n/a,0,low
SYN_N_00542,SYNTHETIC_NER,2017-09-10,Manipur,unspecified,23.77752,92.16484,1508.9,9.48,249.7,cropland,unknown,4.9,9.2,13.3,10.4,12.0,0,n/a,0,low
SYN_N_01116,SYNTHETIC_NER,2023-08-07,Nagaland,unspecified,24.41731,88.82364,3147.4,32.42,253.6,cropland,weathered_rock,25.2,61.0,133.4,90.1,35.6,0,n/a,0,low
SYN_E_00026,SYNTHETIC_NER,2019-07-11,Manipur,unspecified,28.9875,96.11285,2094.8,37.4,116.0,cropland,colluvium,22.7,60.4,105.9,75.6,38.8,1,debris flow,0,low
SYN_E_00929,SYNTHETIC_NER,2019-09-04,Nagaland,unspecified,27.35703,89.42226,2301.1,41.5,248.7,grassland,residual_soil,49.1,96.5,152.8,115.2,37.8,1,soil slide,0,low
SYN_E_00032,SYNTHETIC_NER,2018-08-07,Assam,unspecified,23.16703,95.13916,82.9,33.38,42.8,forest,residual_soil,55.1,127.5,200.8,149.7,46.2,1,mudslide,0,low
SYN_E_00315,SYNTHETIC_NER,2020-06-18,Tripura,unspecified,26.0204,89.38639,580.8,39.03,183.5,forest,colluvium,21.8,52.8,83.0,61.7,30.8,1,soil slide,0,low
SYN_N_01507,SYNTHETIC_NER,2020-07-20,Mizoram,unspecified,22.68573,94.81205,814.3,12.61,324.6,forest,residual_soil,0.0,0.0,0.0,0.0,25.0,0,n/a,0,low
SYN_N_01687,SYNTHETIC_NER,2025-07-14,Assam,unspecified,26.83738,89.41745,48.8,18.76,349.8,bare,residual_soil,18.7,48.0,103.0,69.6,23.3,0,n/a,0,low
SYN_N_00309,SYNTHETIC_NER,2023-09-25,Nagaland,unspecified,26.60129,88.65317,2563.3,19.95,106.2,forest,residual_soil,16.4,50.9,104.7,70.9,32.4,0,n/a,0,low
SYN_E_00270,SYNTHETIC_NER,2020-09-07,Mizoram,unspecified,25.24836,88.29713,1595.2,36.09,345.6,forest,residual_soil,40.7,83.9,166.4,116.5,38.8,1,soil slide,0,low
SYN_N_00765,SYNTHETIC_NER,2019-07-08,Nagaland,unspecified,23.60231,94.218,3141.9,8.12,302.7,forest,colluvium,18.4,46.9,93.5,64.5,25.1,0,n/a,0,low
SYN_E_00879,SYNTHETIC_NER,2025-03-06,Tripura,unspecified,28.9915,94.49467,782.1,35.43,18.2,built-up,weathered_rock,41.4,81.8,124.2,94.9,35.0,1,soil slide,0,low
SYN_N_00724,SYNTHETIC_NER,2017-06-04,Sikkim,unspecified,28.86219,96.30243,334.3,39.48,248.7,forest,residual_soil,6.3,17.1,36.9,24.8,19.3,0,n/a,0,low
SYN_E_01057,SYNTHETIC_NER,2017-09-27,Sikkim,unspecified,27.32905,89.69504,2841.4,33.77,204.9,bare,residual_soil,31.3,91.9,132.7,100.2,36.3,1,mudslide,0,low
SYN_N_01177,SYNTHETIC_NER,2015-09-19,Sikkim,unspecified,22.20671,88.43136,3397.3,2.0,316.4,forest,weathered_rock,22.7,56.4,84.7,63.8,13.8,0,n/a,0,low
SYN_N_00031,SYNTHETIC_NER,2022-09-27,Mizoram,unspecified,21.62464,93.1411,1540.8,31.9,135.8,cropland,residual_soil,7.4,15.5,33.2,22.7,11.0,0,n/a,0,low
SYN_E_00439,SYNTHETIC_NER,2024-07-26,Manipur,unspecified,29.23355,91.25547,940.9,26.3,198.5,grassland,residual_soil,26.6,79.3,152.6,105.4,27.2,1,soil slide,0,low
SYN_E_00415,SYNTHETIC_NER,2024-09-10,Tripura,unspecified,29.11658,93.31355,546.3,37.94,323.2,forest,residual_soil,35.7,88.2,139.9,103.5,41.8,1,mudslide,0,low
SYN_E_00670,SYNTHETIC_NER,2019-03-06,Arunachal Pradesh,unspecified,28.99301,91.88922,2213.8,31.41,29.7,forest,colluvium,64.1,171.8,310.0,219.4,38.8,1,debris flow,0,low
SYN_N_01643,SYNTHETIC_NER,2021-08-09,Arunachal Pradesh,unspecified,26.6954,88.0017,4450.2,34.88,313.7,forest,residual_soil,24.2,75.7,123.7,89.4,30.1,0,n/a,0,low
SYN_N_01819,SYNTHETIC_NER,2021-06-15,Mizoram,unspecified,23.85211,90.84783,539.8,17.01,111.2,forest,residual_soil,30.6,83.0,176.6,119.3,25.9,0,n/a,0,low
SYN_E_00811,SYNTHETIC_NER,2020-01-26,Arunachal Pradesh,unspecified,28.53704,89.08093,4901.7,39.87,105.4,built-up,colluvium,101.9,298.0,612.4,416.0,46.0,1,soil slide,0,low
SYN_N_01157,SYNTHETIC_NER,2015-05-19,Nagaland,unspecified,26.41291,93.05654,339.6,21.48,301.9,forest,residual_soil,13.8,40.9,58.6,44.3,23.4,0,n/a,0,low
SYN_E_00179,SYNTHETIC_NER,2016-12-15,Nagaland,unspecified,22.72817,93.34213,2089.3,27.76,235.1,cropland,weathered_rock,40.7,91.7,130.1,100.7,43.3,1,debris flow,0,low
SYN_N_01562,SYNTHETIC_NER,2025-06-19,Meghalaya,unspecified,23.71893,89.58207,221.5,19.46,48.0,bare,residual_soil,18.0,39.4,71.8,51.3,22.7,0,n/a,0,low
SYN_N_01788,SYNTHETIC_NER,2019-08-15,Assam,unspecified,28.01556,92.41231,190.3,23.14,16.5,forest,weathered_rock,20.1,42.4,67.3,50.4,16.3,0,n/a,0,low
SYN_N_01256,SYNTHETIC_NER,2022-08-01,Assam,unspecified,28.3119,92.66962,554.6,34.15,264.9,bare,residual_soil,26.1,61.4,106.6,77.0,22.8,0,n/a,0,low
SYN_N_00026,SYNTHETIC_NER,2023-07-23,Manipur,unspecified,26.71943,93.33314,2161.6,19.37,105.1,cropland,residual_soil,2.3,5.6,12.0,8.1,32.0,0,n/a,0,low
SYN_E_00999,SYNTHETIC_NER,2021-06-08,Nagaland,unspecified,25.50004,90.53088,1545.1,36.28,247.1,grassland,residual_soil,35.6,64.9,91.7,72.4,40.9,1,debris flow,0,low
SYN_E_00817,SYNTHETIC_NER,2016-06-06,Assam,unspecified,26.70361,89.02956,212.0,29.61,240.4,forest,colluvium,34.0,70.4,109.5,82.7,37.5,1,mudslide,1,low
SYN_E_00927,SYNTHETIC_NER,2022-08-27,Mizoram,unspecified,22.32645,90.536,694.8,34.7,331.5,cropland,residual_soil,28.3,57.5,124.0,84.9,45.9,1,debris flow,0,low
SYN_N_01496,SYNTHETIC_NER,2015-09-12,Manipur,unspecified,28.84645,95.45316,1489.1,19.93,66.5,forest,residual_soil,13.4,40.1,83.3,56.3,24.2,0,n/a,0,low
SYN_N_01833,SYNTHETIC_NER,2024-06-04,Meghalaya,unspecified,29.38179,90.35567,257.4,21.06,75.1,forest,colluvium,37.8,95.0,155.0,113.5,20.4,0,n/a,0,low
SYN_N_01755,SYNTHETIC_NER,2022-10-06,Assam,unspecified,23.30359,92.18553,420.5,11.72,71.5,forest,residual_soil,12.6,39.2,84.2,56.4,23.7,0,n/a,0,low
SYN_E_00120,SYNTHETIC_NER,2021-06-10,Manipur,unspecified,22.24487,96.02188,755.8,37.4,63.0,grassland,residual_soil,20.4,57.0,106.0,74.2,32.5,1,debris flow,0,low
SYN_N_00586,SYNTHETIC_NER,2024-08-24,Meghalaya,unspecified,26.812,90.26089,1272.9,26.06,45.8,built-up,colluvium,84.3,215.6,385.2,274.2,16.5,0,n/a,0,low
SYN_N_00203,SYNTHETIC_NER,2018-06-02,Assam,unspecified,23.12469,88.48713,326.8,23.56,36.3,forest,residual_soil,22.2,53.9,83.7,62.5,12.7,0,n/a,0,low
SYN_E_00387,SYNTHETIC_NER,2015-07-04,Sikkim,unspecified,27.45021,91.15632,1542.3,21.3,180.8,cropland,residual_soil,33.7,65.8,139.4,96.2,37.9,1,mudslide,0,low
SYN_N_00310,SYNTHETIC_NER,2020-07-27,Sikkim,unspecified,26.45068,94.63197,4417.9,17.35,125.7,bare,weathered_rock,24.4,57.9,88.2,66.3,29.5,0,n/a,0,low
SYN_N_00904,SYNTHETIC_NER,2018-09-12,Meghalaya,unspecified,28.36692,90.60081,1734.1,34.65,60.6,cropland,residual_soil,26.0,51.1,83.1,62.1,18.9,0,n/a,0,low
SYN_N_01762,SYNTHETIC_NER,2023-09-06,Nagaland,unspecified,28.97502,88.35375,2798.4,17.15,312.5,forest,residual_soil,15.8,48.9,93.4,64.5,27.9,0,n/a,0,low
SYN_N_00757,SYNTHETIC_NER,2017-06-06,Tripura,unspecified,25.87678,95.25303,471.8,11.91,170.8,forest,residual_soil,17.2,42.6,78.9,55.7,36.8,0,n/a,0,low
SYN_E_00842,SYNTHETIC_NER,2022-08-05,Arunachal Pradesh,unspecified,23.12501,89.98261,2649.5,35.06,109.7,bare,colluvium,40.1,114.3,247.4,166.0,36.3,1,mudslide,1,low
SYN_E_00184,SYNTHETIC_NER,2016-06-26,Manipur,unspecified,29.29554,88.37353,2897.9,30.66,355.3,grassland,unknown,27.9,78.2,138.4,98.2,37.6,1,debris flow,0,low
SYN_E_00495,SYNTHETIC_NER,2023-08-12,Manipur,unspecified,23.12623,93.74089,2599.4,31.83,281.3,forest,colluvium,34.9,64.5,119.7,86.2,44.9,1,mudslide,0,low
SYN_N_01011,SYNTHETIC_NER,2017-07-17,Assam,unspecified,28.83378,96.9545,343.1,34.7,92.5,forest,colluvium,24.5,55.4,81.9,62.4,5.0,0,n/a,0,low
SYN_N_02001,SYNTHETIC_NER,2018-08-22,Assam,unspecified,28.83065,90.93692,316.0,19.98,119.5,forest,residual_soil,9.4,24.0,49.5,33.8,7.9,0,n/a,0,low
SYN_E_00926,SYNTHETIC_NER,2025-07-16,Nagaland,unspecified,24.8559,88.40773,3345.2,41.97,347.0,grassland,residual_soil,19.1,42.0,86.5,59.7,41.1,1,soil slide,0,low
SYN_E_00461,SYNTHETIC_NER,2025-09-16,Meghalaya,unspecified,24.57352,91.80052,1936.0,27.35,230.4,grassland,weathered_rock,150.2,433.5,917.7,618.9,38.1,1,mudslide,0,low
SYN_E_00033,SYNTHETIC_NER,2019-09-05,Nagaland,unspecified,23.26638,94.2327,3765.4,34.77,104.1,grassland,colluvium,46.0,138.9,215.9,158.8,31.1,1,mudslide,0,low
SYN_N_00593,SYNTHETIC_NER,2025-05-10,Nagaland,unspecified,21.5929,89.34769,2210.3,18.1,30.8,forest,residual_soil,4.4,12.7,23.8,16.6,18.8,0,n/a,0,low
SYN_E_00289,SYNTHETIC_NER,2025-11-12,Manipur,unspecified,22.18727,93.79014,895.4,39.4,51.4,forest,residual_soil,14.9,42.7,85.5,58.6,34.1,1,debris flow,0,low
SYN_N_01389,SYNTHETIC_NER,2023-07-03,Tripura,unspecified,28.03794,95.27466,656.8,11.27,325.1,forest,residual_soil,10.2,30.8,59.9,41.2,30.0,0,n/a,0,low
SYN_N_00339,SYNTHETIC_NER,2017-08-15,Meghalaya,unspecified,22.84056,88.1624,459.0,6.26,225.2,forest,residual_soil,36.5,78.2,140.3,100.9,26.9,0,n/a,0,low
SYN_E_00644,SYNTHETIC_NER,2020-03-04,Sikkim,unspecified,27.63502,93.97052,4976.2,37.04,54.9,forest,colluvium,44.0,121.0,255.2,172.7,38.0,1,debris flow,0,low
SYN_E_00093,SYNTHETIC_NER,2020-09-19,Manipur,unspecified,28.77838,95.53989,2097.9,32.76,21.1,forest,colluvium,26.0,82.1,149.2,104.4,45.8,1,soil slide,1,low
SYN_E_00969,SYNTHETIC_NER,2025-09-17,Assam,unspecified,21.52233,91.61142,87.9,30.84,172.6,grassland,weathered_rock,28.3,63.8,116.7,83.1,46.2,1,soil slide,0,low
SYN_N_00354,SYNTHETIC_NER,2016-06-24,Mizoram,unspecified,29.25382,94.4307,1481.5,30.02,135.4,grassland,residual_soil,12.6,24.6,36.5,28.2,23.9,0,n/a,0,low
SYN_E_01174,SYNTHETIC_NER,2017-08-23,Assam,unspecified,25.16275,91.21999,477.4,25.16,120.4,forest,residual_soil,45.9,124.0,205.4,149.1,34.6,1,mudslide,0,low
SYN_N_01375,SYNTHETIC_NER,2020-07-16,Tripura,unspecified,21.54759,92.70253,294.7,12.33,294.5,cropland,unknown,8.0,16.2,23.3,18.1,7.3,0,n/a,0,low
SYN_N_01953,SYNTHETIC_NER,2018-08-13,Manipur,unspecified,21.77349,96.8483,2104.0,2.0,139.4,cropland,residual_soil,18.5,46.1,82.8,58.9,16.7,0,n/a,0,low
SYN_E_00803,SYNTHETIC_NER,2021-07-04,Arunachal Pradesh,unspecified,28.04169,92.43562,3248.3,34.45,170.3,grassland,residual_soil,42.7,123.3,197.2,144.1,47.4,1,debris flow,0,low
SYN_N_00274,SYNTHETIC_NER,2024-11-14,Nagaland,unspecified,22.88059,95.50061,3795.1,29.96,313.6,forest,weathered_rock,13.8,37.9,65.9,47.1,26.1,0,n/a,0,low
SYN_E_00602,SYNTHETIC_NER,2021-06-03,Tripura,unspecified,22.94965,91.09901,910.0,12.42,70.5,cropland,colluvium,36.6,77.1,145.7,103.3,49.5,1,debris flow,0,low
SYN_N_00764,SYNTHETIC_NER,2025-08-07,Tripura,unspecified,24.1212,89.39748,376.3,20.63,266.9,cropland,weathered_rock,15.1,33.8,64.5,45.4,27.3,0,n/a,0,low
SYN_N_01528,SYNTHETIC_NER,2023-08-11,Manipur,unspecified,29.03975,88.02138,1351.5,26.8,157.6,forest,residual_soil,21.1,41.6,81.0,57.2,41.1,0,n/a,0,low
SYN_N_00136,SYNTHETIC_NER,2015-09-02,Arunachal Pradesh,unspecified,29.05375,94.12258,3234.1,24.58,115.0,forest,colluvium,40.2,114.2,247.9,166.2,29.3,0,n/a,0,low
SYN_E_00948,SYNTHETIC_NER,2017-09-18,Arunachal Pradesh,unspecified,26.21663,91.29944,637.4,23.75,219.5,forest,colluvium,76.4,224.9,353.1,259.3,38.4,1,soil slide,0,low
SYN_N_01976,SYNTHETIC_NER,2020-09-01,Mizoram,unspecified,22.61771,93.41226,363.7,14.95,242.9,forest,colluvium,17.9,45.3,73.1,53.7,11.3,0,n/a,0,low
SYN_E_00802,SYNTHETIC_NER,2024-07-23,Nagaland,unspecified,24.72129,88.86161,3786.7,47.44,134.4,forest,colluvium,28.0,73.9,152.6,104.0,39.2,1,debris flow,0,low
SYN_N_00565,SYNTHETIC_NER,2016-08-23,Manipur,unspecified,27.65778,95.11099,2444.3,48.62,188.2,grassland,residual_soil,18.8,45.9,72.7,53.9,38.4,0,n/a,0,low
SYN_E_00070,SYNTHETIC_NER,2016-09-05,Sikkim,unspecified,27.57714,90.19145,3747.3,30.9,326.1,cropland,weathered_rock,29.4,79.3,137.1,98.2,45.7,1,rock slide,0,low
SYN_E_00443,SYNTHETIC_NER,2023-09-08,Manipur,unspecified,26.34091,93.00411,2552.1,26.96,57.4,bare,colluvium,23.8,56.3,118.8,81.1,37.4,1,debris flow,0,low
SYN_N_01129,SYNTHETIC_NER,2018-08-10,Sikkim,unspecified,27.37845,94.63476,992.7,13.84,282.9,cropland,residual_soil,11.4,20.7,44.3,30.6,19.4,0,n/a,0,low
SYN_N_01253,SYNTHETIC_NER,2019-01-05,Manipur,unspecified,25.79612,95.85453,2464.3,30.48,269.0,cropland,colluvium,22.5,71.4,121.6,86.7,22.6,0,n/a,0,low
SYN_E_01067,SYNTHETIC_NER,2015-09-14,Tripura,unspecified,27.33348,97.29159,688.1,33.19,169.5,forest,weathered_rock,48.0,108.7,220.1,152.2,41.8,1,mudslide,0,low
SYN_N_01436,SYNTHETIC_NER,2016-07-09,Tripura,unspecified,29.3097,94.28412,82.9,16.08,213.5,grassland,weathered_rock,17.0,51.3,79.4,58.5,19.6,0,n/a,0,low
SYN_N_01572,SYNTHETIC_NER,2019-06-02,Arunachal Pradesh,unspecified,29.15026,96.62149,2840.6,13.56,31.7,forest,colluvium,18.7,36.7,73.7,51.6,26.3,0,n/a,0,low
SYN_N_01134,SYNTHETIC_NER,2024-08-20,Tripura,unspecified,22.44509,89.76205,317.3,25.53,144.7,forest,weathered_rock,21.7,66.5,136.0,92.3,23.0,0,n/a,0,low
SYN_N_01082,SYNTHETIC_NER,2024-07-26,Sikkim,unspecified,28.20226,90.5658,1811.3,26.58,188.3,cropland,residual_soil,13.0,32.3,48.0,36.3,34.2,0,n/a,0,low
SYN_N_00214,SYNTHETIC_NER,2024-07-10,Tripura,unspecified,25.08674,94.96759,777.9,20.72,262.6,grassland,weathered_rock,0.0,0.0,0.0,0.0,19.7,0,n/a,0,low
SYN_E_00605,SYNTHETIC_NER,2022-06-19,Nagaland,unspecified,24.92356,96.27539,1401.1,32.3,244.7,grassland,weathered_rock,23.5,57.1,112.1,77.9,35.7,1,rock slide,0,low
SYN_E_00291,SYNTHETIC_NER,2024-05-22,Mizoram,unspecified,22.55961,89.08475,1875.4,36.75,277.9,cropland,colluvium,51.5,151.7,296.2,203.9,41.0,1,soil slide,0,low
SYN_E_00564,SYNTHETIC_NER,2020-06-07,Arunachal Pradesh,unspecified,27.08295,95.21363,2539.8,31.38,164.2,forest,residual_soil,80.0,181.6,293.2,217.1,24.8,1,rock slide,0,low
SYN_N_01367,SYNTHETIC_NER,2020-06-15,Nagaland,unspecified,28.69664,88.81633,1798.3,23.65,268.3,cropland,colluvium,15.0,44.8,65.8,49.4,16.0,0,n/a,0,low
SYN_N_02381,SYNTHETIC_NER,2017-08-15,Assam,unspecified,26.17717,88.4197,336.9,22.88,344.1,forest,colluvium,13.2,33.6,73.2,49.3,41.1,0,n/a,0,low
SYN_E_01106,SYNTHETIC_NER,2020-08-11,Meghalaya,unspecified,23.66826,96.23808,208.2,38.54,280.8,forest,unknown,149.9,379.7,580.2,434.0,35.7,1,debris flow,0,low
SYN_N_01184,SYNTHETIC_NER,2023-09-15,Mizoram,unspecified,24.43184,88.92121,1241.3,40.31,221.2,forest,residual_soil,24.2,55.5,104.5,73.7,24.5,0,n/a,0,low
SYN_E_00551,SYNTHETIC_NER,2016-08-27,Manipur,unspecified,22.3916,95.45504,929.7,23.82,153.3,cropland,residual_soil,18.2,48.4,86.6,61.5,37.9,1,debris flow,0,low
SYN_N_00036,SYNTHETIC_NER,2021-07-25,Mizoram,unspecified,27.92325,93.25247,1515.7,32.55,118.5,cropland,residual_soil,20.8,39.2,63.3,47.6,40.9,0,n/a,0,low
SYN_N_00372,SYNTHETIC_NER,2015-09-22,Assam,unspecified,21.69005,91.10015,407.0,23.92,84.1,forest,weathered_rock,13.4,37.0,77.4,52.5,23.9,0,n/a,0,low
SYN_N_00795,SYNTHETIC_NER,2025-08-23,Tripura,unspecified,22.36818,90.05822,895.8,23.28,76.8,cropland,weathered_rock,16.5,38.4,78.6,54.1,15.2,0,n/a,0,low
SYN_N_00226,SYNTHETIC_NER,2025-08-08,Tripura,unspecified,29.48805,92.36857,897.2,8.44,191.9,built-up,weathered_rock,10.0,22.9,44.5,31.1,10.3,0,n/a,0,low
SYN_E_00196,SYNTHETIC_NER,2021-08-21,Mizoram,unspecified,26.99403,96.59933,250.2,25.23,106.2,cropland,colluvium,36.3,95.3,180.8,126.2,47.3,1,rock slide,1,low
SYN_N_02062,SYNTHETIC_NER,2016-09-27,Tripura,unspecified,23.69621,92.62991,302.2,27.41,152.6,bare,colluvium,14.8,40.8,61.6,46.0,27.4,0,n/a,0,low
SYN_E_01053,SYNTHETIC_NER,2019-08-02,Arunachal Pradesh,unspecified,24.84111,95.00302,3448.1,35.95,14.4,bare,colluvium,59.1,109.4,227.7,158.5,42.1,1,debris flow,0,low
SYN_E_00889,SYNTHETIC_NER,2016-06-01,Mizoram,unspecified,22.2759,94.80149,1419.0,32.3,285.6,bare,weathered_rock,33.8,70.5,125.6,90.7,32.4,1,debris flow,0,low
SYN_N_01664,SYNTHETIC_NER,2019-07-13,Tripura,unspecified,22.93304,88.45366,150.9,32.99,155.0,grassland,colluvium,19.5,45.5,68.4,51.8,7.7,0,n/a,0,low
SYN_N_01999,SYNTHETIC_NER,2023-09-15,Arunachal Pradesh,unspecified,28.84147,89.92341,3956.4,19.85,196.9,cropland,residual_soil,35.7,104.1,168.7,122.7,23.9,0,n/a,0,low
SYN_E_00411,SYNTHETIC_NER,2021-12-26,Meghalaya,unspecified,27.04282,90.81251,1322.9,44.55,200.6,forest,residual_soil,106.2,256.6,360.3,278.4,18.3,1,debris flow,0,low
SYN_E_00149,SYNTHETIC_NER,2025-06-04,Assam,unspecified,22.31148,90.93311,487.1,40.04,203.5,forest,residual_soil,46.4,85.9,175.5,122.8,30.2,1,debris flow,0,low
SYN_E_00937,SYNTHETIC_NER,2025-03-18,Meghalaya,unspecified,28.62374,94.8452,720.9,45.52,76.5,forest,unknown,165.9,509.7,920.3,646.2,36.4,1,mudslide,0,low
SYN_N_01025,SYNTHETIC_NER,2021-08-20,Nagaland,unspecified,26.43864,93.86512,2853.3,31.64,236.5,cropland,weathered_rock,7.8,15.8,28.7,20.7,16.2,0,n/a,0,low
SYN_E_00314,SYNTHETIC_NER,2021-07-22,Meghalaya,unspecified,22.98803,89.39806,1024.7,25.62,243.8,forest,residual_soil,90.5,226.0,417.4,294.6,33.8,1,mudslide,1,low
SYN_N_01303,SYNTHETIC_NER,2016-07-27,Manipur,unspecified,27.8293,91.23765,1920.3,41.89,129.3,built-up,colluvium,15.0,45.7,81.0,57.2,31.5,0,n/a,0,low
SYN_N_01069,SYNTHETIC_NER,2025-08-27,Meghalaya,unspecified,25.83775,91.54188,779.4,11.27,319.7,bare,residual_soil,62.7,169.1,256.5,191.5,33.0,0,n/a,0,low
SYN_N_00696,SYNTHETIC_NER,2015-06-08,Assam,unspecified,24.97504,96.75395,104.2,27.35,145.3,forest,residual_soil,14.2,30.7,49.7,36.9,25.1,0,n/a,0,low
SYN_N_00613,SYNTHETIC_NER,2019-07-15,Meghalaya,unspecified,25.19837,93.92588,818.0,16.77,280.3,forest,unknown,44.5,109.9,156.6,120.2,32.4,0,n/a,0,low
SYN_N_00098,SYNTHETIC_NER,2017-04-19,Sikkim,unspecified,22.7725,90.31003,4689.7,26.38,172.8,forest,residual_soil,13.1,28.7,56.5,39.5,18.4,0,n/a,0,low
SYN_N_00947,SYNTHETIC_NER,2025-12-15,Arunachal Pradesh,unspecified,22.24606,96.01606,939.4,2.0,176.3,forest,colluvium,14.3,38.1,72.7,50.7,22.7,0,n/a,0,low
SYN_N_02224,SYNTHETIC_NER,2020-10-13,Assam,unspecified,27.38305,93.84085,554.4,28.48,127.0,cropland,unknown,12.4,23.9,45.5,32.4,20.1,0,n/a,0,low
SYN_N_02022,SYNTHETIC_NER,2025-09-12,Tripura,unspecified,21.9862,89.10477,283.3,34.2,260.5,forest,residual_soil,15.0,46.6,90.6,62.3,27.1,0,n/a,0,low
SYN_N_02332,SYNTHETIC_NER,2021-10-14,Sikkim,unspecified,23.41366,92.19018,4515.4,28.74,144.8,cropland,residual_soil,26.8,70.2,99.8,76.3,6.7,0,n/a,0,low
SYN_E_00299,SYNTHETIC_NER,2023-12-20,Assam,unspecified,23.49469,90.54156,350.1,34.2,199.0,forest,residual_soil,29.0,62.4,102.7,75.9,34.2,1,mudslide,0,low
SYN_E_01108,SYNTHETIC_NER,2016-03-07,Arunachal Pradesh,unspecified,22.22573,89.7446,4469.6,48.03,349.3,forest,weathered_rock,39.1,73.5,106.7,83.2,39.4,1,debris flow,0,low
SYN_N_00570,SYNTHETIC_NER,2020-11-01,Manipur,unspecified,22.67662,94.51551,1127.0,23.88,77.3,forest,residual_soil,0.0,0.0,0.0,0.0,26.3,0,n/a,0,low
SYN_E_00805,SYNTHETIC_NER,2020-07-13,Sikkim,unspecified,24.08626,94.90213,4044.4,47.68,132.8,forest,residual_soil,40.6,113.3,200.0,142.1,37.9,1,debris flow,0,low
SYN_N_01785,SYNTHETIC_NER,2017-09-13,Arunachal Pradesh,unspecified,21.98181,89.0504,722.8,7.72,184.7,bare,residual_soil,19.8,63.2,117.8,81.8,32.1,0,n/a,0,low
SYN_E_00183,SYNTHETIC_NER,2015-08-12,Tripura,unspecified,24.09299,93.35616,769.9,24.59,92.7,cropland,colluvium,28.2,64.4,139.1,94.5,23.2,1,debris flow,0,low
SYN_N_02127,SYNTHETIC_NER,2020-08-04,Mizoram,unspecified,21.82564,88.93681,644.6,20.46,254.9,cropland,unknown,16.0,45.1,89.1,61.3,18.8,0,n/a,0,low
SYN_E_01025,SYNTHETIC_NER,2019-08-23,Assam,unspecified,21.9327,88.67161,419.4,33.64,174.8,forest,residual_soil,40.7,77.7,142.5,102.7,55.0,1,soil slide,0,low
SYN_N_00989,SYNTHETIC_NER,2024-09-02,Arunachal Pradesh,unspecified,29.00882,92.03084,4468.5,30.84,5.7,cropland,colluvium,13.0,28.1,45.5,33.8,34.6,0,n/a,0,low
SYN_E_00881,SYNTHETIC_NER,2020-08-16,Sikkim,unspecified,29.21447,88.78161,4412.9,39.03,359.0,grassland,colluvium,78.7,225.5,477.9,322.4,31.8,1,debris flow,0,low
SYN_N_01593,SYNTHETIC_NER,2021-06-20,Arunachal Pradesh,unspecified,27.32833,91.13043,4350.2,31.1,2.8,bare,weathered_rock,7.1,21.7,34.9,25.4,29.1,0,n/a,0,low
SYN_N_01644,SYNTHETIC_NER,2019-08-09,Meghalaya,unspecified,22.16634,89.94144,1563.4,30.7,285.9,forest,residual_soil,11.8,27.3,49.4,35.2,13.8,0,n/a,0,low
SYN_N_00176,SYNTHETIC_NER,2016-11-26,Arunachal Pradesh,unspecified,22.3225,89.22338,2907.0,27.4,158.1,forest,unknown,22.2,43.3,83.5,59.2,27.9,0,n/a,0,low
SYN_E_01171,SYNTHETIC_NER,2021-09-26,Tripura,unspecified,26.9827,95.38187,624.7,32.02,92.9,forest,colluvium,47.8,153.1,225.6,168.3,38.4,1,mudslide,0,low
SYN_N_02223,SYNTHETIC_NER,2024-07-16,Mizoram,unspecified,23.50368,97.11152,1269.5,4.84,150.4,forest,colluvium,25.5,54.5,81.3,62.1,21.8,0,n/a,0,low
SYN_E_00051,SYNTHETIC_NER,2023-08-17,Meghalaya,unspecified,23.68069,89.05188,1475.8,34.77,344.2,forest,residual_soil,92.2,262.3,555.1,374.7,41.6,1,soil slide,0,low
SYN_E_00351,SYNTHETIC_NER,2016-08-09,Assam,unspecified,23.23943,96.60469,241.4,21.95,30.7,forest,colluvium,28.5,59.9,89.2,68.3,29.3,1,soil slide,1,low
SYN_N_00677,SYNTHETIC_NER,2017-06-01,Nagaland,unspecified,27.53402,91.32479,3520.1,34.27,145.2,forest,colluvium,14.7,45.6,70.2,51.7,12.6,0,n/a,0,low
SYN_E_00862,SYNTHETIC_NER,2020-06-17,Assam,unspecified,25.24884,96.33502,348.6,30.01,27.3,built-up,residual_soil,45.2,115.2,219.1,153.1,46.5,1,mudslide,0,low
SYN_E_00534,SYNTHETIC_NER,2022-06-12,Nagaland,unspecified,22.22367,89.20364,1374.1,37.31,58.9,forest,residual_soil,34.7,66.0,104.2,78.8,42.9,1,debris flow,0,low
SYN_N_01693,SYNTHETIC_NER,2022-07-05,Assam,unspecified,27.55915,88.99734,274.3,39.53,195.3,forest,residual_soil,10.9,32.8,52.3,38.2,19.8,0,n/a,0,low
SYN_N_01627,SYNTHETIC_NER,2025-02-03,Manipur,unspecified,22.8877,90.17754,2429.4,24.4,57.1,grassland,colluvium,11.1,24.9,53.9,36.7,10.2,0,n/a,0,low
SYN_N_01718,SYNTHETIC_NER,2023-09-09,Tripura,unspecified,26.31821,89.35053,69.7,15.4,284.2,grassland,colluvium,6.9,20.9,29.4,22.4,28.7,0,n/a,0,low
SYN_E_01044,SYNTHETIC_NER,2015-08-15,Tripura,unspecified,21.73405,91.29028,251.8,35.9,216.9,forest,colluvium,36.7,82.9,131.4,97.9,32.7,1,soil slide,0,low
SYN_N_02151,SYNTHETIC_NER,2022-06-16,Nagaland,unspecified,25.60669,92.15848,2253.6,26.65,333.7,bare,residual_soil,9.1,21.0,29.8,23.0,15.8,0,n/a,0,low
SYN_E_00170,SYNTHETIC_NER,2025-03-19,Assam,unspecified,26.21217,88.58721,411.0,29.46,296.0,forest,weathered_rock,38.0,100.2,173.6,124.5,36.0,1,debris flow,1,low
SYN_E_00139,SYNTHETIC_NER,2024-03-01,Manipur,unspecified,22.41126,94.26348,2503.9,30.76,281.1,grassland,residual_soil,38.7,84.1,132.7,99.3,33.5,1,soil slide,0,low
SYN_N_00013,SYNTHETIC_NER,2016-09-19,Tripura,unspecified,26.46183,91.6228,419.7,21.5,140.6,forest,weathered_rock,10.7,27.4,48.0,34.4,26.3,0,n/a,0,low
SYN_N_00913,SYNTHETIC_NER,2018-06-05,Tripura,unspecified,28.10823,95.2613,54.9,31.73,60.2,grassland,colluvium,7.6,21.9,33.7,24.9,14.0,0,n/a,0,low
SYN_N_02106,SYNTHETIC_NER,2019-06-11,Meghalaya,unspecified,22.24798,90.42345,1464.1,23.22,235.9,forest,unknown,93.3,200.9,287.0,222.5,36.6,0,n/a,0,low
SYN_E_00279,SYNTHETIC_NER,2016-07-24,Assam,unspecified,28.40181,91.09691,561.7,29.88,46.1,built-up,colluvium,45.0,82.2,148.0,107.6,25.2,1,mudslide,0,low
SYN_N_00780,SYNTHETIC_NER,2015-08-04,Meghalaya,unspecified,28.49628,88.70529,1814.4,9.95,355.5,cropland,unknown,24.6,62.7,96.6,72.0,24.1,0,n/a,0,low
SYN_N_01699,SYNTHETIC_NER,2021-08-14,Mizoram,unspecified,27.33435,89.17599,1837.2,2.31,232.3,forest,colluvium,18.3,51.5,83.3,60.8,17.5,0,n/a,0,low
SYN_N_01174,SYNTHETIC_NER,2018-08-13,Nagaland,unspecified,28.2481,90.13294,476.7,2.0,83.7,forest,colluvium,21.6,46.8,67.6,52.2,21.1,0,n/a,0,low
SYN_E_01064,SYNTHETIC_NER,2024-11-21,Sikkim,unspecified,21.97877,90.77011,4796.4,40.56,77.8,forest,residual_soil,47.2,133.9,254.8,177.0,35.2,1,debris flow,0,low
SYN_E_00567,SYNTHETIC_NER,2016-08-08,Meghalaya,unspecified,26.66445,94.43697,1674.8,30.41,298.9,forest,colluvium,124.4,394.8,726.5,506.5,40.5,1,soil slide,0,low
SYN_N_00280,SYNTHETIC_NER,2022-08-02,Assam,unspecified,25.08128,89.95089,150.9,23.62,157.2,cropland,residual_soil,32.4,60.9,133.8,91.6,26.0,0,n/a,0,low
SYN_N_01796,SYNTHETIC_NER,2025-08-21,Meghalaya,unspecified,27.43537,93.64351,1903.0,20.1,160.8,forest,colluvium,18.5,53.4,83.5,61.5,18.5,0,n/a,0,low
SYN_N_01914,SYNTHETIC_NER,2022-07-18,Manipur,unspecified,24.29572,92.3939,751.4,21.05,48.1,bare,residual_soil,14.8,32.9,48.0,36.8,32.1,0,n/a,0,low
SYN_N_00408,SYNTHETIC_NER,2021-06-03,Manipur,unspecified,23.10676,91.0386,2796.3,28.1,281.5,forest,weathered_rock,6.3,17.6,25.6,19.3,27.0,0,n/a,0,low
SYN_N_01526,SYNTHETIC_NER,2023-09-09,Arunachal Pradesh,unspecified,27.95245,96.22266,1033.7,17.66,138.1,grassland,weathered_rock,17.2,40.2,65.5,48.2,23.4,0,n/a,0,low
SYN_E_00964,SYNTHETIC_NER,2024-03-04,Arunachal Pradesh,unspecified,29.01472,91.47872,2017.6,27.23,14.7,grassland,colluvium,33.2,91.5,165.6,116.9,40.3,1,soil slide,0,low
SYN_N_00736,SYNTHETIC_NER,2019-09-23,Nagaland,unspecified,28.63933,90.76932,3660.0,37.89,337.5,forest,residual_soil,26.6,63.9,107.2,78.1,7.4,0,n/a,0,low
SYN_N_00191,SYNTHETIC_NER,2021-06-02,Assam,unspecified,22.4115,96.48511,477.5,28.15,244.0,bare,unknown,11.3,26.4,47.3,33.9,22.0,0,n/a,0,low
SYN_N_01196,SYNTHETIC_NER,2020-11-11,Sikkim,unspecified,28.68613,91.3468,1480.4,26.5,103.1,forest,unknown,3.7,7.6,15.1,10.6,38.3,0,n/a,0,low
SYN_N_01021,SYNTHETIC_NER,2018-06-08,Manipur,unspecified,24.28944,90.55764,2540.0,7.9,140.7,forest,unknown,16.1,31.0,65.1,45.1,26.7,0,n/a,0,low
SYN_N_02356,SYNTHETIC_NER,2019-06-06,Meghalaya,unspecified,22.50727,90.31356,1450.2,30.98,106.0,bare,weathered_rock,136.8,430.8,940.8,627.0,13.1,0,n/a,0,low
SYN_N_02014,SYNTHETIC_NER,2019-06-20,Tripura,unspecified,28.79214,89.31211,143.9,9.84,179.7,forest,weathered_rock,26.5,75.2,151.3,103.5,21.0,0,n/a,0,low
SYN_N_01992,SYNTHETIC_NER,2015-06-05,Mizoram,unspecified,21.68442,92.19378,844.4,29.5,334.5,grassland,residual_soil,8.5,18.0,34.5,24.3,18.2,0,n/a,0,low
SYN_N_00948,SYNTHETIC_NER,2025-06-03,Arunachal Pradesh,unspecified,24.48296,96.21719,1153.9,13.21,168.3,grassland,unknown,54.5,139.9,302.4,204.1,8.1,0,n/a,0,low
SYN_N_00288,SYNTHETIC_NER,2024-09-10,Manipur,unspecified,24.62589,96.15967,2522.2,29.25,176.2,grassland,residual_soil,7.8,20.9,33.4,24.5,24.8,0,n/a,0,low
SYN_N_01536,SYNTHETIC_NER,2024-06-18,Mizoram,unspecified,27.44025,94.95232,1952.5,19.98,75.8,forest,residual_soil,11.4,29.7,51.3,36.8,22.9,0,n/a,0,low
SYN_N_01729,SYNTHETIC_NER,2022-09-16,Mizoram,unspecified,28.58041,90.1891,1056.5,38.34,29.1,grassland,unknown,17.2,36.6,76.7,52.8,24.1,0,n/a,0,low
SYN_N_00518,SYNTHETIC_NER,2023-03-05,Arunachal Pradesh,unspecified,26.64193,92.30456,3106.2,9.36,75.2,forest,residual_soil,0.0,0.0,0.0,0.0,25.3,0,n/a,0,low
SYN_E_01157,SYNTHETIC_NER,2015-09-15,Sikkim,unspecified,23.28186,91.10213,1077.5,33.65,147.2,forest,colluvium,57.3,129.0,193.7,147.0,43.2,1,soil slide,0,low
SYN_N_00753,SYNTHETIC_NER,2020-08-16,Meghalaya,unspecified,25.01923,95.49465,834.6,31.88,42.0,forest,residual_soil,21.7,48.1,76.4,57.0,25.0,0,n/a,0,low
SYN_N_01998,SYNTHETIC_NER,2018-01-24,Assam,unspecified,24.26398,92.1339,222.2,12.55,304.1,forest,residual_soil,17.6,37.5,63.9,46.7,10.2,0,n/a,0,low
SYN_N_01705,SYNTHETIC_NER,2023-02-22,Assam,unspecified,26.49018,93.17702,524.0,9.12,66.0,cropland,residual_soil,26.9,70.8,136.0,94.6,27.2,0,n/a,0,low
SYN_N_01362,SYNTHETIC_NER,2023-07-15,Meghalaya,unspecified,26.01651,88.21806,1937.7,18.66,216.6,forest,colluvium,9.9,31.3,47.6,35.2,31.9,0,n/a,0,low
SYN_N_00588,SYNTHETIC_NER,2025-07-01,Assam,unspecified,26.06334,96.02047,385.2,22.06,140.7,grassland,colluvium,23.2,51.8,78.8,59.6,18.8,0,n/a,0,low
SYN_E_00438,SYNTHETIC_NER,2019-11-22,Assam,unspecified,23.01175,94.76947,342.0,36.58,316.9,cropland,colluvium,52.4,162.8,335.4,227.0,38.0,1,soil slide,0,low
SYN_N_01411,SYNTHETIC_NER,2016-06-25,Tripura,unspecified,24.42947,90.00667,177.0,18.48,188.8,cropland,colluvium,17.1,33.7,66.3,46.7,16.2,0,n/a,0,low
SYN_E_00752,SYNTHETIC_NER,2018-06-25,Assam,unspecified,23.83234,91.4871,588.0,39.18,295.4,grassland,residual_soil,69.6,165.9,282.3,204.8,41.2,1,soil slide,0,low
SYN_N_01513,SYNTHETIC_NER,2022-06-24,Arunachal Pradesh,unspecified,22.77002,94.63812,3272.1,18.97,59.7,forest,residual_soil,5.5,14.1,21.3,15.9,17.2,0,n/a,0,low
SYN_N_00197,SYNTHETIC_NER,2016-07-26,Manipur,unspecified,23.29817,95.52081,1425.0,37.1,5.6,built-up,colluvium,11.6,29.5,60.0,41.2,21.6,0,n/a,0,low
SYN_N_02156,SYNTHETIC_NER,2020-09-26,Meghalaya,unspecified,28.34285,89.77656,500.3,8.61,320.9,cropland,weathered_rock,25.1,46.4,74.4,56.1,35.5,0,n/a,0,low
SYN_N_00682,SYNTHETIC_NER,2018-08-12,Assam,unspecified,24.15397,94.71926,308.5,36.31,352.2,forest,unknown,6.5,12.5,18.4,14.2,32.2,0,n/a,0,low
SYN_N_01760,SYNTHETIC_NER,2023-10-14,Mizoram,unspecified,21.69283,88.44252,1665.2,24.87,29.4,forest,weathered_rock,15.8,40.4,62.2,46.4,23.1,0,n/a,0,low
SYN_N_01121,SYNTHETIC_NER,2020-09-17,Mizoram,unspecified,25.57444,88.45793,1569.2,2.0,147.8,built-up,weathered_rock,2.9,7.5,11.5,8.6,29.8,0,n/a,0,low
SYN_N_00629,SYNTHETIC_NER,2023-06-11,Sikkim,unspecified,24.73414,95.40723,2725.7,27.27,10.9,forest,unknown,6.3,11.8,19.0,14.3,28.6,0,n/a,0,low
SYN_N_00437,SYNTHETIC_NER,2022-06-12,Assam,unspecified,27.64872,91.20307,299.1,24.23,347.6,forest,residual_soil,2.0,4.6,10.0,6.8,31.6,0,n/a,0,low
SYN_E_00408,SYNTHETIC_NER,2024-07-01,Arunachal Pradesh,unspecified,22.16801,93.14849,2549.8,31.18,44.5,cropland,weathered_rock,66.9,124.6,200.4,151.0,40.1,1,rock slide,0,low
SYN_N_02135,SYNTHETIC_NER,2023-06-04,Sikkim,unspecified,22.86888,95.35606,1159.1,12.37,127.1,bare,residual_soil,31.7,89.7,125.8,96.2,21.2,0,n/a,0,low
SYN_E_00052,SYNTHETIC_NER,2023-09-10,Mizoram,unspecified,27.14023,88.66435,1659.1,36.3,173.2,grassland,weathered_rock,33.0,65.2,120.0,86.2,43.7,1,soil slide,0,low
SYN_E_00949,SYNTHETIC_NER,2019-08-17,Mizoram,unspecified,24.42641,94.42797,1049.2,41.62,271.9,forest,residual_soil,35.7,108.2,187.9,133.5,39.1,1,mudslide,0,low
SYN_N_00674,SYNTHETIC_NER,2019-08-23,Sikkim,unspecified,27.01163,95.122,2628.0,32.59,265.1,grassland,weathered_rock,19.1,39.5,55.9,43.6,11.6,0,n/a,0,low
SYN_N_01580,SYNTHETIC_NER,2018-03-17,Assam,unspecified,21.92618,88.57729,438.9,14.37,264.2,cropland,residual_soil,4.9,12.0,17.3,13.2,33.7,0,n/a,0,low
SYN_E_00393,SYNTHETIC_NER,2021-06-11,Nagaland,unspecified,29.38509,95.39677,1277.4,21.75,23.5,forest,weathered_rock,48.6,126.6,268.1,181.8,39.7,1,mudslide,0,low
SYN_E_00676,SYNTHETIC_NER,2018-05-03,Nagaland,unspecified,23.27396,97.05496,1737.7,35.05,117.1,cropland,weathered_rock,23.3,65.7,141.8,95.2,30.6,1,soil slide,1,low
SYN_N_00591,SYNTHETIC_NER,2022-07-21,Arunachal Pradesh,unspecified,24.44341,96.45045,4901.6,15.06,196.6,grassland,residual_soil,10.2,26.2,54.2,37.0,22.4,0,n/a,0,low
SYN_N_01817,SYNTHETIC_NER,2021-09-18,Manipur,unspecified,22.6237,94.15738,2845.7,27.33,67.5,forest,colluvium,0.8,1.9,3.4,2.4,16.4,0,n/a,0,low
SYN_N_00262,SYNTHETIC_NER,2023-09-21,Nagaland,unspecified,21.66874,96.79058,1553.5,24.1,28.4,forest,residual_soil,29.3,69.2,109.5,81.3,10.2,0,n/a,0,low
SYN_N_00021,SYNTHETIC_NER,2015-06-14,Mizoram,unspecified,25.65351,97.30844,344.7,11.21,160.1,bare,residual_soil,25.4,65.5,103.6,76.5,44.7,0,n/a,0,low
SYN_N_00383,SYNTHETIC_NER,2024-06-21,Meghalaya,unspecified,21.78895,91.48202,736.4,14.83,182.9,built-up,weathered_rock,35.2,95.0,164.2,117.6,37.1,0,n/a,0,low
SYN_E_00144,SYNTHETIC_NER,2015-12-04,Arunachal Pradesh,unspecified,26.33307,97.37262,1629.3,42.67,241.9,grassland,unknown,91.9,189.7,277.3,213.9,29.9,1,debris flow,0,low
SYN_E_01173,SYNTHETIC_NER,2025-12-26,Meghalaya,unspecified,27.64955,95.34467,1284.8,31.85,102.7,bare,weathered_rock,182.2,470.7,862.1,608.7,49.9,1,soil slide,0,low
SYN_N_02270,SYNTHETIC_NER,2020-06-02,Meghalaya,unspecified,27.46299,95.67496,815.3,2.0,338.0,built-up,weathered_rock,25.8,60.7,100.4,73.6,16.2,0,n/a,0,low
SYN_N_01451,SYNTHETIC_NER,2020-07-04,Arunachal Pradesh,unspecified,24.30585,96.16932,1717.1,19.82,301.6,cropland,residual_soil,14.2,42.4,66.6,48.9,19.2,0,n/a,0,low
SYN_E_00076,SYNTHETIC_NER,2020-08-26,Mizoram,unspecified,28.74722,97.22175,1790.1,38.33,198.1,forest,weathered_rock,61.6,176.7,384.4,257.5,47.5,1,soil slide,0,low
SYN_E_01110,SYNTHETIC_NER,2019-07-24,Tripura,unspecified,25.81676,95.81274,600.0,27.06,50.8,cropland,unknown,53.2,124.4,226.5,161.2,42.1,1,rock slide,0,low
SYN_E_00251,SYNTHETIC_NER,2019-07-07,Manipur,unspecified,24.29999,94.81445,1831.8,33.46,62.8,cropland,colluvium,36.3,90.1,136.9,102.7,40.0,1,rock slide,0,low
SYN_N_01115,SYNTHETIC_NER,2017-09-21,Mizoram,unspecified,26.61732,91.35601,1057.8,19.59,0.2,forest,residual_soil,17.1,38.4,76.8,53.3,25.2,0,n/a,0,low
SYN_E_00017,SYNTHETIC_NER,2017-09-07,Meghalaya,unspecified,29.35893,97.05349,1324.5,32.45,25.9,forest,residual_soil,140.3,429.5,939.6,626.7,34.5,1,debris flow,0,low
SYN_E_00298,SYNTHETIC_NER,2022-09-04,Mizoram,unspecified,27.88347,95.38321,1402.6,51.77,312.8,forest,colluvium,45.0,97.5,183.0,129.7,37.6,1,mudslide,0,low
SYN_N_01036,SYNTHETIC_NER,2025-07-13,Mizoram,unspecified,24.94405,97.34517,1561.8,5.15,180.2,forest,weathered_rock,17.6,51.4,101.5,69.7,32.4,0,n/a,0,low
SYN_N_01622,SYNTHETIC_NER,2021-11-08,Manipur,unspecified,27.04205,90.79785,831.7,39.37,296.3,forest,residual_soil,9.4,21.7,35.7,26.2,33.4,0,n/a,0,low
SYN_N_00564,SYNTHETIC_NER,2020-06-08,Tripura,unspecified,23.33202,94.81083,66.4,26.7,221.0,grassland,residual_soil,18.0,49.7,104.3,70.7,9.1,0,n/a,0,low
SYN_N_00538,SYNTHETIC_NER,2022-01-25,Arunachal Pradesh,unspecified,25.4661,95.8848,4099.4,32.17,210.7,forest,colluvium,9.4,24.3,36.3,27.3,18.0,0,n/a,0,low
SYN_E_00557,SYNTHETIC_NER,2022-10-25,Arunachal Pradesh,unspecified,27.23665,89.49218,4490.9,43.08,125.4,cropland,weathered_rock,60.6,114.6,192.0,142.5,39.4,1,rock slide,0,low
SYN_N_01996,SYNTHETIC_NER,2021-06-08,Meghalaya,unspecified,29.20133,93.69189,1212.5,19.82,294.0,forest,weathered_rock,34.6,88.5,182.1,124.5,24.4,0,n/a,0,low
SYN_N_00953,SYNTHETIC_NER,2025-06-05,Nagaland,unspecified,26.51306,92.26818,210.6,27.59,292.9,grassland,colluvium,17.2,54.7,110.5,75.1,24.0,0,n/a,0,low
SYN_N_00671,SYNTHETIC_NER,2024-08-23,Mizoram,unspecified,22.94247,90.69355,1931.8,16.27,143.6,cropland,weathered_rock,26.6,47.9,81.4,60.4,36.5,0,n/a,0,low
SYN_N_01023,SYNTHETIC_NER,2019-09-24,Tripura,unspecified,26.63565,92.10028,339.1,28.07,137.5,forest,residual_soil,21.4,45.9,96.1,66.1,27.2,0,n/a,0,low
SYN_N_01032,SYNTHETIC_NER,2024-02-16,Mizoram,unspecified,27.45125,91.33976,365.4,17.8,221.7,forest,colluvium,18.9,56.3,102.9,72.1,25.5,0,n/a,0,low
SYN_N_01937,SYNTHETIC_NER,2022-02-06,Nagaland,unspecified,27.78549,94.61099,599.4,25.03,356.3,grassland,residual_soil,19.5,55.5,93.8,67.4,12.9,0,n/a,0,low
SYN_E_00322,SYNTHETIC_NER,2021-07-05,Nagaland,unspecified,26.60339,97.0697,1564.6,23.84,261.7,forest,colluvium,44.0,107.0,174.2,128.0,36.2,1,rock slide,0,low
SYN_N_00202,SYNTHETIC_NER,2025-09-03,Meghalaya,unspecified,29.02406,95.70818,286.1,11.73,132.6,grassland,colluvium,73.6,222.2,402.5,282.6,27.4,0,n/a,0,low
SYN_N_00818,SYNTHETIC_NER,2020-09-04,Sikkim,unspecified,28.52566,89.1185,2269.1,12.24,207.4,bare,residual_soil,15.9,28.9,49.9,36.8,37.4,0,n/a,0,low
SYN_N_02101,SYNTHETIC_NER,2017-06-12,Arunachal Pradesh,unspecified,27.10257,97.17323,981.0,6.87,259.0,cropland,colluvium,13.7,30.3,63.4,43.6,16.5,0,n/a,0,low
SYN_N_01215,SYNTHETIC_NER,2023-05-27,Tripura,unspecified,22.63186,95.18936,519.3,15.25,53.7,grassland,weathered_rock,15.1,43.2,82.3,57.1,23.3,0,n/a,0,low
SYN_N_00369,SYNTHETIC_NER,2019-06-15,Arunachal Pradesh,unspecified,21.94183,96.43561,1937.1,30.01,250.1,cropland,unknown,27.5,67.9,99.1,75.4,20.3,0,n/a,0,low
SYN_E_00932,SYNTHETIC_NER,2015-08-09,Mizoram,unspecified,23.60039,94.77911,2041.2,42.09,103.2,forest,colluvium,34.7,77.7,123.7,92.1,31.0,1,mudslide,0,low
SYN_E_01075,SYNTHETIC_NER,2024-07-11,Meghalaya,unspecified,22.07413,92.865,1174.8,17.81,226.1,forest,residual_soil,156.2,283.7,436.2,334.5,28.8,1,debris flow,0,low
SYN_E_01034,SYNTHETIC_NER,2025-07-21,Assam,unspecified,26.21798,95.32219,37.6,39.82,202.2,forest,weathered_rock,64.9,139.7,207.0,158.4,41.5,1,debris flow,0,low
SYN_N_00481,SYNTHETIC_NER,2015-07-26,Meghalaya,unspecified,24.32672,94.21031,1466.6,34.28,297.5,bare,colluvium,34.7,99.3,142.0,107.7,13.2,0,n/a,0,low
SYN_N_01016,SYNTHETIC_NER,2023-07-13,Assam,unspecified,22.16625,91.92036,159.3,26.9,251.2,bare,residual_soil,12.9,24.5,43.3,31.6,23.9,0,n/a,0,low
SYN_N_00595,SYNTHETIC_NER,2015-09-14,Tripura,unspecified,25.79336,92.51812,86.1,19.66,263.1,cropland,colluvium,14.7,39.7,79.6,54.6,35.0,0,n/a,0,low
SYN_E_01023,SYNTHETIC_NER,2017-06-03,Sikkim,unspecified,26.98738,91.98238,4020.6,23.27,150.1,forest,residual_soil,37.9,70.9,129.3,93.5,43.2,1,mudslide,0,low
SYN_N_01394,SYNTHETIC_NER,2022-06-16,Nagaland,unspecified,29.16976,96.66769,3044.4,23.03,112.9,bare,weathered_rock,18.0,40.6,63.5,47.5,17.7,0,n/a,0,low
SYN_N_02357,SYNTHETIC_NER,2021-07-05,Mizoram,unspecified,26.56713,96.30397,998.7,25.97,154.8,forest,weathered_rock,16.2,50.1,70.6,53.6,33.0,0,n/a,0,low
SYN_E_00657,SYNTHETIC_NER,2022-06-15,Tripura,unspecified,25.20334,91.9369,488.6,40.31,37.3,forest,residual_soil,44.4,109.1,227.7,155.5,33.5,1,soil slide,0,low
SYN_E_00527,SYNTHETIC_NER,2019-06-17,Meghalaya,unspecified,24.48728,92.56862,752.8,32.63,259.5,grassland,residual_soil,102.8,229.7,351.9,265.4,34.2,1,debris flow,0,low
SYN_N_01056,SYNTHETIC_NER,2019-08-16,Tripura,unspecified,24.74844,94.00181,692.7,26.54,273.6,forest,residual_soil,11.4,23.1,33.6,26.0,29.4,0,n/a,0,low
SYN_N_02240,SYNTHETIC_NER,2025-07-12,Nagaland,unspecified,26.40942,92.68997,329.9,18.58,238.1,forest,residual_soil,4.4,11.0,20.9,14.6,13.9,0,n/a,0,low
SYN_N_00691,SYNTHETIC_NER,2020-05-01,Mizoram,unspecified,28.45885,88.45575,768.3,24.71,183.3,bare,weathered_rock,26.9,54.0,84.6,63.9,9.7,0,n/a,0,low
SYN_N_01047,SYNTHETIC_NER,2017-12-10,Sikkim,unspecified,21.5513,92.53736,2058.1,14.9,252.2,forest,colluvium,24.6,53.0,75.2,58.4,18.2,0,n/a,0,low
SYN_N_01525,SYNTHETIC_NER,2018-06-20,Mizoram,unspecified,28.94441,91.31357,1606.4,31.53,272.7,bare,residual_soil,0.0,0.0,0.0,0.0,36.5,0,n/a,0,low
SYN_N_01564,SYNTHETIC_NER,2015-06-07,Manipur,unspecified,22.78949,88.28845,2271.1,11.08,313.8,forest,colluvium,10.1,28.2,56.7,38.8,15.3,0,n/a,0,low
SYN_N_01875,SYNTHETIC_NER,2022-08-23,Tripura,unspecified,24.85792,89.03169,630.4,2.0,71.6,grassland,colluvium,16.5,36.6,76.3,52.4,20.4,0,n/a,0,low
SYN_E_00325,SYNTHETIC_NER,2016-07-06,Meghalaya,unspecified,28.00943,89.53033,396.0,46.66,74.8,forest,colluvium,152.1,306.9,566.3,405.6,47.8,1,mudslide,0,low
SYN_E_00432,SYNTHETIC_NER,2019-08-01,Sikkim,unspecified,27.13834,91.73458,3791.5,29.54,78.9,forest,weathered_rock,63.6,114.7,192.1,143.2,24.2,1,soil slide,0,low
SYN_E_00030,SYNTHETIC_NER,2017-06-12,Manipur,unspecified,24.83333,91.05468,2849.8,37.64,269.6,grassland,colluvium,24.9,73.7,151.7,102.9,36.1,1,debris flow,0,low
SYN_E_00457,SYNTHETIC_NER,2015-09-11,Tripura,unspecified,27.05253,96.13764,338.3,29.97,280.3,cropland,weathered_rock,44.6,115.8,199.3,143.3,31.8,1,mudslide,0,low
SYN_E_00229,SYNTHETIC_NER,2023-08-10,Meghalaya,unspecified,28.3526,94.92164,1724.3,45.5,169.8,forest,weathered_rock,187.3,412.0,726.1,524.1,44.1,1,soil slide,0,low
SYN_E_00203,SYNTHETIC_NER,2022-02-07,Tripura,unspecified,28.482,93.73044,654.7,39.23,63.5,cropland,residual_soil,27.8,56.0,88.1,66.4,29.6,1,debris flow,0,low
SYN_N_01422,SYNTHETIC_NER,2024-09-13,Arunachal Pradesh,unspecified,28.3929,91.12669,2026.0,19.76,227.1,forest,weathered_rock,38.9,106.0,212.6,145.9,24.0,0,n/a,0,low
SYN_E_00785,SYNTHETIC_NER,2016-01-07,Nagaland,unspecified,27.27195,96.25986,3735.5,37.18,201.3,bare,weathered_rock,33.8,85.6,170.7,117.8,26.6,1,debris flow,0,low
SYN_N_00283,SYNTHETIC_NER,2016-07-18,Mizoram,unspecified,23.36998,97.40269,372.8,30.3,341.5,forest,colluvium,29.4,83.0,159.4,110.5,22.5,0,n/a,0,low
SYN_N_01070,SYNTHETIC_NER,2022-07-07,Arunachal Pradesh,unspecified,28.04227,94.14576,4956.3,20.13,173.0,built-up,residual_soil,13.1,38.2,61.6,44.9,19.6,0,n/a,0,low
SYN_N_00382,SYNTHETIC_NER,2016-09-10,Meghalaya,unspecified,25.10319,94.78974,1735.9,19.43,232.5,forest,residual_soil,42.1,108.3,198.0,139.9,23.5,0,n/a,0,low
SYN_E_00693,SYNTHETIC_NER,2017-07-04,Arunachal Pradesh,unspecified,27.83491,95.2961,2719.4,38.74,176.0,grassland,colluvium,79.1,158.9,300.4,213.7,55.9,1,debris flow,0,low
SYN_N_01722,SYNTHETIC_NER,2021-08-11,Arunachal Pradesh,unspecified,24.81228,93.82034,1902.8,40.0,50.7,cropland,colluvium,36.7,114.1,240.4,161.8,9.5,0,n/a,0,low
SYN_N_00820,SYNTHETIC_NER,2024-07-03,Nagaland,unspecified,29.06263,95.30794,3353.9,24.97,151.3,built-up,weathered_rock,15.5,34.1,66.5,46.6,18.5,0,n/a,0,low
SYN_E_00192,SYNTHETIC_NER,2025-11-06,Nagaland,unspecified,26.80337,92.56029,1830.0,26.61,325.9,cropland,residual_soil,39.8,124.4,239.1,164.9,38.9,1,soil slide,0,low
SYN_N_01467,SYNTHETIC_NER,2015-10-08,Manipur,unspecified,27.79986,95.69557,2842.7,22.83,184.3,cropland,colluvium,10.0,28.5,46.9,34.0,31.5,0,n/a,0,low
SYN_N_00336,SYNTHETIC_NER,2018-08-27,Tripura,unspecified,22.01787,94.56095,282.1,13.31,53.6,cropland,colluvium,5.0,12.8,23.7,16.7,24.0,0,n/a,0,low
SYN_N_02272,SYNTHETIC_NER,2024-06-18,Sikkim,unspecified,21.89694,91.99932,2681.8,43.53,288.5,grassland,colluvium,17.6,52.9,112.2,75.5,23.1,0,n/a,0,low
SYN_N_01848,SYNTHETIC_NER,2022-05-21,Assam,unspecified,24.34482,92.39701,455.8,11.85,196.1,grassland,residual_soil,19.9,46.1,82.9,59.2,22.9,0,n/a,0,low
SYN_E_00166,SYNTHETIC_NER,2020-12-14,Mizoram,unspecified,22.97557,97.24681,1164.4,19.04,292.4,bare,colluvium,47.0,117.7,249.9,169.7,43.9,1,debris flow,0,low
SYN_N_01864,SYNTHETIC_NER,2024-07-10,Arunachal Pradesh,unspecified,26.47383,96.31404,3173.8,13.14,221.7,bare,weathered_rock,29.6,94.5,152.6,110.6,20.7,0,n/a,0,low
SYN_N_00536,SYNTHETIC_NER,2025-08-25,Sikkim,unspecified,29.25744,93.43687,3086.4,15.68,37.5,forest,weathered_rock,10.5,29.6,45.7,33.8,30.0,0,n/a,0,low
SYN_N_01625,SYNTHETIC_NER,2019-09-10,Meghalaya,unspecified,26.46917,88.54448,1306.1,26.12,232.8,bare,weathered_rock,120.9,284.7,476.6,347.9,21.0,0,n/a,0,low
SYN_N_01478,SYNTHETIC_NER,2015-07-17,Nagaland,unspecified,29.05921,88.05745,2424.0,30.54,52.8,cropland,colluvium,19.1,56.5,113.5,77.5,29.9,0,n/a,0,low
SYN_N_02056,SYNTHETIC_NER,2015-09-07,Arunachal Pradesh,unspecified,23.98271,88.96973,3846.6,31.5,214.8,forest,residual_soil,16.5,44.2,88.8,61.0,24.6,0,n/a,0,low
SYN_E_00976,SYNTHETIC_NER,2023-08-27,Assam,unspecified,22.44685,95.25038,209.5,19.48,310.8,forest,residual_soil,41.4,99.0,146.6,111.3,33.6,1,soil slide,0,low
SYN_N_00406,SYNTHETIC_NER,2015-06-22,Arunachal Pradesh,unspecified,23.94369,94.26322,1846.3,33.36,136.3,forest,colluvium,17.2,46.3,80.4,57.5,19.7,0,n/a,0,low
SYN_E_00321,SYNTHETIC_NER,2019-08-07,Assam,unspecified,26.13235,91.82896,308.6,48.58,89.9,forest,unknown,18.0,36.9,76.7,53.0,38.3,1,soil slide,0,low
SYN_N_00311,SYNTHETIC_NER,2023-09-13,Sikkim,unspecified,25.38848,88.97096,583.1,22.06,180.6,bare,colluvium,6.1,12.8,24.3,17.2,23.3,0,n/a,0,low
SYN_N_02230,SYNTHETIC_NER,2018-09-22,Mizoram,unspecified,26.66511,94.39147,1071.6,33.39,337.5,forest,colluvium,33.2,80.4,133.3,97.4,5.8,0,n/a,0,low
SYN_E_00194,SYNTHETIC_NER,2018-03-08,Arunachal Pradesh,unspecified,26.1891,89.12838,2298.1,32.32,284.1,forest,colluvium,67.2,187.2,286.2,212.7,32.7,1,debris flow,0,low
SYN_N_00242,SYNTHETIC_NER,2020-07-17,Meghalaya,unspecified,24.26194,94.25842,1517.2,32.21,279.4,cropland,weathered_rock,90.8,263.6,377.9,286.2,29.7,0,n/a,0,low
SYN_N_01804,SYNTHETIC_NER,2020-08-27,Tripura,unspecified,26.68821,96.69418,161.7,34.27,98.6,cropland,weathered_rock,2.4,7.4,11.2,8.3,25.5,0,n/a,0,low
SYN_N_01943,SYNTHETIC_NER,2017-05-04,Meghalaya,unspecified,23.21165,90.10278,1463.3,31.71,28.3,cropland,colluvium,75.1,233.2,335.9,253.0,9.2,0,n/a,0,low
SYN_E_01042,SYNTHETIC_NER,2022-06-07,Manipur,unspecified,29.44124,95.45327,2249.6,41.25,231.6,cropland,unknown,8.9,27.0,52.5,36.2,33.4,1,soil slide,0,low
SYN_N_02136,SYNTHETIC_NER,2018-07-24,Manipur,unspecified,28.30976,89.87473,2087.5,4.21,268.8,bare,residual_soil,8.9,22.5,40.2,28.6,23.8,0,n/a,0,low
SYN_E_00501,SYNTHETIC_NER,2015-08-24,Tripura,unspecified,28.02688,90.49201,156.5,32.92,194.9,cropland,unknown,20.5,51.4,75.4,57.2,33.4,1,rock slide,0,low
SYN_N_01479,SYNTHETIC_NER,2015-08-25,Nagaland,unspecified,28.79567,89.10554,2885.3,30.7,111.3,forest,residual_soil,16.7,35.7,65.7,46.9,30.2,0,n/a,0,low
SYN_N_02205,SYNTHETIC_NER,2017-09-11,Sikkim,unspecified,25.32201,97.11021,4479.6,29.88,301.5,grassland,colluvium,28.9,71.8,149.1,101.9,20.8,0,n/a,0,low
SYN_N_00877,SYNTHETIC_NER,2020-06-25,Sikkim,unspecified,23.22257,94.55225,837.1,27.8,242.6,grassland,residual_soil,11.1,20.3,44.2,30.4,20.3,0,n/a,0,low
SYN_N_00716,SYNTHETIC_NER,2017-11-27,Meghalaya,unspecified,25.93458,89.22735,1500.2,12.39,90.6,forest,residual_soil,20.1,62.0,91.7,68.5,11.9,0,n/a,0,low
SYN_N_00589,SYNTHETIC_NER,2017-07-13,Sikkim,unspecified,25.93259,96.88705,4280.6,13.94,129.5,forest,weathered_rock,9.2,29.1,58.6,39.9,25.1,0,n/a,0,low
SYN_N_02388,SYNTHETIC_NER,2021-08-06,Meghalaya,unspecified,27.1154,89.23855,735.3,9.78,51.8,forest,residual_soil,112.7,278.7,538.6,375.5,17.4,0,n/a,0,low
SYN_N_02271,SYNTHETIC_NER,2024-08-10,Mizoram,unspecified,25.50786,90.72824,2072.5,20.22,143.2,forest,weathered_rock,11.9,34.3,55.6,40.5,17.7,0,n/a,0,low
SYN_N_02163,SYNTHETIC_NER,2015-09-05,Mizoram,unspecified,29.28995,95.82629,453.5,4.37,1.9,cropland,unknown,12.9,31.4,48.6,36.3,26.6,0,n/a,0,low
SYN_N_00236,SYNTHETIC_NER,2020-06-03,Arunachal Pradesh,unspecified,28.36088,93.93509,494.1,30.57,201.5,cropland,colluvium,7.2,20.1,42.9,28.9,31.0,0,n/a,0,low
SYN_E_01006,SYNTHETIC_NER,2023-06-09,Sikkim,unspecified,25.82525,95.77998,4381.3,38.29,230.9,forest,weathered_rock,20.0,55.8,111.4,76.4,43.1,1,mudslide,0,low
SYN_E_01163,SYNTHETIC_NER,2024-06-02,Nagaland,unspecified,28.29931,89.90836,537.5,33.66,316.5,cropland,weathered_rock,36.2,106.7,173.5,126.0,44.7,1,soil slide,0,low
SYN_E_00080,SYNTHETIC_NER,2022-07-01,Arunachal Pradesh,unspecified,25.15238,91.74368,2130.3,24.62,291.7,forest,colluvium,41.2,74.9,119.7,90.6,31.7,1,debris flow,0,low
SYN_N_00432,SYNTHETIC_NER,2024-06-16,Assam,unspecified,25.99548,90.36528,447.9,26.64,59.7,grassland,residual_soil,3.2,8.7,13.5,10.0,16.4,0,n/a,0,low
SYN_E_00295,SYNTHETIC_NER,2020-06-18,Nagaland,unspecified,27.37547,94.39375,356.0,39.58,119.6,grassland,weathered_rock,54.3,100.0,191.7,136.7,38.3,1,debris flow,0,low
SYN_N_01066,SYNTHETIC_NER,2025-08-15,Arunachal Pradesh,unspecified,28.77661,96.61652,4748.9,33.34,283.7,forest,unknown,24.4,57.2,101.4,72.7,32.1,0,n/a,0,low
SYN_N_00517,SYNTHETIC_NER,2017-08-17,Sikkim,unspecified,25.9297,96.88456,1512.1,27.0,179.7,forest,colluvium,0.0,0.0,0.0,0.0,24.5,0,n/a,0,low
SYN_N_00378,SYNTHETIC_NER,2019-09-06,Mizoram,unspecified,28.9487,95.77024,1911.0,50.51,319.0,forest,weathered_rock,17.2,54.2,88.5,64.0,27.2,0,n/a,0,low
SYN_N_02397,SYNTHETIC_NER,2017-11-13,Tripura,unspecified,23.97069,91.87468,827.5,8.22,218.1,cropland,residual_soil,17.3,51.2,83.1,60.4,19.1,0,n/a,0,low
SYN_N_02035,SYNTHETIC_NER,2019-07-16,Assam,unspecified,25.66934,92.29611,60.8,20.39,343.9,forest,residual_soil,6.3,16.8,28.6,20.6,8.9,0,n/a,0,low
SYN_N_02120,SYNTHETIC_NER,2025-09-15,Mizoram,unspecified,21.88265,88.50784,930.0,24.16,205.7,cropland,colluvium,19.5,60.9,113.8,79.1,30.7,0,n/a,0,low
SYN_N_01423,SYNTHETIC_NER,2019-06-06,Assam,unspecified,27.19859,90.98929,73.6,21.09,281.8,cropland,residual_soil,11.9,30.2,60.3,41.6,26.6,0,n/a,0,low
SYN_N_00698,SYNTHETIC_NER,2025-01-22,Mizoram,unspecified,26.84663,88.93823,428.0,23.96,326.8,forest,unknown,12.1,28.9,52.4,37.3,9.1,0,n/a,0,low
SYN_E_00897,SYNTHETIC_NER,2017-06-24,Assam,unspecified,27.14012,91.14755,534.3,34.6,85.6,forest,residual_soil,36.6,75.0,155.8,107.7,38.0,1,debris flow,0,low
SYN_E_00463,SYNTHETIC_NER,2025-02-05,Manipur,unspecified,22.97388,96.38,2490.1,37.5,344.4,forest,residual_soil,21.4,56.3,103.5,72.9,28.4,1,soil slide,0,low
SYN_E_00840,SYNTHETIC_NER,2021-07-09,Mizoram,unspecified,27.05394,89.02912,664.7,28.93,288.4,cropland,residual_soil,57.9,110.4,173.4,131.4,41.4,1,debris flow,0,low
SYN_N_00447,SYNTHETIC_NER,2020-06-05,Sikkim,unspecified,27.6062,93.74299,2273.7,29.96,191.8,cropland,residual_soil,26.0,77.6,164.0,110.5,31.7,0,n/a,0,low
SYN_E_01187,SYNTHETIC_NER,2018-06-05,Nagaland,unspecified,24.34622,91.04864,1946.2,29.01,353.0,cropland,unknown,30.7,88.6,152.7,109.1,24.9,1,soil slide,0,low
SYN_N_00028,SYNTHETIC_NER,2018-07-24,Mizoram,unspecified,29.44734,89.91971,667.5,31.57,95.8,grassland,residual_soil,15.5,36.8,72.6,50.5,30.2,0,n/a,0,low
SYN_N_01170,SYNTHETIC_NER,2024-07-22,Arunachal Pradesh,unspecified,25.36093,93.26302,1171.6,16.03,227.1,forest,unknown,3.9,8.9,15.5,11.2,17.7,0,n/a,0,low
SYN_N_02316,SYNTHETIC_NER,2021-06-17,Tripura,unspecified,27.84198,97.23252,71.6,24.42,101.7,cropland,unknown,19.7,49.0,72.8,55.0,37.1,0,n/a,0,low
SYN_E_01117,SYNTHETIC_NER,2021-09-23,Nagaland,unspecified,29.21822,94.50773,1383.9,35.0,334.2,forest,colluvium,36.4,73.2,158.8,108.6,48.8,1,soil slide,0,low
SYN_N_01443,SYNTHETIC_NER,2019-09-23,Mizoram,unspecified,26.77762,93.76974,1593.5,27.83,252.0,forest,residual_soil,18.8,54.7,89.4,64.9,25.9,0,n/a,0,low
SYN_E_00257,SYNTHETIC_NER,2020-09-01,Assam,unspecified,21.93433,96.22862,57.6,32.09,8.2,cropland,weathered_rock,37.1,66.9,129.7,92.3,21.0,1,soil slide,0,low
SYN_N_00229,SYNTHETIC_NER,2019-08-09,Sikkim,unspecified,26.22323,91.95377,2862.2,15.89,38.0,grassland,residual_soil,12.0,35.5,72.7,49.4,29.7,0,n/a,0,low
SYN_N_00488,SYNTHETIC_NER,2024-09-05,Sikkim,unspecified,28.11817,91.67616,3830.5,15.95,333.7,forest,weathered_rock,0.0,0.0,0.0,0.0,18.1,0,n/a,0,low
SYN_N_02173,SYNTHETIC_NER,2025-08-26,Mizoram,unspecified,27.23568,90.85372,901.1,31.32,350.3,cropland,weathered_rock,4.0,8.1,17.8,12.2,39.8,0,n/a,0,low
SYN_N_00615,SYNTHETIC_NER,2024-08-21,Mizoram,unspecified,27.59434,90.40673,1371.1,11.06,291.9,built-up,residual_soil,13.6,26.0,43.4,32.2,29.9,0,n/a,0,low
SYN_N_01384,SYNTHETIC_NER,2023-07-27,Mizoram,unspecified,25.13718,97.01353,1112.7,12.22,212.4,forest,residual_soil,32.4,100.3,204.1,138.6,12.8,0,n/a,0,low
SYN_N_02222,SYNTHETIC_NER,2016-06-23,Tripura,unspecified,23.1722,93.18487,735.2,36.18,56.8,forest,residual_soil,15.5,48.9,103.2,69.4,30.0,0,n/a,0,low
SYN_E_00238,SYNTHETIC_NER,2017-08-12,Mizoram,unspecified,23.1135,94.94803,1901.8,26.6,290.0,forest,residual_soil,28.6,57.0,115.1,80.4,45.2,1,soil slide,0,low
SYN_E_00358,SYNTHETIC_NER,2015-09-22,Assam,unspecified,26.53358,93.67859,45.5,28.69,19.6,forest,residual_soil,58.8,168.9,279.2,202.0,37.6,1,debris flow,0,low
SYN_E_00736,SYNTHETIC_NER,2017-02-23,Tripura,unspecified,24.87076,92.12597,248.4,22.46,272.9,grassland,weathered_rock,41.5,127.4,241.1,167.1,36.0,1,soil slide,0,low
SYN_N_02119,SYNTHETIC_NER,2017-09-20,Arunachal Pradesh,unspecified,26.73204,93.34909,4138.6,6.0,206.1,bare,residual_soil,20.6,57.1,101.7,72.1,22.1,0,n/a,0,low
SYN_E_00511,SYNTHETIC_NER,2025-06-06,Tripura,unspecified,27.818,93.81985,232.7,32.15,292.8,forest,weathered_rock,28.2,80.7,172.6,116.1,43.8,1,debris flow,0,low
SYN_N_02198,SYNTHETIC_NER,2020-06-25,Sikkim,unspecified,21.78844,92.05141,3826.2,26.43,135.7,forest,weathered_rock,31.5,90.4,152.5,109.7,29.3,0,n/a,0,low
SYN_N_01671,SYNTHETIC_NER,2022-08-19,Tripura,unspecified,23.6389,91.55094,364.2,24.35,102.1,forest,residual_soil,1.1,3.1,5.5,3.9,23.8,0,n/a,0,low
SYN_E_00174,SYNTHETIC_NER,2023-06-12,Tripura,unspecified,24.15021,94.36589,305.5,21.03,158.1,grassland,weathered_rock,40.7,76.8,116.9,89.6,37.5,1,rock slide,0,low
SYN_E_00755,SYNTHETIC_NER,2019-09-16,Manipur,unspecified,27.25434,94.55737,1192.5,18.94,178.7,cropland,colluvium,41.3,111.8,223.0,153.3,39.5,1,debris flow,0,low
SYN_E_00214,SYNTHETIC_NER,2017-08-21,Tripura,unspecified,25.58529,90.89708,180.4,34.27,64.9,cropland,residual_soil,44.4,80.8,113.3,89.8,32.3,1,soil slide,0,low
SYN_E_00479,SYNTHETIC_NER,2020-09-03,Assam,unspecified,23.32235,94.42047,364.8,33.99,17.9,grassland,residual_soil,24.3,58.6,126.4,85.6,24.9,1,soil slide,0,low
SYN_N_01728,SYNTHETIC_NER,2018-10-14,Nagaland,unspecified,26.73157,88.7222,2168.9,16.62,175.6,cropland,residual_soil,6.5,20.3,37.4,26.1,14.6,0,n/a,0,low
SYN_E_00414,SYNTHETIC_NER,2023-09-25,Assam,unspecified,28.91551,97.24194,329.2,49.05,276.6,forest,unknown,40.0,94.3,199.5,136.0,28.4,1,soil slide,0,low
SYN_N_01040,SYNTHETIC_NER,2025-08-07,Mizoram,unspecified,25.76417,89.157,1675.6,22.33,28.3,forest,colluvium,1.4,2.9,5.1,3.7,30.1,0,n/a,0,low
SYN_E_00759,SYNTHETIC_NER,2022-06-06,Tripura,unspecified,25.54987,89.6803,911.0,55.7,231.7,grassland,colluvium,27.7,59.6,121.3,84.1,36.4,1,soil slide,0,low
SYN_E_00102,SYNTHETIC_NER,2020-08-26,Sikkim,unspecified,23.39362,93.01255,2912.6,27.01,24.3,bare,residual_soil,36.9,91.6,136.1,102.9,36.1,1,mudslide,2,low
SYN_N_01734,SYNTHETIC_NER,2015-07-03,Arunachal Pradesh,unspecified,23.53116,91.96225,4595.5,17.36,321.7,forest,residual_soil,4.5,9.0,15.3,11.2,19.9,0,n/a,0,low
SYN_N_00386,SYNTHETIC_NER,2017-09-17,Assam,unspecified,25.47053,91.86991,284.5,16.02,210.9,grassland,colluvium,1.2,3.6,7.5,5.1,30.1,0,n/a,0,low
SYN_E_00239,SYNTHETIC_NER,2024-07-04,Tripura,unspecified,23.40291,92.20401,51.4,32.68,228.7,forest,residual_soil,45.6,89.4,146.1,109.0,52.3,1,soil slide,0,low
SYN_E_00410,SYNTHETIC_NER,2020-05-18,Meghalaya,unspecified,29.37807,89.33938,796.2,25.9,147.9,bare,unknown,170.4,428.1,723.4,524.2,50.9,1,mudslide,1,low
SYN_E_00402,SYNTHETIC_NER,2018-08-01,Mizoram,unspecified,26.57862,88.03671,970.2,38.49,261.9,forest,unknown,45.9,99.0,160.9,119.3,45.5,1,debris flow,0,low
SYN_N_00364,SYNTHETIC_NER,2018-06-12,Meghalaya,unspecified,28.34904,91.9257,571.8,37.57,108.5,forest,residual_soil,36.2,114.3,161.0,122.0,33.1,0,n/a,0,low
SYN_N_01139,SYNTHETIC_NER,2019-09-25,Mizoram,unspecified,27.91569,95.74072,1272.1,19.02,353.9,forest,residual_soil,15.5,46.2,95.3,64.6,17.6,0,n/a,0,low
SYN_N_00424,SYNTHETIC_NER,2018-09-20,Mizoram,unspecified,27.37504,90.259,652.8,13.6,150.0,forest,residual_soil,4.5,13.1,26.5,18.1,33.1,0,n/a,0,low
SYN_N_00871,SYNTHETIC_NER,2022-07-03,Manipur,unspecified,25.65261,89.47362,1240.3,14.09,9.7,cropland,colluvium,10.9,29.0,54.4,38.1,20.0,0,n/a,0,low
SYN_N_01271,SYNTHETIC_NER,2022-09-22,Assam,unspecified,24.6684,94.34361,46.4,29.58,343.4,forest,colluvium,13.0,27.6,48.3,35.0,25.0,0,n/a,0,low
SYN_N_01093,SYNTHETIC_NER,2018-07-07,Sikkim,unspecified,29.48403,90.05363,2302.1,41.66,274.6,forest,colluvium,17.0,47.0,80.8,57.9,30.0,0,n/a,0,low
SYN_E_00044,SYNTHETIC_NER,2020-06-20,Assam,unspecified,21.97859,95.92972,596.3,33.24,56.1,cropland,unknown,39.9,118.7,177.3,132.3,34.7,1,soil slide,0,low
SYN_E_00045,SYNTHETIC_NER,2017-07-22,Arunachal Pradesh,unspecified,28.14015,97.27103,409.3,36.64,303.2,bare,residual_soil,108.9,328.3,645.5,443.0,40.9,1,soil slide,0,low
SYN_E_01037,SYNTHETIC_NER,2024-09-01,Assam,unspecified,28.26778,93.20927,151.2,37.39,20.0,grassland,residual_soil,51.1,113.1,198.1,143.2,31.7,1,soil slide,0,low
SYN_E_00332,SYNTHETIC_NER,2023-11-18,Mizoram,unspecified,24.23948,97.49515,406.5,32.68,109.0,forest,colluvium,59.4,110.6,174.2,132.1,33.8,1,debris flow,0,low
SYN_E_01068,SYNTHETIC_NER,2015-07-13,Mizoram,unspecified,24.93388,88.0337,860.9,32.11,148.6,forest,colluvium,25.0,75.6,124.9,90.1,38.5,1,soil slide,0,low
SYN_N_00863,SYNTHETIC_NER,2021-02-13,Meghalaya,unspecified,26.11806,95.93529,1523.5,24.77,338.9,bare,colluvium,113.6,210.6,308.6,240.2,17.5,0,n/a,0,low
SYN_N_00567,SYNTHETIC_NER,2022-11-09,Manipur,unspecified,22.83806,95.63187,2110.3,21.83,98.3,forest,unknown,7.4,15.4,24.9,18.6,33.9,0,n/a,0,low
SYN_E_01027,SYNTHETIC_NER,2024-08-11,Mizoram,unspecified,24.25096,97.36933,694.6,28.21,285.9,grassland,residual_soil,36.2,91.8,134.5,102.0,25.5,1,soil slide,0,low
SYN_E_01052,SYNTHETIC_NER,2017-09-22,Nagaland,unspecified,28.43009,90.32858,233.1,40.87,321.7,bare,colluvium,50.4,107.1,157.8,121.1,22.5,1,rock slide,0,low
SYN_E_00718,SYNTHETIC_NER,2020-06-19,Meghalaya,unspecified,27.93111,90.23409,555.5,22.73,265.3,forest,residual_soil,101.6,199.4,310.8,235.5,33.4,1,mudslide,0,low
SYN_E_00058,SYNTHETIC_NER,2020-08-24,Tripura,unspecified,23.467,94.93324,209.9,28.89,271.6,forest,colluvium,50.4,119.1,254.8,173.2,26.6,1,debris flow,0,low
SYN_N_02394,SYNTHETIC_NER,2019-07-11,Manipur,unspecified,22.40439,97.4563,1147.4,23.23,79.1,bare,weathered_rock,5.6,17.3,28.8,20.7,25.9,0,n/a,0,low
SYN_E_01011,SYNTHETIC_NER,2019-08-19,Sikkim,unspecified,23.32207,95.00123,4132.4,44.37,256.1,forest,weathered_rock,17.8,36.6,74.8,52.0,33.7,1,mudslide,0,low
SYN_N_02093,SYNTHETIC_NER,2019-06-17,Meghalaya,unspecified,26.05515,90.44002,469.0,13.19,42.6,forest,weathered_rock,36.8,73.3,104.3,81.5,31.5,0,n/a,0,low
SYN_N_01938,SYNTHETIC_NER,2019-09-14,Tripura,unspecified,27.13459,93.02684,123.5,20.02,90.8,cropland,unknown,9.0,18.5,36.2,25.4,23.0,0,n/a,0,low
SYN_N_00411,SYNTHETIC_NER,2015-04-07,Meghalaya,unspecified,28.43266,91.47432,1929.8,23.35,180.4,forest,colluvium,64.3,200.9,422.2,284.2,25.4,0,n/a,0,low
SYN_N_01261,SYNTHETIC_NER,2018-09-10,Manipur,unspecified,22.92409,92.70141,1262.9,27.24,331.2,grassland,colluvium,11.4,22.6,44.2,31.1,31.5,0,n/a,0,low
SYN_N_00802,SYNTHETIC_NER,2016-06-17,Sikkim,unspecified,25.50178,88.94496,3824.1,10.93,323.5,forest,colluvium,17.5,40.0,70.6,50.8,27.2,0,n/a,0,low
SYN_N_01189,SYNTHETIC_NER,2017-06-19,Assam,unspecified,21.84819,93.24961,519.0,20.97,266.5,cropland,residual_soil,22.1,45.8,69.7,53.0,31.1,0,n/a,0,low
SYN_N_00195,SYNTHETIC_NER,2025-02-14,Mizoram,unspecified,27.08092,89.53303,544.0,15.51,351.9,forest,residual_soil,13.8,33.4,52.0,38.8,12.3,0,n/a,0,low
SYN_N_01433,SYNTHETIC_NER,2023-03-04,Meghalaya,unspecified,25.57665,96.36366,1599.1,26.97,351.3,forest,colluvium,47.1,134.2,222.2,160.7,33.8,0,n/a,0,low
SYN_E_00309,SYNTHETIC_NER,2025-09-07,Assam,unspecified,23.58938,97.04448,506.0,33.53,148.2,grassland,residual_soil,43.1,82.8,141.2,104.1,37.6,1,mudslide,0,low
SYN_N_00845,SYNTHETIC_NER,2021-06-22,Mizoram,unspecified,23.31795,88.2083,404.7,21.57,288.3,bare,weathered_rock,18.8,47.2,87.1,61.5,32.9,0,n/a,0,low
SYN_N_00232,SYNTHETIC_NER,2025-04-15,Meghalaya,unspecified,29.48004,96.60814,981.8,19.41,115.3,forest,weathered_rock,97.0,180.3,270.6,208.8,29.5,0,n/a,0,low
SYN_N_00465,SYNTHETIC_NER,2020-06-18,Meghalaya,unspecified,28.31863,92.90055,395.8,15.37,290.5,forest,colluvium,28.6,54.3,85.9,65.0,30.4,0,n/a,0,low
SYN_E_01116,SYNTHETIC_NER,2016-11-07,Arunachal Pradesh,unspecified,22.10663,89.11232,2950.0,32.24,352.3,grassland,weathered_rock,59.7,129.3,281.5,191.5,41.7,1,soil slide,0,low
SYN_N_00957,SYNTHETIC_NER,2025-09-10,Meghalaya,unspecified,29.45953,89.29001,1441.1,40.37,113.1,grassland,residual_soil,39.4,92.6,146.8,109.1,24.2,0,n/a,0,low
SYN_N_01595,SYNTHETIC_NER,2025-10-04,Assam,unspecified,24.28484,93.28157,589.7,2.0,249.5,built-up,colluvium,19.9,51.0,73.3,55.9,25.8,0,n/a,0,low
SYN_E_00794,SYNTHETIC_NER,2022-06-08,Manipur,unspecified,21.76305,92.01663,2808.3,33.58,135.9,cropland,colluvium,45.4,99.2,209.4,143.5,54.5,1,debris flow,0,low
SYN_N_00227,SYNTHETIC_NER,2021-10-08,Assam,unspecified,29.26112,88.33761,488.5,34.85,157.5,forest,residual_soil,19.9,60.5,124.4,84.4,26.4,0,n/a,0,low
SYN_N_00290,SYNTHETIC_NER,2015-11-17,Nagaland,unspecified,23.74367,93.86737,3439.1,26.14,140.3,forest,colluvium,3.7,11.0,23.0,15.6,34.8,0,n/a,0,low
SYN_N_00268,SYNTHETIC_NER,2023-06-13,Meghalaya,unspecified,27.14668,91.04361,1272.4,22.26,335.3,bare,colluvium,36.4,75.9,114.3,87.2,17.6,0,n/a,0,low
SYN_E_00712,SYNTHETIC_NER,2024-07-07,Tripura,unspecified,26.4614,89.95476,40.2,31.39,339.6,forest,residual_soil,40.0,126.2,266.7,179.2,36.4,1,soil slide,0,low
SYN_E_00538,SYNTHETIC_NER,2025-08-16,Nagaland,unspecified,25.27182,88.00427,377.0,14.59,331.5,forest,colluvium,27.1,53.3,87.7,65.2,37.3,1,mudslide,0,low
SYN_N_00033,SYNTHETIC_NER,2017-09-20,Mizoram,unspecified,26.43949,96.85585,714.8,16.75,101.8,forest,residual_soil,13.7,39.5,66.3,47.8,25.2,0,n/a,0,low
SYN_N_00011,SYNTHETIC_NER,2018-09-12,Assam,unspecified,29.2134,92.30962,361.9,15.64,326.5,forest,residual_soil,22.8,64.5,133.2,90.5,33.9,0,n/a,0,low
SYN_E_00781,SYNTHETIC_NER,2025-01-03,Tripura,unspecified,23.19269,88.91399,307.3,34.23,209.8,forest,unknown,43.2,91.0,138.5,105.2,50.7,1,soil slide,0,low
SYN_N_01491,SYNTHETIC_NER,2022-09-06,Sikkim,unspecified,24.18123,89.69926,4291.7,13.96,76.1,cropland,colluvium,13.0,38.0,63.0,45.5,17.1,0,n/a,0,low
SYN_E_00188,SYNTHETIC_NER,2024-08-03,Meghalaya,unspecified,22.05151,93.63673,470.1,31.14,356.1,bare,residual_soil,121.1,378.0,745.4,510.3,40.5,1,debris flow,1,low
SYN_N_00357,SYNTHETIC_NER,2019-06-19,Mizoram,unspecified,22.2467,90.09687,865.7,22.02,259.1,forest,unknown,12.9,33.2,47.3,36.2,20.2,0,n/a,0,low
SYN_N_01617,SYNTHETIC_NER,2017-09-25,Meghalaya,unspecified,21.80392,90.76697,181.4,41.67,102.0,forest,unknown,77.9,194.0,396.2,271.9,23.7,0,n/a,0,low
SYN_N_02360,SYNTHETIC_NER,2021-08-19,Assam,unspecified,26.27849,97.30176,216.9,17.24,76.4,grassland,weathered_rock,22.8,53.0,75.5,58.2,35.7,0,n/a,0,low
SYN_N_00949,SYNTHETIC_NER,2017-07-27,Tripura,unspecified,22.60632,88.0799,193.8,22.64,355.2,forest,residual_soil,19.5,59.9,84.0,63.9,15.5,0,n/a,0,low
SYN_N_01486,SYNTHETIC_NER,2015-07-14,Assam,unspecified,24.82718,94.26138,384.8,24.46,140.8,forest,weathered_rock,19.4,38.9,58.8,44.9,18.9,0,n/a,0,low
SYN_N_02178,SYNTHETIC_NER,2023-01-27,Mizoram,unspecified,25.15967,92.26479,879.8,35.58,307.3,cropland,residual_soil,4.0,12.4,23.1,16.1,19.7,0,n/a,0,low
SYN_N_01770,SYNTHETIC_NER,2025-10-17,Sikkim,unspecified,25.47976,91.84154,4720.1,25.14,230.2,forest,residual_soil,13.2,31.7,68.1,46.2,12.0,0,n/a,0,low
SYN_E_00354,SYNTHETIC_NER,2022-10-27,Arunachal Pradesh,unspecified,28.58596,91.31856,4103.8,24.42,235.3,forest,colluvium,57.9,164.3,328.5,225.1,37.9,1,mudslide,0,low
SYN_E_00240,SYNTHETIC_NER,2024-07-11,Meghalaya,unspecified,28.26366,89.03602,1148.0,36.11,250.2,forest,unknown,113.1,257.5,537.5,368.6,52.7,1,debris flow,0,low
SYN_E_00790,SYNTHETIC_NER,2021-04-22,Assam,unspecified,27.62526,96.28667,102.7,38.92,330.0,forest,weathered_rock,44.6,94.2,176.0,125.2,34.1,1,mudslide,0,low
SYN_N_01900,SYNTHETIC_NER,2017-07-25,Sikkim,unspecified,27.99469,95.32211,2589.2,14.4,350.1,forest,residual_soil,8.1,23.4,44.6,30.9,23.4,0,n/a,0,low
SYN_E_00965,SYNTHETIC_NER,2024-09-27,Nagaland,unspecified,24.9305,95.92102,815.8,25.08,208.6,cropland,residual_soil,39.6,119.9,213.5,150.6,41.8,1,soil slide,0,low
SYN_N_02287,SYNTHETIC_NER,2021-07-24,Mizoram,unspecified,25.93295,91.79677,649.4,11.89,76.3,forest,colluvium,25.8,47.4,69.1,53.9,14.8,0,n/a,0,low
SYN_N_01192,SYNTHETIC_NER,2020-01-12,Sikkim,unspecified,26.44008,94.74605,1549.5,24.59,174.2,forest,residual_soil,20.2,63.1,122.2,84.1,9.6,0,n/a,0,low
SYN_E_01001,SYNTHETIC_NER,2024-09-15,Tripura,unspecified,22.59704,96.8447,226.3,41.09,228.6,grassland,unknown,37.1,88.9,149.0,108.6,43.1,1,mudslide,0,low
SYN_E_00578,SYNTHETIC_NER,2025-09-03,Arunachal Pradesh,unspecified,26.92018,88.22478,1566.0,29.62,291.4,bare,weathered_rock,40.6,87.0,126.4,97.4,53.4,1,soil slide,0,low
SYN_E_00554,SYNTHETIC_NER,2022-06-21,Arunachal Pradesh,unspecified,28.66916,97.25441,1350.5,34.56,18.6,grassland,colluvium,36.7,88.4,137.6,102.7,36.4,1,soil slide,0,low
SYN_E_00478,SYNTHETIC_NER,2023-09-17,Tripura,unspecified,29.16782,90.44337,808.0,20.88,219.7,forest,colluvium,35.0,80.0,167.0,114.5,29.2,1,mudslide,0,low
SYN_N_02288,SYNTHETIC_NER,2018-09-27,Nagaland,unspecified,25.61867,89.86823,853.5,27.45,227.5,forest,residual_soil,1.8,4.9,6.9,5.3,6.3,0,n/a,0,low
SYN_N_00426,SYNTHETIC_NER,2017-09-08,Mizoram,unspecified,23.36771,95.70332,601.0,24.51,44.8,forest,weathered_rock,14.5,41.3,74.4,52.5,31.6,0,n/a,0,low
SYN_N_01431,SYNTHETIC_NER,2025-06-06,Manipur,unspecified,28.86831,92.15113,2405.6,22.05,61.9,bare,colluvium,23.9,62.1,89.9,68.4,37.2,0,n/a,0,low
SYN_E_00152,SYNTHETIC_NER,2025-07-02,Arunachal Pradesh,unspecified,25.86843,93.85807,1354.1,30.86,105.1,forest,weathered_rock,63.6,197.7,425.0,284.5,46.9,1,debris flow,0,low
SYN_N_01540,SYNTHETIC_NER,2023-06-05,Meghalaya,unspecified,24.01651,93.5239,1394.1,15.87,267.3,forest,colluvium,2.2,6.2,12.6,8.6,25.8,0,n/a,0,low
SYN_N_01059,SYNTHETIC_NER,2024-07-27,Meghalaya,unspecified,26.18457,95.53138,1000.9,33.58,124.4,cropland,weathered_rock,61.3,166.5,364.6,244.5,32.0,0,n/a,0,low
SYN_N_01712,SYNTHETIC_NER,2022-09-11,Meghalaya,unspecified,24.42885,94.8594,1429.1,20.02,303.4,forest,colluvium,72.3,189.0,354.3,248.3,26.6,0,n/a,0,low
SYN_N_00712,SYNTHETIC_NER,2017-08-26,Sikkim,unspecified,26.68923,93.11122,2882.9,24.88,147.7,cropland,unknown,12.0,26.9,46.4,33.7,19.6,0,n/a,0,low
SYN_E_00256,SYNTHETIC_NER,2020-09-27,Tripura,unspecified,27.47025,89.17943,572.4,34.04,119.5,grassland,colluvium,36.7,103.8,175.7,126.3,46.2,1,debris flow,0,low
SYN_N_00672,SYNTHETIC_NER,2021-09-15,Mizoram,unspecified,24.9189,89.49957,1004.3,6.92,77.9,forest,colluvium,3.1,5.7,8.3,6.5,18.1,0,n/a,0,low
SYN_E_00346,SYNTHETIC_NER,2018-06-23,Arunachal Pradesh,unspecified,29.3169,92.9057,3421.7,40.18,138.7,forest,colluvium,46.5,121.5,215.3,153.4,18.0,1,mudslide,0,low
SYN_N_00338,SYNTHETIC_NER,2016-03-13,Tripura,unspecified,21.66592,90.63017,938.4,30.34,198.8,cropland,residual_soil,20.1,40.9,81.7,57.2,22.0,0,n/a,0,low
SYN_N_00607,SYNTHETIC_NER,2019-07-14,Sikkim,unspecified,28.5634,95.21482,1554.9,2.0,52.7,forest,unknown,22.5,68.6,96.9,73.5,38.8,0,n/a,0,low
SYN_E_00776,SYNTHETIC_NER,2025-05-02,Manipur,unspecified,26.65993,89.19238,2232.6,31.08,61.1,cropland,residual_soil,46.7,130.3,204.7,150.8,48.5,1,soil slide,0,low
SYN_N_01312,SYNTHETIC_NER,2018-05-10,Mizoram,unspecified,22.26224,96.27888,1631.8,15.27,44.3,cropland,colluvium,11.1,27.1,45.0,32.9,44.2,0,n/a,0,low
SYN_N_01317,SYNTHETIC_NER,2018-08-26,Nagaland,unspecified,22.21855,89.41108,3734.6,13.27,93.2,grassland,weathered_rock,11.2,33.7,65.2,44.9,27.9,0,n/a,0,low
SYN_E_01104,SYNTHETIC_NER,2016-08-04,Mizoram,unspecified,24.17252,95.91868,358.6,26.94,287.2,grassland,residual_soil,34.4,64.6,123.2,87.9,41.7,1,soil slide,0,low
SYN_N_00506,SYNTHETIC_NER,2025-06-14,Nagaland,unspecified,27.19059,88.24705,3143.9,19.66,85.1,forest,weathered_rock,12.2,33.9,53.4,39.3,19.2,0,n/a,0,low
SYN_N_01754,SYNTHETIC_NER,2023-09-22,Mizoram,unspecified,28.99081,94.70575,1224.4,27.6,38.4,grassland,weathered_rock,4.6,10.2,17.4,12.7,23.1,0,n/a,0,low
SYN_N_00224,SYNTHETIC_NER,2016-06-21,Assam,unspecified,27.81236,90.88274,224.9,27.81,47.6,grassland,residual_soil,14.3,43.6,84.0,58.0,16.9,0,n/a,0,low
SYN_N_01287,SYNTHETIC_NER,2016-08-08,Meghalaya,unspecified,24.74612,97.3385,529.8,22.26,132.3,built-up,unknown,14.8,46.3,86.4,60.0,17.9,0,n/a,0,low
SYN_N_00220,SYNTHETIC_NER,2019-07-22,Nagaland,unspecified,22.86786,89.50785,3785.9,14.61,159.1,forest,colluvium,14.9,31.5,63.8,44.3,33.0,0,n/a,0,low
SYN_E_00178,SYNTHETIC_NER,2022-07-18,Arunachal Pradesh,unspecified,27.13567,88.74346,2611.5,26.65,272.9,built-up,residual_soil,41.6,121.0,217.0,153.1,48.3,1,rock slide,0,low
SYN_N_01615,SYNTHETIC_NER,2020-09-15,Manipur,unspecified,28.1239,95.75226,1744.1,16.16,262.5,forest,colluvium,11.6,23.1,45.2,31.8,31.2,0,n/a,0,low
SYN_N_00783,SYNTHETIC_NER,2020-06-08,Sikkim,unspecified,24.75331,89.1037,2093.9,13.6,7.7,forest,residual_soil,31.5,79.4,172.6,116.4,33.9,0,n/a,0,low
SYN_E_01061,SYNTHETIC_NER,2015-09-25,Tripura,unspecified,21.71694,92.59958,814.0,36.66,289.7,grassland,residual_soil,50.7,105.1,228.4,155.9,24.5,1,soil slide,0,low
SYN_E_00573,SYNTHETIC_NER,2019-12-18,Assam,unspecified,27.45427,94.90335,197.1,23.15,95.4,forest,unknown,35.4,68.7,100.1,77.7,43.4,1,debris flow,0,low
SYN_N_00068,SYNTHETIC_NER,2015-09-16,Arunachal Pradesh,unspecified,25.88447,90.95029,3220.9,27.62,307.5,forest,residual_soil,24.7,59.6,108.7,77.2,36.3,0,n/a,0,low
SYN_E_01080,SYNTHETIC_NER,2021-08-23,Arunachal Pradesh,unspecified,21.94856,92.82098,3215.6,43.14,315.1,built-up,weathered_rock,75.8,232.2,376.2,272.9,56.9,1,mudslide,0,low
SYN_N_01500,SYNTHETIC_NER,2023-09-09,Assam,unspecified,29.14687,96.65863,384.3,15.66,107.2,grassland,residual_soil,17.1,45.8,78.4,56.4,23.3,0,n/a,0,low
SYN_N_00526,SYNTHETIC_NER,2019-03-23,Manipur,unspecified,23.31837,96.22669,1063.8,29.93,340.2,cropland,colluvium,11.5,31.1,49.0,36.1,20.0,0,n/a,0,low
SYN_N_00084,SYNTHETIC_NER,2015-07-06,Meghalaya,unspecified,24.52486,96.66397,1375.4,49.88,279.8,forest,weathered_rock,75.6,223.6,488.6,326.5,16.2,0,n/a,0,low
SYN_E_01123,SYNTHETIC_NER,2024-12-25,Meghalaya,unspecified,25.7848,88.25417,565.9,49.37,27.4,built-up,weathered_rock,144.2,383.1,745.9,516.7,45.9,1,debris flow,0,low
SYN_N_01995,SYNTHETIC_NER,2015-09-05,Nagaland,unspecified,24.83217,94.13289,477.5,31.75,61.6,grassland,residual_soil,19.0,40.8,63.5,47.8,29.8,0,n/a,0,low
SYN_E_00705,SYNTHETIC_NER,2024-09-08,Nagaland,unspecified,23.37682,97.10992,1021.2,36.82,166.8,bare,residual_soil,20.6,51.6,86.8,63.0,48.2,1,soil slide,0,low
SYN_E_00014,SYNTHETIC_NER,2018-03-06,Tripura,unspecified,27.34909,95.43812,213.6,20.97,205.2,forest,unknown,50.7,128.0,255.1,176.1,32.0,1,mudslide,0,low
SYN_E_00985,SYNTHETIC_NER,2023-06-20,Tripura,unspecified,29.24533,94.80266,694.6,41.88,292.5,grassland,weathered_rock,56.2,123.5,174.5,135.5,37.9,1,rock slide,0,low
SYN_E_00173,SYNTHETIC_NER,2019-07-27,Tripura,unspecified,26.42108,91.6234,79.1,21.58,14.0,cropland,residual_soil,37.4,85.5,184.9,125.6,44.3,1,mudslide,0,low
SYN_N_02228,SYNTHETIC_NER,2019-07-04,Arunachal Pradesh,unspecified,25.28044,90.34525,4319.5,23.31,343.0,forest,residual_soil,15.0,44.0,62.0,47.2,30.0,0,n/a,0,low
SYN_N_01563,SYNTHETIC_NER,2018-06-01,Arunachal Pradesh,unspecified,29.26671,90.83195,1334.3,12.58,282.4,forest,colluvium,32.8,90.9,191.9,129.8,23.2,0,n/a,0,low
SYN_E_00331,SYNTHETIC_NER,2025-08-19,Mizoram,unspecified,29.04233,88.44315,1067.7,24.46,212.0,cropland,weathered_rock,42.4,122.1,175.0,132.6,36.1,1,debris flow,0,low
SYN_E_00691,SYNTHETIC_NER,2025-06-04,Sikkim,unspecified,21.98451,88.73141,1632.9,28.53,215.0,cropland,colluvium,25.4,49.2,93.9,66.8,52.9,1,mudslide,0,low
SYN_E_00430,SYNTHETIC_NER,2015-08-21,Assam,unspecified,29.21633,96.87406,144.3,42.94,70.1,grassland,residual_soil,35.9,111.7,215.9,148.6,26.9,1,debris flow,0,low
SYN_N_01386,SYNTHETIC_NER,2016-05-08,Nagaland,unspecified,25.05738,93.3897,2792.6,13.07,61.1,grassland,weathered_rock,8.6,24.0,44.9,31.4,27.3,0,n/a,0,low
SYN_N_02374,SYNTHETIC_NER,2024-08-09,Tripura,unspecified,28.92771,95.07141,853.3,29.25,273.6,grassland,colluvium,7.3,22.4,46.3,31.3,18.5,0,n/a,0,low
SYN_N_02177,SYNTHETIC_NER,2023-07-01,Meghalaya,unspecified,22.09708,96.30193,1168.5,32.34,22.7,cropland,weathered_rock,32.3,69.9,110.7,82.8,23.5,0,n/a,0,low
SYN_N_01640,SYNTHETIC_NER,2024-08-19,Manipur,unspecified,23.07317,91.27096,1876.8,31.85,264.1,built-up,weathered_rock,7.5,15.3,31.0,21.6,31.7,0,n/a,0,low
SYN_N_00859,SYNTHETIC_NER,2024-08-17,Tripura,unspecified,25.06663,93.01486,115.3,10.17,160.5,forest,colluvium,16.5,34.9,49.0,38.3,33.5,0,n/a,0,low
SYN_N_00477,SYNTHETIC_NER,2020-07-05,Mizoram,unspecified,28.8492,92.08599,461.2,27.38,94.9,forest,unknown,15.8,38.2,76.1,52.7,42.5,0,n/a,0,low
SYN_N_00246,SYNTHETIC_NER,2025-08-20,Arunachal Pradesh,unspecified,28.92753,95.55612,1395.6,43.71,306.6,cropland,colluvium,23.3,66.1,109.7,79.3,28.6,0,n/a,0,low
SYN_E_00544,SYNTHETIC_NER,2024-07-23,Sikkim,unspecified,23.45999,93.44329,891.2,28.33,219.9,cropland,weathered_rock,42.4,111.0,243.0,163.3,30.1,1,soil slide,1,low
SYN_E_01161,SYNTHETIC_NER,2018-08-10,Manipur,unspecified,23.16656,95.90584,1613.8,47.76,104.9,built-up,residual_soil,19.4,61.2,114.7,79.6,43.2,1,mudslide,0,low
SYN_N_02032,SYNTHETIC_NER,2025-07-05,Mizoram,unspecified,25.08126,90.5964,1990.1,17.62,156.9,cropland,residual_soil,11.3,27.0,43.9,32.3,26.9,0,n/a,0,low
SYN_N_00089,SYNTHETIC_NER,2015-08-15,Sikkim,unspecified,22.56442,94.7267,4767.6,38.59,260.5,cropland,unknown,8.0,23.2,44.5,30.8,21.2,0,n/a,0,low
SYN_N_01026,SYNTHETIC_NER,2017-08-20,Tripura,unspecified,21.63824,92.96552,929.3,19.19,131.7,grassland,residual_soil,0.0,0.0,0.0,0.0,15.7,0,n/a,0,low
SYN_E_00450,SYNTHETIC_NER,2025-08-04,Arunachal Pradesh,unspecified,26.3084,89.86324,3673.4,39.53,244.6,forest,residual_soil,57.3,161.5,347.1,233.5,40.3,1,rock slide,0,low
SYN_N_01844,SYNTHETIC_NER,2018-09-16,Nagaland,unspecified,21.54142,92.31089,226.9,21.6,163.0,bare,colluvium,18.0,39.7,83.8,57.4,26.0,0,n/a,0,low
SYN_N_00548,SYNTHETIC_NER,2024-06-03,Meghalaya,unspecified,21.50817,93.76178,571.9,25.99,117.2,cropland,colluvium,78.5,165.4,252.5,191.6,16.7,0,n/a,0,low
SYN_N_01293,SYNTHETIC_NER,2015-06-16,Mizoram,unspecified,28.64817,95.81929,738.5,8.86,109.4,forest,unknown,9.2,26.3,42.2,30.9,30.9,0,n/a,0,low
SYN_E_00324,SYNTHETIC_NER,2024-04-20,Arunachal Pradesh,unspecified,27.1459,96.2839,4417.7,39.33,237.1,grassland,residual_soil,29.4,65.0,115.1,82.9,38.2,1,debris flow,1,low
SYN_E_01022,SYNTHETIC_NER,2016-11-20,Sikkim,unspecified,25.69094,89.84478,738.9,24.59,197.9,cropland,colluvium,58.3,156.5,324.3,220.7,29.4,1,soil slide,0,low
SYN_E_00486,SYNTHETIC_NER,2019-08-12,Mizoram,unspecified,25.25791,96.10246,1205.5,36.94,326.7,bare,residual_soil,42.8,86.2,169.9,119.4,37.0,1,rock slide,0,low
SYN_E_01146,SYNTHETIC_NER,2015-08-15,Nagaland,unspecified,27.73663,94.17218,3798.8,36.12,32.3,cropland,weathered_rock,30.4,89.1,129.5,97.5,43.7,1,soil slide,0,low
SYN_E_00818,SYNTHETIC_NER,2016-07-13,Tripura,unspecified,28.0554,90.10229,69.1,30.25,63.4,forest,residual_soil,48.0,117.6,168.4,129.1,33.2,1,debris flow,0,low
SYN_E_00063,SYNTHETIC_NER,2024-07-26,Arunachal Pradesh,unspecified,21.94168,91.30862,1750.6,32.04,311.4,forest,residual_soil,36.0,93.1,167.3,118.7,45.0,1,debris flow,0,low
SYN_E_00266,SYNTHETIC_NER,2017-07-23,Manipur,unspecified,22.05533,94.87239,2417.5,29.0,269.5,cropland,residual_soil,27.3,71.4,117.1,85.4,41.1,1,mudslide,0,low
SYN_N_00528,SYNTHETIC_NER,2015-07-20,Manipur,unspecified,22.50198,92.60936,1115.8,27.53,37.9,grassland,residual_soil,3.5,7.2,15.0,10.4,12.5,0,n/a,0,low
SYN_E_00925,SYNTHETIC_NER,2025-07-12,Arunachal Pradesh,unspecified,25.67146,96.17124,2625.6,35.97,348.5,forest,colluvium,18.8,53.4,88.1,63.8,27.7,1,rock slide,0,low
SYN_E_00157,SYNTHETIC_NER,2025-06-24,Nagaland,unspecified,28.17538,92.97253,3706.8,39.42,326.6,bare,weathered_rock,20.1,54.3,79.0,59.8,35.9,1,debris flow,0,low
SYN_E_00857,SYNTHETIC_NER,2018-06-24,Assam,unspecified,29.13073,88.95726,475.9,38.86,124.9,cropland,residual_soil,38.1,118.3,174.0,130.1,35.9,1,mudslide,0,low
SYN_E_00368,SYNTHETIC_NER,2024-05-24,Assam,unspecified,27.88434,96.85129,359.8,30.08,150.3,grassland,residual_soil,26.7,64.8,120.4,85.0,40.7,1,debris flow,0,low
SYN_E_00061,SYNTHETIC_NER,2016-06-12,Tripura,unspecified,27.79513,96.67496,784.9,23.56,88.8,grassland,colluvium,38.5,100.8,173.0,124.4,36.1,1,debris flow,0,low
SYN_N_01778,SYNTHETIC_NER,2017-08-13,Mizoram,unspecified,27.99331,95.93329,1072.8,26.63,249.7,grassland,residual_soil,27.6,83.2,169.8,115.4,37.4,0,n/a,0,low
SYN_N_01371,SYNTHETIC_NER,2023-06-26,Manipur,unspecified,24.7301,92.00313,2538.6,30.07,227.9,bare,weathered_rock,21.2,41.2,77.8,55.5,20.5,0,n/a,0,low
SYN_N_01824,SYNTHETIC_NER,2022-06-16,Meghalaya,unspecified,23.89346,95.43693,327.3,15.92,306.5,forest,residual_soil,86.8,161.7,234.8,183.3,30.5,0,n/a,0,low
SYN_E_00254,SYNTHETIC_NER,2021-09-15,Tripura,unspecified,22.90148,90.08529,312.3,22.87,172.0,bare,colluvium,31.9,101.1,165.8,119.6,40.8,1,debris flow,0,low
SYN_N_01241,SYNTHETIC_NER,2024-06-11,Meghalaya,unspecified,22.12666,88.09976,1116.1,7.65,334.1,forest,unknown,61.0,132.6,201.5,152.7,10.0,0,n/a,0,low
SYN_N_01591,SYNTHETIC_NER,2018-08-18,Assam,unspecified,24.09637,90.75075,468.1,19.69,155.5,forest,colluvium,32.9,75.7,142.2,100.4,24.2,0,n/a,0,low
SYN_N_01354,SYNTHETIC_NER,2015-06-18,Arunachal Pradesh,unspecified,25.35047,95.48055,4625.1,24.62,142.4,forest,colluvium,32.1,78.6,159.7,109.8,18.1,0,n/a,0,low
SYN_N_00923,SYNTHETIC_NER,2016-07-25,Sikkim,unspecified,27.03205,95.85604,1439.4,45.07,314.8,forest,residual_soil,27.4,85.5,153.6,107.9,25.6,0,n/a,0,low
SYN_E_00109,SYNTHETIC_NER,2023-06-05,Tripura,unspecified,24.21774,90.37335,45.2,33.75,189.9,forest,unknown,27.0,67.9,118.8,85.2,32.4,1,debris flow,0,low
SYN_E_00124,SYNTHETIC_NER,2022-07-07,Sikkim,unspecified,27.04804,88.37949,588.1,42.12,10.2,cropland,residual_soil,34.0,63.3,132.8,92.2,46.6,1,soil slide,0,low
SYN_N_00063,SYNTHETIC_NER,2019-08-06,Meghalaya,unspecified,26.74174,97.46357,517.0,26.1,234.4,built-up,colluvium,25.0,50.3,77.4,58.8,25.5,0,n/a,0,low
SYN_N_01236,SYNTHETIC_NER,2015-03-17,Nagaland,unspecified,25.11543,89.74481,338.2,7.39,254.7,built-up,unknown,20.8,62.8,132.1,89.1,5.0,0,n/a,0,low
SYN_E_00263,SYNTHETIC_NER,2016-09-22,Arunachal Pradesh,unspecified,25.08686,96.19531,4932.2,35.24,240.5,grassland,colluvium,43.3,114.8,191.3,138.7,30.3,1,debris flow,0,low
SYN_N_02050,SYNTHETIC_NER,2016-01-10,Assam,unspecified,24.90739,95.23089,106.1,6.07,334.1,forest,residual_soil,22.7,61.4,118.6,82.3,7.3,0,n/a,0,low
SYN_N_01789,SYNTHETIC_NER,2015-09-12,Manipur,unspecified,29.40655,92.70026,2803.1,37.49,257.4,forest,colluvium,7.6,20.8,33.3,24.4,41.3,0,n/a,0,low
SYN_E_00599,SYNTHETIC_NER,2020-06-13,Tripura,unspecified,24.97277,90.17139,311.9,27.89,300.5,forest,residual_soil,45.7,143.8,308.6,206.6,44.3,1,soil slide,0,low
SYN_N_00413,SYNTHETIC_NER,2016-04-24,Assam,unspecified,26.70176,89.38698,190.2,21.79,66.1,grassland,residual_soil,13.2,32.8,67.3,46.1,15.6,0,n/a,0,low
SYN_E_00221,SYNTHETIC_NER,2022-06-01,Manipur,unspecified,25.44777,91.37743,1785.2,36.65,99.0,built-up,residual_soil,28.8,53.1,116.3,79.8,29.8,1,debris flow,1,low
SYN_N_00410,SYNTHETIC_NER,2019-09-26,Mizoram,unspecified,26.25701,92.47774,2053.7,9.84,172.9,forest,colluvium,14.4,45.4,94.9,64.0,15.9,0,n/a,0,low
SYN_N_01958,SYNTHETIC_NER,2023-09-06,Nagaland,unspecified,23.7976,89.66683,2033.5,9.18,99.7,forest,colluvium,20.4,38.0,79.2,55.1,23.2,0,n/a,0,low
SYN_N_00995,SYNTHETIC_NER,2019-07-01,Sikkim,unspecified,23.48874,91.97626,2701.9,3.29,56.8,forest,residual_soil,2.9,8.1,13.4,9.7,25.5,0,n/a,0,low
SYN_E_00549,SYNTHETIC_NER,2018-06-02,Tripura,unspecified,28.96841,93.4747,50.1,32.62,204.4,cropland,colluvium,43.9,90.8,176.8,124.4,48.2,1,soil slide,0,low
SYN_N_00543,SYNTHETIC_NER,2015-01-13,Mizoram,unspecified,29.17471,92.86528,221.7,12.03,270.3,forest,colluvium,27.6,72.6,114.4,84.5,12.6,0,n/a,0,low
SYN_N_00547,SYNTHETIC_NER,2016-07-09,Assam,unspecified,23.00134,90.54212,191.8,8.68,208.2,forest,residual_soil,23.8,67.4,106.9,78.4,23.2,0,n/a,0,low
SYN_N_01418,SYNTHETIC_NER,2022-07-21,Nagaland,unspecified,22.99632,92.09364,2903.1,14.23,255.5,forest,unknown,0.0,0.0,0.0,0.0,34.1,0,n/a,0,low
SYN_E_00088,SYNTHETIC_NER,2022-09-02,Sikkim,unspecified,28.64995,92.04672,760.1,35.39,118.0,cropland,colluvium,31.0,94.1,152.0,110.4,38.5,1,soil slide,0,low
SYN_N_01725,SYNTHETIC_NER,2025-07-25,Sikkim,unspecified,26.14526,93.45766,2435.7,22.01,218.0,forest,residual_soil,12.4,30.3,46.1,34.6,33.1,0,n/a,0,low
SYN_N_01890,SYNTHETIC_NER,2023-08-02,Arunachal Pradesh,unspecified,23.243,96.71182,3061.9,29.67,313.8,forest,weathered_rock,21.6,64.7,92.1,69.8,29.8,0,n/a,0,low
SYN_N_01140,SYNTHETIC_NER,2023-08-06,Manipur,unspecified,28.81156,90.77219,1938.2,51.66,340.9,forest,weathered_rock,1.6,5.0,8.0,5.8,11.1,0,n/a,0,low
SYN_N_01366,SYNTHETIC_NER,2023-09-21,Sikkim,unspecified,25.91881,96.4356,4556.0,26.46,238.1,cropland,weathered_rock,11.1,25.7,45.5,32.7,27.1,0,n/a,0,low
SYN_E_00594,SYNTHETIC_NER,2021-06-12,Mizoram,unspecified,22.8957,89.57293,1128.4,28.52,35.3,grassland,residual_soil,41.0,108.8,153.8,117.7,36.1,1,debris flow,0,low
SYN_N_01110,SYNTHETIC_NER,2017-09-19,Meghalaya,unspecified,28.66958,92.48798,198.3,31.93,153.6,grassland,weathered_rock,11.0,28.5,47.5,34.5,30.1,0,n/a,0,low
SYN_N_02278,SYNTHETIC_NER,2016-06-12,Nagaland,unspecified,23.77098,97.09989,2198.7,16.4,266.9,bare,residual_soil,13.6,26.2,50.9,36.0,25.8,0,n/a,0,low
SYN_N_00898,SYNTHETIC_NER,2022-09-09,Mizoram,unspecified,24.32997,89.57449,782.3,26.14,210.6,forest,residual_soil,14.7,42.7,90.4,60.9,22.9,0,n/a,0,low
SYN_N_01895,SYNTHETIC_NER,2019-07-14,Nagaland,unspecified,25.35084,93.05706,3645.6,20.84,345.8,forest,weathered_rock,22.9,42.5,62.1,48.4,25.4,0,n/a,0,low
SYN_N_02041,SYNTHETIC_NER,2023-07-23,Sikkim,unspecified,25.93549,92.09229,2125.4,19.59,269.9,grassland,colluvium,12.9,36.1,68.7,47.7,31.5,0,n/a,0,low
SYN_N_00694,SYNTHETIC_NER,2024-09-15,Tripura,unspecified,27.0987,96.80889,764.1,6.51,318.4,forest,colluvium,9.9,20.2,33.0,24.5,17.8,0,n/a,0,low
SYN_N_00366,SYNTHETIC_NER,2025-06-13,Tripura,unspecified,23.74083,94.33281,40.3,23.7,149.4,forest,colluvium,2.0,4.4,9.2,6.3,25.2,0,n/a,0,low
SYN_N_00035,SYNTHETIC_NER,2018-04-03,Assam,unspecified,22.68114,93.00165,260.9,16.43,240.6,forest,residual_soil,21.2,63.1,112.4,79.4,27.3,0,n/a,0,low
SYN_N_01409,SYNTHETIC_NER,2025-06-16,Tripura,unspecified,27.73705,91.36755,910.0,22.28,171.8,cropland,residual_soil,15.3,36.3,66.3,47.1,34.1,0,n/a,0,low
SYN_E_00721,SYNTHETIC_NER,2016-06-13,Arunachal Pradesh,unspecified,26.00856,90.52384,2719.6,37.48,243.9,forest,residual_soil,54.8,102.8,185.1,134.3,56.1,1,debris flow,0,low
SYN_N_01987,SYNTHETIC_NER,2019-08-02,Assam,unspecified,27.46805,93.18097,36.4,14.55,263.3,forest,residual_soil,19.2,35.0,69.6,49.1,27.3,0,n/a,0,low
SYN_E_00283,SYNTHETIC_NER,2015-07-14,Manipur,unspecified,26.48171,90.16171,2187.7,25.42,208.9,forest,colluvium,23.5,67.9,115.5,82.8,34.8,1,mudslide,0,low
SYN_E_00274,SYNTHETIC_NER,2022-08-16,Manipur,unspecified,28.80066,96.36499,1025.8,32.6,51.5,forest,weathered_rock,18.4,42.6,89.8,61.3,35.4,1,soil slide,0,low
SYN_E_00744,SYNTHETIC_NER,2021-06-05,Sikkim,unspecified,24.90206,96.49731,4206.9,25.71,322.7,cropland,residual_soil,52.1,160.2,270.3,193.6,33.3,1,debris flow,0,low
SYN_N_01146,SYNTHETIC_NER,2020-09-07,Meghalaya,unspecified,26.62008,89.02099,783.7,23.35,28.4,forest,colluvium,0.0,0.0,0.0,0.0,14.8,0,n/a,0,low
SYN_N_02037,SYNTHETIC_NER,2023-09-03,Assam,unspecified,23.42741,96.29318,586.5,17.18,158.0,forest,residual_soil,26.6,58.6,116.5,81.2,33.0,0,n/a,0,low
SYN_N_01554,SYNTHETIC_NER,2016-06-08,Assam,unspecified,22.25225,89.409,59.2,17.03,320.4,built-up,weathered_rock,9.5,23.0,38.3,27.9,21.6,0,n/a,0,low
SYN_E_00423,SYNTHETIC_NER,2017-05-22,Nagaland,unspecified,23.76077,90.46327,3450.2,37.7,102.0,forest,colluvium,41.9,120.4,199.8,144.4,51.2,1,debris flow,0,low
SYN_N_00539,SYNTHETIC_NER,2025-08-15,Sikkim,unspecified,28.41612,94.73736,617.2,15.67,1.9,built-up,residual_soil,6.5,16.2,23.4,17.9,24.0,0,n/a,0,low
SYN_E_00506,SYNTHETIC_NER,2019-09-18,Nagaland,unspecified,22.84359,94.95875,1519.1,27.26,341.9,grassland,weathered_rock,39.1,103.0,203.9,140.7,25.5,1,debris flow,0,low
SYN_N_00662,SYNTHETIC_NER,2015-07-06,Assam,unspecified,27.33484,94.68904,165.6,19.49,166.1,cropland,residual_soil,16.5,33.2,48.2,37.4,37.1,0,n/a,0,low
SYN_N_01678,SYNTHETIC_NER,2017-07-21,Mizoram,unspecified,24.7393,96.60397,562.4,15.88,197.5,grassland,colluvium,0.9,2.7,4.1,3.0,21.1,0,n/a,0,low
SYN_E_01105,SYNTHETIC_NER,2018-09-15,Meghalaya,unspecified,25.48887,97.06952,295.2,40.41,256.9,cropland,residual_soil,98.7,307.9,605.1,414.7,47.0,1,rock slide,0,low
SYN_E_00442,SYNTHETIC_NER,2017-07-13,Meghalaya,unspecified,25.09434,90.66295,1055.6,38.67,291.9,forest,residual_soil,93.5,198.7,404.4,280.5,41.3,1,soil slide,0,low
SYN_E_00990,SYNTHETIC_NER,2016-08-05,Mizoram,unspecified,23.96117,95.01499,1998.1,26.34,249.1,grassland,colluvium,44.6,110.9,202.2,143.3,29.5,1,soil slide,0,low
SYN_E_00218,SYNTHETIC_NER,2022-09-22,Manipur,unspecified,25.76896,92.98676,2835.8,47.61,306.2,built-up,residual_soil,24.9,48.6,79.3,59.2,39.5,1,soil slide,0,low
SYN_N_00578,SYNTHETIC_NER,2025-07-10,Sikkim,unspecified,28.63246,96.71703,1906.3,26.7,290.5,forest,weathered_rock,16.9,35.6,57.3,42.7,26.7,0,n/a,0,low
SYN_N_01797,SYNTHETIC_NER,2024-02-07,Assam,unspecified,24.22255,95.72079,336.7,23.39,52.2,built-up,colluvium,13.3,39.7,83.9,56.5,36.8,0,n/a,0,low
SYN_N_02152,SYNTHETIC_NER,2024-07-23,Manipur,unspecified,28.40382,89.10062,1856.7,11.12,121.1,bare,residual_soil,8.2,24.7,40.9,29.5,16.1,0,n/a,0,low
SYN_N_02233,SYNTHETIC_NER,2023-01-11,Sikkim,unspecified,25.62026,97.06556,4011.0,5.11,199.2,forest,residual_soil,7.6,18.3,35.5,24.8,18.8,0,n/a,0,low
SYN_N_01539,SYNTHETIC_NER,2018-07-15,Nagaland,unspecified,22.05623,96.84529,2633.2,29.45,118.0,forest,residual_soil,12.4,24.9,46.6,33.2,16.4,0,n/a,0,low
SYN_N_00456,SYNTHETIC_NER,2020-09-19,Sikkim,unspecified,25.70717,89.90127,1900.2,22.57,5.8,forest,colluvium,11.9,24.5,36.7,28.1,30.6,0,n/a,0,low
SYN_N_00491,SYNTHETIC_NER,2023-12-03,Manipur,unspecified,28.97509,92.59687,2763.2,33.68,46.1,cropland,colluvium,4.1,12.4,17.5,13.3,20.7,0,n/a,0,low
SYN_E_00807,SYNTHETIC_NER,2025-09-09,Assam,unspecified,25.29331,96.05632,374.9,34.78,327.7,forest,residual_soil,33.4,100.5,168.4,121.1,42.6,1,mudslide,0,low
SYN_E_01175,SYNTHETIC_NER,2015-09-24,Mizoram,unspecified,27.11476,97.21111,143.5,44.89,47.0,forest,colluvium,35.8,91.1,135.8,102.4,40.7,1,debris flow,0,low
SYN_E_00839,SYNTHETIC_NER,2015-08-06,Arunachal Pradesh,unspecified,26.01963,95.79958,2918.8,42.34,259.7,cropland,residual_soil,52.3,138.9,296.5,200.4,37.7,1,debris flow,0,low
SYN_N_00546,SYNTHETIC_NER,2019-08-20,Meghalaya,unspecified,24.31203,93.09424,792.0,8.42,352.9,bare,weathered_rock,44.9,88.3,138.4,104.7,34.8,0,n/a,0,low
SYN_E_00764,SYNTHETIC_NER,2021-01-12,Mizoram,unspecified,23.24772,95.55883,751.5,35.45,72.6,forest,colluvium,43.6,100.5,214.7,146.2,48.2,1,soil slide,0,low
SYN_N_00051,SYNTHETIC_NER,2018-12-26,Manipur,unspecified,26.75346,95.8847,1746.8,16.67,200.2,bare,residual_soil,27.2,77.6,152.4,104.9,38.8,0,n/a,0,low
SYN_E_01073,SYNTHETIC_NER,2021-03-15,Nagaland,unspecified,26.61753,97.06722,1346.4,26.13,122.3,forest,residual_soil,27.8,74.5,139.7,97.8,33.5,1,debris flow,0,low
SYN_E_01029,SYNTHETIC_NER,2016-06-22,Mizoram,unspecified,23.2076,93.11911,634.8,42.65,283.5,bare,residual_soil,51.7,153.1,297.8,205.2,44.2,1,debris flow,0,low
SYN_N_00853,SYNTHETIC_NER,2017-08-13,Sikkim,unspecified,22.72925,89.54204,773.6,21.41,334.6,bare,residual_soil,11.1,34.4,53.2,39.1,16.0,0,n/a,0,low
SYN_E_00000,SYNTHETIC_NER,2018-07-20,Assam,unspecified,25.92483,94.21397,302.2,31.94,349.1,built-up,residual_soil,62.8,177.4,310.8,221.1,52.6,1,mudslide,0,low
SYN_N_02199,SYNTHETIC_NER,2021-08-09,Manipur,unspecified,27.66716,90.6798,1090.9,35.93,284.3,bare,unknown,16.7,49.2,76.6,56.4,15.7,0,n/a,0,low
SYN_N_02260,SYNTHETIC_NER,2024-02-08,Nagaland,unspecified,29.29918,95.89319,2285.7,30.83,357.5,forest,colluvium,13.9,25.0,45.6,33.1,31.3,0,n/a,0,low
SYN_N_01737,SYNTHETIC_NER,2021-08-20,Manipur,unspecified,22.88663,90.75227,1027.1,18.34,307.1,cropland,residual_soil,7.1,22.2,44.0,30.1,27.7,0,n/a,0,low
SYN_N_00022,SYNTHETIC_NER,2017-08-12,Nagaland,unspecified,27.33451,97.10225,1934.6,21.21,105.3,grassland,weathered_rock,21.5,38.7,81.5,56.7,16.0,0,n/a,0,low
SYN_N_00899,SYNTHETIC_NER,2017-07-07,Mizoram,unspecified,28.8155,97.06761,1048.6,27.06,52.9,forest,weathered_rock,1.1,3.1,6.1,4.2,27.6,0,n/a,0,low
SYN_E_00247,SYNTHETIC_NER,2022-07-15,Manipur,unspecified,26.70624,94.66788,1509.4,35.9,145.0,forest,colluvium,21.2,51.3,103.6,71.4,26.3,1,mudslide,0,low
SYN_N_00883,SYNTHETIC_NER,2017-09-25,Arunachal Pradesh,unspecified,23.13276,90.77004,4286.5,34.2,198.5,cropland,colluvium,47.7,113.4,166.5,126.8,31.6,0,n/a,0,low
SYN_N_01753,SYNTHETIC_NER,2022-07-14,Sikkim,unspecified,26.77759,88.09717,3960.3,35.96,131.1,forest,residual_soil,16.5,40.6,74.2,52.6,30.9,0,n/a,0,low
SYN_N_00954,SYNTHETIC_NER,2018-04-01,Meghalaya,unspecified,22.36702,89.30955,562.1,34.72,208.0,forest,weathered_rock,0.0,0.0,0.0,0.0,14.2,0,n/a,0,low
SYN_N_00414,SYNTHETIC_NER,2020-07-10,Tripura,unspecified,24.53735,94.27813,33.3,23.92,242.3,forest,colluvium,2.8,8.3,13.3,9.7,18.8,0,n/a,0,low
SYN_N_00512,SYNTHETIC_NER,2016-08-12,Tripura,unspecified,21.93422,91.7483,395.3,25.46,157.5,forest,residual_soil,10.2,18.7,32.2,23.7,37.1,0,n/a,0,low
SYN_E_00175,SYNTHETIC_NER,2023-11-12,Manipur,unspecified,24.95088,95.7874,2582.2,42.33,287.8,built-up,residual_soil,31.3,79.0,164.3,112.1,51.3,1,mudslide,0,low
SYN_E_00278,SYNTHETIC_NER,2016-09-19,Assam,unspecified,28.53203,90.87617,195.3,32.19,119.8,cropland,residual_soil,44.1,90.3,174.2,123.0,46.1,1,soil slide,0,low
SYN_N_00994,SYNTHETIC_NER,2016-09-16,Meghalaya,unspecified,29.48478,96.1502,1133.5,28.3,341.6,grassland,residual_soil,30.0,82.3,124.8,93.1,15.6,0,n/a,0,low
SYN_N_00971,SYNTHETIC_NER,2021-08-13,Mizoram,unspecified,27.10966,89.54525,132.6,2.0,252.7,cropland,residual_soil,1.6,3.6,7.5,5.2,13.0,0,n/a,0,low
SYN_N_01872,SYNTHETIC_NER,2021-07-16,Assam,unspecified,22.97137,92.77489,401.3,8.07,292.1,cropland,residual_soil,25.6,56.4,93.9,69.0,22.3,0,n/a,0,low
SYN_N_01694,SYNTHETIC_NER,2022-08-14,Arunachal Pradesh,unspecified,25.21496,96.74641,2072.9,36.91,281.6,grassland,residual_soil,17.6,56.1,123.2,82.0,29.3,0,n/a,0,low
SYN_N_01085,SYNTHETIC_NER,2025-07-05,Assam,unspecified,29.01582,89.29915,184.6,23.8,316.7,grassland,weathered_rock,6.0,12.2,19.4,14.6,33.2,0,n/a,0,low
SYN_N_00608,SYNTHETIC_NER,2024-06-18,Mizoram,unspecified,25.61711,94.5235,2096.2,23.36,207.1,cropland,residual_soil,24.5,45.3,93.4,65.2,26.9,0,n/a,0,low
SYN_E_00416,SYNTHETIC_NER,2021-07-27,Arunachal Pradesh,unspecified,27.17897,91.14471,4095.2,37.27,225.2,forest,residual_soil,59.8,127.9,257.2,178.9,47.2,1,soil slide,0,low
SYN_N_02084,SYNTHETIC_NER,2017-08-20,Arunachal Pradesh,unspecified,28.6239,89.36348,149.0,30.53,181.7,forest,colluvium,7.7,18.3,28.6,21.3,18.5,0,n/a,0,low
SYN_E_00217,SYNTHETIC_NER,2016-08-24,Assam,unspecified,23.72893,94.15505,216.5,31.41,14.6,forest,colluvium,37.0,78.9,167.6,114.9,28.9,1,debris flow,0,low
SYN_N_00415,SYNTHETIC_NER,2018-06-10,Assam,unspecified,26.42136,94.97902,307.0,10.59,35.3,grassland,colluvium,20.9,56.2,123.5,82.8,36.5,0,n/a,0,low
SYN_E_00679,SYNTHETIC_NER,2016-07-12,Arunachal Pradesh,unspecified,25.60578,89.44828,1972.5,44.14,93.0,cropland,weathered_rock,56.5,120.1,231.1,162.9,40.7,1,debris flow,0,low
SYN_E_00642,SYNTHETIC_NER,2021-04-02,Sikkim,unspecified,25.53581,89.33179,627.0,29.41,32.2,forest,unknown,58.8,150.3,295.1,204.4,31.2,1,soil slide,0,low
SYN_E_00798,SYNTHETIC_NER,2017-07-25,Mizoram,unspecified,24.89564,93.36897,191.3,35.2,314.3,forest,weathered_rock,56.8,137.2,290.2,197.6,36.7,1,soil slide,0,low
SYN_N_00918,SYNTHETIC_NER,2022-07-09,Arunachal Pradesh,unspecified,28.66358,96.49401,3893.6,31.82,207.2,cropland,colluvium,38.4,90.6,178.7,124.2,7.1,0,n/a,0,low
SYN_N_00152,SYNTHETIC_NER,2025-06-07,Tripura,unspecified,22.68544,88.71412,152.1,10.82,135.5,forest,residual_soil,18.1,50.9,100.0,68.9,15.1,0,n/a,0,low
SYN_E_00787,SYNTHETIC_NER,2020-07-19,Tripura,unspecified,26.66145,95.00847,730.7,46.2,200.7,forest,weathered_rock,21.2,62.3,95.2,70.5,40.1,1,mudslide,0,low
SYN_E_00449,SYNTHETIC_NER,2022-02-27,Mizoram,unspecified,23.89166,97.38499,1035.8,32.42,238.4,forest,residual_soil,37.5,95.6,137.7,105.0,34.9,1,debris flow,0,low
SYN_E_01132,SYNTHETIC_NER,2021-11-16,Sikkim,unspecified,25.25824,93.88285,4565.6,26.82,183.6,forest,residual_soil,56.7,147.7,324.1,217.7,23.8,1,soil slide,0,low
SYN_N_02025,SYNTHETIC_NER,2017-09-12,Manipur,unspecified,25.00087,92.09962,2722.5,14.47,185.2,bare,residual_soil,7.5,22.6,48.7,32.6,31.7,0,n/a,0,low
SYN_N_00633,SYNTHETIC_NER,2018-08-06,Assam,unspecified,22.48302,95.7265,375.8,20.76,6.2,grassland,residual_soil,11.6,21.8,44.1,30.9,23.0,0,n/a,0,low
SYN_E_00867,SYNTHETIC_NER,2023-06-14,Sikkim,unspecified,24.27951,97.00817,4814.6,38.9,59.3,grassland,residual_soil,52.3,137.7,233.6,168.5,31.7,1,debris flow,0,low
SYN_E_00433,SYNTHETIC_NER,2018-09-09,Meghalaya,unspecified,28.4627,90.90538,817.3,30.39,154.3,forest,colluvium,172.4,442.3,944.4,639.4,33.7,1,rock slide,0,low
SYN_E_00874,SYNTHETIC_NER,2020-01-20,Tripura,unspecified,29.08773,89.66594,292.4,29.33,99.2,forest,unknown,29.7,78.1,159.3,109.0,40.3,1,soil slide,0,low
SYN_E_00371,SYNTHETIC_NER,2021-08-10,Tripura,unspecified,22.0461,94.56342,530.3,34.55,257.6,forest,residual_soil,36.1,95.4,195.8,133.7,20.8,1,debris flow,0,low
SYN_N_01756,SYNTHETIC_NER,2024-09-08,Tripura,unspecified,21.87569,89.63966,30.6,14.58,300.9,forest,residual_soil,0.0,0.0,0.0,0.0,22.2,0,n/a,0,low
SYN_N_00959,SYNTHETIC_NER,2023-09-23,Sikkim,unspecified,29.06796,97.18795,4528.2,41.52,175.2,forest,unknown,15.5,43.9,74.0,53.3,20.6,0,n/a,0,low
SYN_N_00254,SYNTHETIC_NER,2016-01-02,Arunachal Pradesh,unspecified,24.96445,96.94357,2850.8,17.33,137.8,built-up,colluvium,19.0,35.8,72.3,50.7,41.1,0,n/a,0,low
SYN_N_02008,SYNTHETIC_NER,2023-06-07,Arunachal Pradesh,unspecified,25.24602,91.66012,1365.3,37.75,124.7,built-up,weathered_rock,7.7,22.5,45.2,30.9,22.7,0,n/a,0,low
SYN_N_00072,SYNTHETIC_NER,2025-08-20,Meghalaya,unspecified,22.01537,94.77303,1770.3,29.18,90.7,forest,colluvium,52.4,161.9,329.9,224.0,16.9,0,n/a,0,low
SYN_E_00810,SYNTHETIC_NER,2016-09-23,Assam,unspecified,28.07879,88.95284,300.1,22.25,184.2,cropland,weathered_rock,23.9,69.8,120.5,86.0,40.6,1,debris flow,0,low
SYN_N_02284,SYNTHETIC_NER,2025-06-04,Tripura,unspecified,28.14906,89.38897,584.5,26.31,269.7,forest,colluvium,10.0,20.1,41.9,29.0,10.4,0,n/a,0,low
SYN_N_00705,SYNTHETIC_NER,2024-08-05,Meghalaya,unspecified,23.71758,88.2382,1202.5,19.89,213.6,forest,weathered_rock,15.7,36.1,74.3,51.1,23.8,0,n/a,0,low
SYN_N_00416,SYNTHETIC_NER,2015-01-19,Meghalaya,unspecified,22.09064,90.41903,1897.6,13.12,261.1,grassland,weathered_rock,15.5,28.4,52.1,37.7,39.1,0,n/a,0,low
SYN_E_00246,SYNTHETIC_NER,2017-09-05,Sikkim,unspecified,21.55502,96.12198,4580.1,27.91,253.4,forest,colluvium,30.9,95.3,141.3,105.4,29.7,1,debris flow,0,low
SYN_N_00173,SYNTHETIC_NER,2016-08-17,Tripura,unspecified,28.22822,95.62601,418.2,2.0,85.5,forest,colluvium,18.0,43.6,62.6,48.0,14.8,0,n/a,0,low
SYN_E_00505,SYNTHETIC_NER,2020-06-06,Manipur,unspecified,23.06197,94.55844,2713.5,25.62,141.1,forest,unknown,29.1,74.5,135.9,96.1,37.5,1,soil slide,0,low
SYN_N_00291,SYNTHETIC_NER,2025-11-19,Manipur,unspecified,29.00734,95.02863,1864.8,31.2,10.8,cropland,weathered_rock,15.2,32.9,64.7,45.3,32.2,0,n/a,0,low
SYN_N_00138,SYNTHETIC_NER,2023-08-24,Manipur,unspecified,23.2971,88.28873,1871.6,33.49,74.9,forest,residual_soil,16.3,37.3,75.9,52.4,20.3,0,n/a,0,low
SYN_N_02245,SYNTHETIC_NER,2019-08-12,Assam,unspecified,25.25571,96.49028,339.8,18.04,245.6,bare,weathered_rock,36.1,86.6,186.4,126.4,33.3,0,n/a,0,low
SYN_N_01902,SYNTHETIC_NER,2022-08-21,Manipur,unspecified,21.60269,97.45318,2321.4,6.22,319.2,forest,colluvium,14.8,46.4,99.8,66.8,26.9,0,n/a,0,low
SYN_N_01051,SYNTHETIC_NER,2022-10-04,Arunachal Pradesh,unspecified,24.74415,90.15734,3930.9,23.31,32.3,cropland,residual_soil,10.7,26.0,36.7,28.3,34.7,0,n/a,0,low
SYN_E_00864,SYNTHETIC_NER,2023-09-26,Sikkim,unspecified,27.24706,90.16082,1367.5,43.37,189.5,forest,residual_soil,32.7,75.1,131.6,94.9,43.7,1,mudslide,0,low
SYN_N_01951,SYNTHETIC_NER,2015-01-21,Assam,unspecified,24.84168,93.72323,590.9,11.35,39.7,built-up,unknown,21.1,56.5,86.9,64.6,5.0,0,n/a,0,low
SYN_N_01347,SYNTHETIC_NER,2018-07-16,Sikkim,unspecified,27.01571,91.15518,4752.7,24.03,120.6,cropland,residual_soil,21.2,49.8,91.8,65.1,18.0,0,n/a,0,low
SYN_N_00976,SYNTHETIC_NER,2019-10-08,Arunachal Pradesh,unspecified,28.18601,91.63592,4490.7,2.0,76.4,forest,residual_soil,10.6,27.0,46.2,33.3,19.7,0,n/a,0,low
SYN_N_01204,SYNTHETIC_NER,2025-08-16,Assam,unspecified,27.91997,88.21814,396.3,35.91,181.3,forest,colluvium,0.0,0.0,0.0,0.0,20.5,0,n/a,0,low
SYN_E_00543,SYNTHETIC_NER,2016-07-09,Meghalaya,unspecified,28.25346,92.16279,1236.7,42.77,344.0,forest,residual_soil,110.7,351.6,681.1,468.1,37.2,1,mudslide,0,low
SYN_N_02273,SYNTHETIC_NER,2017-07-07,Assam,unspecified,29.01037,91.35166,342.8,22.04,237.5,cropland,residual_soil,16.9,50.1,105.0,70.9,18.4,0,n/a,0,low
SYN_N_01612,SYNTHETIC_NER,2018-07-13,Arunachal Pradesh,unspecified,22.2086,90.05843,1718.1,26.0,355.0,forest,colluvium,10.0,29.8,53.6,37.7,19.0,0,n/a,0,low
SYN_E_00621,SYNTHETIC_NER,2022-06-05,Manipur,unspecified,29.06316,92.81694,1731.0,31.72,131.2,forest,colluvium,35.1,73.8,120.8,89.5,31.0,1,rock slide,0,low
SYN_E_00761,SYNTHETIC_NER,2023-09-21,Nagaland,unspecified,25.41902,93.2114,2189.3,46.81,294.2,forest,residual_soil,46.4,119.7,189.3,139.8,21.3,1,mudslide,0,low
SYN_E_00612,SYNTHETIC_NER,2025-06-04,Sikkim,unspecified,24.73808,88.52212,1575.1,28.34,309.9,forest,weathered_rock,97.4,206.6,383.4,273.2,47.8,1,debris flow,0,low
SYN_E_01070,SYNTHETIC_NER,2017-07-16,Tripura,unspecified,24.80663,88.63737,698.6,35.88,171.1,forest,residual_soil,26.6,69.2,108.6,80.4,34.8,1,soil slide,0,low
SYN_N_01403,SYNTHETIC_NER,2019-09-15,Arunachal Pradesh,unspecified,27.61028,88.03112,2787.4,42.83,231.2,grassland,weathered_rock,15.1,40.6,60.1,45.3,20.9,0,n/a,0,low
SYN_N_01182,SYNTHETIC_NER,2022-06-10,Manipur,unspecified,25.85686,91.81691,2094.5,27.4,353.0,cropland,residual_soil,7.6,17.1,27.6,20.4,31.1,0,n/a,0,low
SYN_E_00485,SYNTHETIC_NER,2015-09-16,Meghalaya,unspecified,26.49262,95.87185,1879.8,34.25,87.0,forest,weathered_rock,112.8,277.5,469.3,340.5,42.5,1,mudslide,0,low
SYN_N_00886,SYNTHETIC_NER,2022-09-09,Mizoram,unspecified,28.61503,94.344,676.6,26.5,290.4,forest,colluvium,13.4,41.2,85.7,57.9,31.1,0,n/a,0,low
SYN_N_02384,SYNTHETIC_NER,2023-06-21,Mizoram,unspecified,22.87382,88.55993,1932.5,21.45,323.7,forest,residual_soil,29.9,58.6,96.0,71.6,18.6,0,n/a,0,low
SYN_E_01135,SYNTHETIC_NER,2016-06-14,Assam,unspecified,25.89575,96.48681,237.6,35.57,343.5,forest,residual_soil,45.4,127.4,259.5,177.1,22.1,1,soil slide,0,low
SYN_E_00258,SYNTHETIC_NER,2022-02-27,Meghalaya,unspecified,22.86184,92.36218,370.3,42.67,61.2,forest,residual_soil,173.4,374.5,575.9,435.0,43.7,1,debris flow,0,low
SYN_N_01301,SYNTHETIC_NER,2021-07-25,Mizoram,unspecified,29.45465,91.73039,329.4,18.33,164.3,forest,colluvium,20.1,46.2,70.2,53.0,19.4,0,n/a,0,low
SYN_N_02279,SYNTHETIC_NER,2025-06-13,Meghalaya,unspecified,21.62868,91.01197,1733.7,24.23,125.9,grassland,residual_soil,0.0,0.0,0.0,0.0,18.4,0,n/a,0,low
SYN_E_00650,SYNTHETIC_NER,2016-07-05,Manipur,unspecified,23.49218,89.38568,2090.8,21.43,52.6,forest,colluvium,27.0,51.8,88.4,65.1,37.3,1,mudslide,0,low
SYN_N_01837,SYNTHETIC_NER,2022-06-08,Manipur,unspecified,29.26681,90.56257,1009.4,49.16,247.9,forest,colluvium,10.7,29.0,55.0,38.3,18.8,0,n/a,0,low
SYN_N_01397,SYNTHETIC_NER,2015-10-23,Nagaland,unspecified,24.14586,95.02204,2460.1,17.66,36.5,forest,residual_soil,3.6,11.0,22.1,15.1,21.0,0,n/a,0,low
SYN_N_02174,SYNTHETIC_NER,2019-07-27,Sikkim,unspecified,24.38897,88.82775,1318.6,21.49,285.3,forest,weathered_rock,21.5,55.2,95.5,68.6,9.3,0,n/a,0,low
SYN_N_01515,SYNTHETIC_NER,2025-08-24,Sikkim,unspecified,24.20239,88.39306,3572.0,12.25,107.9,forest,residual_soil,24.2,74.0,138.5,96.3,29.9,0,n/a,0,low
SYN_E_01097,SYNTHETIC_NER,2022-01-22,Sikkim,unspecified,24.46185,88.51589,2178.2,43.22,149.2,grassland,colluvium,42.6,96.3,201.7,138.3,39.9,1,debris flow,0,low
SYN_N_01838,SYNTHETIC_NER,2025-11-10,Manipur,unspecified,27.47517,94.05762,2734.0,22.2,196.5,built-up,colluvium,8.0,23.7,38.0,27.7,10.8,0,n/a,0,low
SYN_E_00829,SYNTHETIC_NER,2024-08-15,Assam,unspecified,26.14144,90.12225,573.4,36.89,77.4,cropland,residual_soil,27.3,80.9,120.1,89.8,50.5,1,debris flow,0,low
SYN_N_01230,SYNTHETIC_NER,2017-01-10,Meghalaya,unspecified,22.68752,95.52823,574.8,5.38,6.9,forest,residual_soil,9.4,25.7,45.1,32.1,20.1,0,n/a,0,low
SYN_N_01887,SYNTHETIC_NER,2024-08-15,Nagaland,unspecified,24.25113,94.13901,1080.5,45.73,342.6,bare,colluvium,13.4,35.4,63.0,44.8,30.6,0,n/a,0,low
SYN_E_00596,SYNTHETIC_NER,2017-09-20,Nagaland,unspecified,27.42215,93.62174,547.5,47.6,158.0,grassland,weathered_rock,9.8,18.3,37.8,26.4,38.2,1,mudslide,0,low
SYN_N_01068,SYNTHETIC_NER,2024-08-20,Tripura,unspecified,25.07811,95.42279,36.6,15.08,113.2,forest,weathered_rock,6.1,12.7,27.0,18.5,27.0,0,n/a,0,low
SYN_N_00869,SYNTHETIC_NER,2021-09-15,Nagaland,unspecified,26.36252,97.20426,696.9,30.04,255.6,bare,weathered_rock,16.9,37.0,55.4,42.2,21.7,0,n/a,0,low
SYN_E_00296,SYNTHETIC_NER,2016-06-05,Sikkim,unspecified,23.28799,95.45946,1660.3,41.94,345.5,forest,residual_soil,28.2,61.8,102.0,75.2,37.0,1,debris flow,0,low
SYN_N_00302,SYNTHETIC_NER,2015-07-25,Manipur,unspecified,22.15593,89.55872,2669.2,18.61,142.6,forest,residual_soil,0.7,1.8,3.4,2.4,24.4,0,n/a,0,low
SYN_E_00507,SYNTHETIC_NER,2025-03-21,Meghalaya,unspecified,27.96951,93.79921,1858.7,48.28,106.3,grassland,residual_soil,117.2,215.0,399.2,287.5,36.2,1,debris flow,0,low
SYN_E_00007,SYNTHETIC_NER,2018-09-22,Tripura,unspecified,23.15616,90.86968,90.3,32.28,141.9,forest,residual_soil,26.6,50.2,98.4,69.6,43.6,1,mudslide,0,low
SYN_N_00811,SYNTHETIC_NER,2025-08-20,Sikkim,unspecified,28.12724,92.92911,4667.5,23.93,141.8,cropland,residual_soil,12.4,22.4,34.7,26.5,18.0,0,n/a,0,low
SYN_N_01560,SYNTHETIC_NER,2023-11-12,Arunachal Pradesh,unspecified,21.81418,92.72743,2521.9,29.06,12.2,grassland,unknown,0.2,0.4,0.7,0.5,18.4,0,n/a,0,low
SYN_N_00460,SYNTHETIC_NER,2025-06-11,Arunachal Pradesh,unspecified,24.22593,89.61588,2947.5,27.46,171.1,cropland,residual_soil,28.3,90.0,154.7,110.0,39.0,0,n/a,0,low
SYN_N_00710,SYNTHETIC_NER,2025-06-18,Meghalaya,unspecified,22.27858,90.9171,864.2,14.81,165.1,forest,residual_soil,115.5,339.2,691.2,470.5,14.9,0,n/a,0,low
SYN_N_00259,SYNTHETIC_NER,2024-03-14,Meghalaya,unspecified,21.61759,94.23074,906.5,13.67,220.4,cropland,residual_soil,38.1,109.4,203.5,142.2,31.1,0,n/a,0,low
SYN_N_01489,SYNTHETIC_NER,2017-04-16,Assam,unspecified,24.25846,91.25912,84.1,13.16,302.7,forest,residual_soil,17.5,52.7,88.8,63.7,34.1,0,n/a,0,low
SYN_N_02267,SYNTHETIC_NER,2023-06-05,Meghalaya,unspecified,24.34868,93.40341,367.1,25.66,333.2,forest,residual_soil,24.8,56.0,80.6,62.0,32.6,0,n/a,0,low
SYN_N_01319,SYNTHETIC_NER,2017-09-09,Arunachal Pradesh,unspecified,22.02248,97.2155,1957.4,26.78,106.4,forest,weathered_rock,23.6,60.9,107.5,76.8,23.0,0,n/a,0,low
SYN_N_02303,SYNTHETIC_NER,2017-09-08,Assam,unspecified,29.02399,92.6031,515.8,6.19,9.7,bare,unknown,21.9,67.0,99.2,74.1,32.1,0,n/a,0,low
SYN_N_01113,SYNTHETIC_NER,2021-06-11,Nagaland,unspecified,22.11809,93.68203,3178.2,28.89,83.7,bare,weathered_rock,15.5,40.8,89.7,60.2,25.8,0,n/a,0,low
SYN_N_01283,SYNTHETIC_NER,2019-09-27,Manipur,unspecified,22.07264,91.32851,1685.1,23.28,14.1,forest,residual_soil,0.0,0.0,0.0,0.0,19.8,0,n/a,0,low
SYN_E_00096,SYNTHETIC_NER,2016-09-12,Meghalaya,unspecified,22.12995,91.65449,1511.7,36.32,65.1,forest,residual_soil,133.3,407.7,895.3,596.6,42.9,1,mudslide,0,low
SYN_N_00878,SYNTHETIC_NER,2017-10-02,Arunachal Pradesh,unspecified,26.60413,90.12697,2699.5,42.79,18.3,grassland,weathered_rock,31.6,62.4,135.5,92.8,31.9,0,n/a,0,low
SYN_N_02253,SYNTHETIC_NER,2025-09-15,Tripura,unspecified,28.24068,95.14083,274.1,18.19,307.7,cropland,residual_soil,19.6,62.5,127.2,86.3,13.6,0,n/a,0,low
SYN_N_00955,SYNTHETIC_NER,2016-06-04,Sikkim,unspecified,24.78786,94.43102,4117.9,12.37,308.9,forest,colluvium,9.0,24.4,37.5,27.9,28.9,0,n/a,0,low
SYN_N_01114,SYNTHETIC_NER,2020-08-08,Mizoram,unspecified,25.26268,94.02599,1084.7,20.43,56.6,grassland,weathered_rock,17.6,32.2,63.5,44.9,42.9,0,n/a,0,low
SYN_E_00025,SYNTHETIC_NER,2017-07-21,Tripura,unspecified,26.89789,96.64811,212.0,26.85,72.9,cropland,weathered_rock,27.9,55.7,90.6,67.6,35.1,1,soil slide,0,low
SYN_N_00115,SYNTHETIC_NER,2021-08-07,Assam,unspecified,29.493,92.81453,549.8,15.29,231.6,grassland,residual_soil,12.9,34.5,62.5,44.2,28.3,0,n/a,0,low
SYN_N_01135,SYNTHETIC_NER,2015-07-01,Sikkim,unspecified,28.13368,93.99843,4416.9,12.06,292.3,cropland,colluvium,29.0,82.0,138.4,99.6,19.9,0,n/a,0,low
SYN_N_01240,SYNTHETIC_NER,2024-06-16,Nagaland,unspecified,25.71877,88.99322,1434.9,30.97,149.5,grassland,weathered_rock,6.7,14.2,20.5,15.9,24.9,0,n/a,0,low
SYN_E_00847,SYNTHETIC_NER,2018-04-22,Assam,unspecified,23.96475,88.01084,96.3,42.66,351.6,forest,colluvium,65.0,171.8,374.7,251.9,26.9,1,soil slide,0,low
SYN_N_01343,SYNTHETIC_NER,2021-07-25,Mizoram,unspecified,27.23549,88.7887,127.1,16.76,266.8,grassland,residual_soil,17.5,50.9,92.1,64.8,25.2,0,n/a,0,low
SYN_E_00997,SYNTHETIC_NER,2015-06-23,Mizoram,unspecified,22.61168,88.75951,560.4,30.94,112.4,cropland,colluvium,46.6,144.6,306.7,206.1,36.2,1,rock slide,0,low
SYN_N_02077,SYNTHETIC_NER,2020-08-23,Manipur,unspecified,24.29722,90.2847,965.2,17.36,145.6,bare,colluvium,17.7,52.1,89.0,63.7,32.1,0,n/a,0,low
SYN_E_00746,SYNTHETIC_NER,2022-07-16,Nagaland,unspecified,24.79357,92.26981,1598.7,23.96,164.2,forest,colluvium,35.9,67.4,144.8,99.8,39.9,1,mudslide,2,low
SYN_N_00635,SYNTHETIC_NER,2016-08-21,Manipur,unspecified,27.46553,95.83351,2212.1,23.35,314.6,cropland,residual_soil,5.7,18.0,39.2,26.1,26.0,0,n/a,0,low
SYN_E_00067,SYNTHETIC_NER,2023-09-24,Mizoram,unspecified,26.05067,90.75342,1506.4,30.56,199.5,cropland,colluvium,31.4,96.5,157.8,114.1,29.8,1,debris flow,0,low
SYN_N_00577,SYNTHETIC_NER,2021-09-15,Meghalaya,unspecified,23.29163,95.22732,646.5,21.06,354.2,forest,residual_soil,44.3,100.3,164.4,121.1,18.0,0,n/a,0,low
SYN_E_01018,SYNTHETIC_NER,2021-03-12,Assam,unspecified,21.67544,88.93344,570.1,22.09,231.6,forest,residual_soil,26.0,77.7,165.9,111.5,37.1,1,debris flow,0,low
SYN_N_00873,SYNTHETIC_NER,2019-08-20,Meghalaya,unspecified,23.55868,96.02348,1941.5,6.54,282.9,grassland,colluvium,66.5,145.1,300.8,207.2,25.9,0,n/a,0,low
SYN_N_01691,SYNTHETIC_NER,2017-08-14,Tripura,unspecified,29.3261,89.47283,326.1,37.08,163.1,forest,unknown,2.0,5.4,9.6,6.8,21.2,0,n/a,0,low
SYN_N_02069,SYNTHETIC_NER,2016-06-23,Sikkim,unspecified,26.66052,94.47363,3440.7,28.82,237.1,forest,weathered_rock,18.0,34.2,48.9,38.3,33.5,0,n/a,0,low
SYN_E_00031,SYNTHETIC_NER,2015-06-08,Meghalaya,unspecified,26.71806,95.81971,323.0,37.15,60.5,forest,weathered_rock,43.8,126.4,180.5,136.9,30.8,1,soil slide,0,low
SYN_N_00803,SYNTHETIC_NER,2017-07-07,Tripura,unspecified,26.95213,88.60519,691.6,15.29,327.5,cropland,colluvium,2.0,5.1,7.9,5.9,18.9,0,n/a,0,low
SYN_N_01405,SYNTHETIC_NER,2015-03-18,Meghalaya,unspecified,29.33888,88.41331,1405.0,13.81,181.2,forest,colluvium,9.5,19.9,36.4,26.1,39.2,0,n/a,0,low
SYN_E_00610,SYNTHETIC_NER,2022-09-24,Sikkim,unspecified,23.74021,92.93291,553.4,26.68,343.7,bare,residual_soil,34.6,68.3,133.8,94.3,55.3,1,debris flow,0,low
SYN_N_00842,SYNTHETIC_NER,2024-07-09,Meghalaya,unspecified,23.29038,94.23535,1173.9,27.29,74.6,cropland,weathered_rock,0.0,0.0,0.0,0.0,22.1,0,n/a,0,low
SYN_E_00570,SYNTHETIC_NER,2020-09-18,Arunachal Pradesh,unspecified,26.98933,90.03894,1399.5,42.88,296.4,cropland,residual_soil,53.2,162.9,252.1,185.6,28.5,1,soil slide,0,low
SYN_N_02132,SYNTHETIC_NER,2018-12-23,Manipur,unspecified,27.93077,95.06201,1681.0,16.96,341.8,cropland,colluvium,18.7,50.2,81.7,59.6,28.9,0,n/a,0,low
SYN_E_00343,SYNTHETIC_NER,2024-07-17,Nagaland,unspecified,28.22461,93.93954,2381.5,30.97,161.8,forest,residual_soil,33.4,99.3,197.8,135.4,32.7,1,debris flow,0,low
SYN_N_00911,SYNTHETIC_NER,2019-07-05,Arunachal Pradesh,unspecified,28.41823,89.55194,1742.9,14.01,287.6,grassland,residual_soil,7.2,16.4,25.8,19.3,24.6,0,n/a,0,low
SYN_N_00356,SYNTHETIC_NER,2021-07-12,Assam,unspecified,24.10299,95.23087,395.1,38.98,204.2,forest,colluvium,17.6,45.8,64.7,49.6,30.6,0,n/a,0,low
SYN_E_00678,SYNTHETIC_NER,2017-08-18,Nagaland,unspecified,27.03374,95.13904,2880.7,38.74,278.1,cropland,colluvium,45.5,114.5,234.2,160.6,47.5,1,soil slide,0,low
SYN_N_00150,SYNTHETIC_NER,2016-07-02,Tripura,unspecified,26.11385,90.08246,940.6,17.76,74.7,forest,residual_soil,16.7,31.9,68.0,46.9,19.4,0,n/a,0,low
SYN_N_01548,SYNTHETIC_NER,2019-08-15,Mizoram,unspecified,25.38734,88.12153,268.3,31.54,122.4,cropland,unknown,9.8,18.9,41.5,28.4,7.0,0,n/a,0,low
SYN_N_01749,SYNTHETIC_NER,2020-06-26,Arunachal Pradesh,unspecified,22.28202,94.91342,468.6,32.28,299.2,forest,colluvium,15.4,42.1,59.3,45.4,28.2,0,n/a,0,low
SYN_N_02321,SYNTHETIC_NER,2023-10-02,Manipur,unspecified,22.49489,90.11356,1960.4,37.57,110.2,cropland,unknown,18.8,45.5,75.8,55.3,26.7,0,n/a,0,low
SYN_E_00940,SYNTHETIC_NER,2019-03-02,Tripura,unspecified,26.32037,90.61797,602.8,29.07,169.4,forest,weathered_rock,46.0,141.0,199.8,151.4,46.8,1,soil slide,0,low
SYN_N_02068,SYNTHETIC_NER,2015-06-17,Nagaland,unspecified,26.76974,96.92647,2986.1,31.35,256.3,forest,residual_soil,25.2,66.0,100.0,74.8,16.1,0,n/a,0,low
SYN_N_00932,SYNTHETIC_NER,2015-01-17,Mizoram,unspecified,21.99632,91.70838,783.1,24.34,100.7,bare,weathered_rock,16.9,50.1,108.9,72.9,27.2,0,n/a,0,low
SYN_N_00569,SYNTHETIC_NER,2024-07-26,Meghalaya,unspecified,25.91913,88.66741,1007.3,17.42,26.8,forest,colluvium,59.0,186.0,383.6,259.4,19.5,0,n/a,0,low
SYN_N_01122,SYNTHETIC_NER,2025-07-08,Assam,unspecified,24.75042,94.63452,422.1,31.58,283.6,forest,residual_soil,22.8,52.6,110.6,75.6,34.1,0,n/a,0,low
SYN_N_00552,SYNTHETIC_NER,2020-07-17,Arunachal Pradesh,unspecified,28.22182,95.97553,2217.9,34.34,285.9,forest,colluvium,25.0,69.5,141.0,96.4,12.1,0,n/a,0,low
SYN_E_00576,SYNTHETIC_NER,2018-11-09,Arunachal Pradesh,unspecified,29.28517,92.31954,2515.7,43.38,52.9,grassland,residual_soil,44.5,83.2,162.8,115.3,46.7,1,soil slide,0,low
SYN_N_01326,SYNTHETIC_NER,2017-06-07,Arunachal Pradesh,unspecified,29.32867,92.22844,4004.9,20.96,248.8,bare,residual_soil,13.0,28.2,43.3,32.7,23.7,0,n/a,0,low
SYN_N_02204,SYNTHETIC_NER,2023-08-02,Nagaland,unspecified,27.41211,90.64899,1170.2,2.0,110.0,forest,colluvium,15.8,38.7,83.9,56.7,20.2,0,n/a,0,low
SYN_N_01654,SYNTHETIC_NER,2019-09-13,Tripura,unspecified,21.61239,93.19612,474.0,29.75,190.7,forest,colluvium,24.9,73.3,106.7,80.3,30.8,0,n/a,0,low
SYN_N_01074,SYNTHETIC_NER,2019-08-25,Nagaland,unspecified,28.20984,96.99077,810.9,2.0,332.7,cropland,weathered_rock,10.5,28.7,52.9,37.2,27.3,0,n/a,0,low
SYN_E_00528,SYNTHETIC_NER,2019-08-09,Arunachal Pradesh,unspecified,26.58074,95.52709,2039.4,33.15,95.6,grassland,residual_soil,52.9,164.6,244.0,182.0,41.5,1,debris flow,0,low
SYN_E_00176,SYNTHETIC_NER,2023-09-05,Tripura,unspecified,23.01168,96.13671,864.4,34.36,183.9,forest,weathered_rock,44.8,108.4,170.1,126.6,38.0,1,mudslide,0,low
SYN_N_01257,SYNTHETIC_NER,2017-09-18,Sikkim,unspecified,25.95954,96.43238,1838.8,41.54,13.4,forest,residual_soil,35.5,100.7,219.3,146.9,18.0,0,n/a,0,low
SYN_E_00422,SYNTHETIC_NER,2023-03-16,Sikkim,unspecified,23.063,96.97029,3720.4,31.53,128.2,forest,colluvium,33.6,87.6,172.5,119.3,46.7,1,soil slide,0,low
SYN_E_00680,SYNTHETIC_NER,2025-02-03,Tripura,unspecified,22.29502,90.31525,117.5,46.67,309.7,grassland,unknown,32.1,86.9,186.6,125.8,43.5,1,rock slide,0,low
SYN_N_02274,SYNTHETIC_NER,2020-06-12,Meghalaya,unspecified,23.57052,91.97711,925.1,2.0,253.1,bare,residual_soil,45.6,88.5,163.3,117.3,29.7,0,n/a,0,low
SYN_N_00453,SYNTHETIC_NER,2025-07-16,Meghalaya,unspecified,21.56908,88.1473,1164.9,2.0,139.7,grassland,unknown,58.4,151.0,251.5,182.7,26.2,0,n/a,0,low
SYN_N_02186,SYNTHETIC_NER,2017-08-10,Manipur,unspecified,23.80475,92.6006,1987.2,31.2,126.9,forest,colluvium,10.6,25.5,49.2,34.4,21.1,0,n/a,0,low
SYN_N_01575,SYNTHETIC_NER,2024-06-21,Assam,unspecified,27.99245,93.47629,52.9,27.2,260.7,forest,residual_soil,5.3,12.2,18.3,13.9,22.6,0,n/a,0,low
SYN_N_01300,SYNTHETIC_NER,2016-05-19,Tripura,unspecified,22.90419,92.12913,480.5,42.43,120.4,forest,residual_soil,8.8,19.6,32.7,24.0,38.2,0,n/a,0,low
SYN_E_01041,SYNTHETIC_NER,2020-08-08,Sikkim,unspecified,28.27017,92.82443,4025.4,38.91,281.8,grassland,residual_soil,30.2,89.9,160.5,113.2,33.2,1,mudslide,0,low
SYN_N_01954,SYNTHETIC_NER,2023-12-17,Manipur,unspecified,28.99027,95.72791,1494.1,20.49,319.1,forest,colluvium,16.2,36.4,74.6,51.4,21.0,0,n/a,0,low
SYN_E_00288,SYNTHETIC_NER,2021-06-08,Nagaland,unspecified,26.84428,96.68358,1361.1,28.99,137.1,grassland,colluvium,48.8,153.0,289.3,200.3,38.8,1,mudslide,0,low
SYN_N_02081,SYNTHETIC_NER,2021-07-06,Meghalaya,unspecified,28.4268,91.71598,1694.8,21.88,318.3,cropland,colluvium,55.0,109.6,197.3,142.5,29.2,0,n/a,0,low
SYN_N_01183,SYNTHETIC_NER,2015-09-26,Sikkim,unspecified,24.39891,91.50476,550.3,31.69,285.6,forest,colluvium,5.2,12.4,21.9,15.7,21.4,0,n/a,0,low
SYN_N_00809,SYNTHETIC_NER,2016-07-10,Mizoram,unspecified,28.12296,93.8196,1345.7,15.66,284.8,forest,unknown,19.8,49.9,81.0,59.4,26.5,0,n/a,0,low
SYN_N_00914,SYNTHETIC_NER,2018-07-18,Mizoram,unspecified,21.80037,89.90128,1559.2,31.59,333.9,grassland,colluvium,16.8,53.0,87.3,62.9,25.7,0,n/a,0,low
SYN_E_01128,SYNTHETIC_NER,2024-05-18,Nagaland,unspecified,27.01085,95.37584,2395.6,28.96,28.2,forest,weathered_rock,48.9,117.1,208.5,149.2,57.8,1,debris flow,0,low
SYN_E_00177,SYNTHETIC_NER,2019-09-21,Meghalaya,unspecified,28.92278,89.56825,510.5,34.07,355.7,forest,residual_soil,50.1,108.5,176.0,130.5,29.6,1,debris flow,0,low
SYN_E_00838,SYNTHETIC_NER,2020-07-10,Assam,unspecified,24.33715,95.10478,49.9,30.46,252.7,cropland,residual_soil,36.0,75.7,139.4,99.6,44.7,1,soil slide,0,low
SYN_E_01113,SYNTHETIC_NER,2015-09-13,Mizoram,unspecified,24.79681,89.55036,1868.3,33.46,75.8,grassland,residual_soil,60.4,154.8,242.0,179.5,40.2,1,soil slide,0,low
SYN_N_00637,SYNTHETIC_NER,2017-09-18,Sikkim,unspecified,21.71685,90.86817,3472.9,15.29,191.6,forest,unknown,18.6,37.6,75.3,52.7,13.3,0,n/a,0,low
SYN_N_01125,SYNTHETIC_NER,2020-08-04,Sikkim,unspecified,25.40725,93.6999,3531.8,40.61,75.6,grassland,colluvium,12.1,32.6,53.9,39.1,15.8,0,n/a,0,low
SYN_E_00370,SYNTHETIC_NER,2022-07-08,Mizoram,unspecified,27.13838,94.57926,434.1,44.34,134.7,forest,residual_soil,46.3,91.8,193.5,133.5,49.9,1,soil slide,0,low
SYN_N_00294,SYNTHETIC_NER,2016-08-10,Assam,unspecified,27.9837,94.87277,109.5,9.02,211.5,forest,colluvium,12.1,27.4,58.0,39.6,29.7,0,n/a,0,low
SYN_E_00729,SYNTHETIC_NER,2021-08-27,Tripura,unspecified,21.59128,97.20625,788.0,39.51,142.3,forest,unknown,24.9,51.7,99.6,70.3,44.6,1,soil slide,0,low
SYN_E_00598,SYNTHETIC_NER,2022-06-08,Tripura,unspecified,24.05265,91.03784,545.8,35.52,345.0,forest,residual_soil,38.9,72.8,112.7,86.0,50.4,1,debris flow,0,low
SYN_N_00983,SYNTHETIC_NER,2024-03-23,Manipur,unspecified,23.88803,96.29499,2156.2,18.29,90.3,built-up,residual_soil,4.1,10.5,20.9,14.4,32.5,0,n/a,0,low
SYN_N_00287,SYNTHETIC_NER,2025-09-15,Sikkim,unspecified,26.95736,91.31429,3525.1,9.81,151.5,forest,weathered_rock,16.7,45.6,84.2,59.1,27.3,0,n/a,0,low
SYN_N_01072,SYNTHETIC_NER,2021-06-17,Assam,unspecified,22.5969,93.60207,216.4,27.0,323.2,forest,unknown,19.2,43.7,92.3,63.1,23.0,0,n/a,0,low
SYN_N_00984,SYNTHETIC_NER,2016-06-09,Nagaland,unspecified,22.71891,88.1596,676.0,21.8,325.5,cropland,colluvium,14.1,33.8,66.7,46.3,18.7,0,n/a,0,low
SYN_N_02092,SYNTHETIC_NER,2020-06-09,Tripura,unspecified,28.48098,90.89832,48.9,28.07,267.2,cropland,colluvium,6.3,15.9,32.8,22.4,21.5,0,n/a,0,low
SYN_N_01629,SYNTHETIC_NER,2020-08-17,Meghalaya,unspecified,27.78019,93.87281,799.2,4.93,277.6,forest,residual_soil,36.8,74.1,121.9,90.5,25.8,0,n/a,0,low
SYN_N_00420,SYNTHETIC_NER,2015-06-11,Assam,unspecified,24.68911,93.01066,391.8,18.97,43.0,forest,colluvium,12.6,24.0,42.6,31.0,14.0,0,n/a,0,low
SYN_E_00141,SYNTHETIC_NER,2018-12-08,Meghalaya,unspecified,22.77594,94.39662,1313.6,33.33,97.4,forest,residual_soil,96.0,233.4,444.9,311.7,42.2,1,debris flow,0,low
SYN_N_01766,SYNTHETIC_NER,2022-07-03,Mizoram,unspecified,22.63054,90.48472,1682.8,26.03,155.4,forest,unknown,24.4,65.3,118.0,83.5,19.5,0,n/a,0,low
SYN_E_00665,SYNTHETIC_NER,2019-09-26,Tripura,unspecified,22.1332,96.00877,515.8,28.5,280.3,forest,residual_soil,36.7,84.2,126.4,95.8,48.6,1,debris flow,0,low
SYN_E_00809,SYNTHETIC_NER,2024-07-09,Arunachal Pradesh,unspecified,26.85893,95.7473,2233.9,32.18,254.7,forest,colluvium,77.1,236.2,473.6,323.1,40.6,1,soil slide,0,low
SYN_N_01309,SYNTHETIC_NER,2016-03-20,Sikkim,unspecified,23.34672,92.66349,3012.9,16.59,188.2,forest,residual_soil,11.2,25.6,49.9,34.9,22.3,0,n/a,0,low
SYN_E_00654,SYNTHETIC_NER,2021-08-13,Nagaland,unspecified,21.87226,89.36082,1323.4,40.43,313.0,forest,residual_soil,36.0,90.3,138.7,103.7,36.8,1,mudslide,0,low
SYN_E_00471,SYNTHETIC_NER,2024-06-05,Sikkim,unspecified,28.18896,92.40885,4890.8,37.07,350.3,cropland,weathered_rock,7.5,18.1,38.8,26.3,50.2,1,soil slide,0,low
SYN_N_00398,SYNTHETIC_NER,2015-09-09,Meghalaya,unspecified,27.24261,91.11925,1145.5,35.05,149.3,bare,colluvium,92.3,242.6,518.8,350.6,23.7,0,n/a,0,low
SYN_E_01188,SYNTHETIC_NER,2016-08-13,Nagaland,unspecified,27.93029,95.96155,1749.3,28.8,76.5,forest,weathered_rock,32.4,82.3,166.3,114.4,41.3,1,soil slide,0,low
SYN_E_01138,SYNTHETIC_NER,2020-06-18,Tripura,unspecified,23.45271,88.41456,311.0,48.7,308.2,forest,colluvium,21.2,58.3,109.4,76.4,45.0,1,soil slide,0,low
SYN_E_00952,SYNTHETIC_NER,2019-11-01,Nagaland,unspecified,22.85207,97.47878,2319.7,30.41,308.2,forest,colluvium,32.2,76.1,127.0,92.8,40.8,1,mudslide,0,low
SYN_N_01468,SYNTHETIC_NER,2023-12-23,Mizoram,unspecified,23.66187,93.37441,1766.1,23.5,262.7,forest,colluvium,17.9,52.8,107.8,73.3,23.7,0,n/a,0,low
SYN_N_00010,SYNTHETIC_NER,2022-05-01,Nagaland,unspecified,22.59793,89.75719,396.2,22.46,4.0,grassland,residual_soil,24.0,51.1,99.8,70.0,23.1,0,n/a,0,low
SYN_E_01159,SYNTHETIC_NER,2016-07-12,Mizoram,unspecified,29.02252,90.6867,787.9,26.44,119.3,bare,weathered_rock,38.8,113.3,186.8,135.2,31.6,1,soil slide,0,low
SYN_N_00162,SYNTHETIC_NER,2017-06-01,Sikkim,unspecified,27.37441,94.13252,1469.9,13.7,84.0,forest,colluvium,20.1,39.4,67.7,49.7,22.7,0,n/a,0,low
SYN_E_00195,SYNTHETIC_NER,2015-09-03,Assam,unspecified,24.45577,90.60492,398.9,32.21,262.5,forest,colluvium,33.1,66.9,117.7,85.6,29.7,1,soil slide,0,low
SYN_E_00532,SYNTHETIC_NER,2025-07-14,Meghalaya,unspecified,28.13579,89.54366,465.0,33.88,178.9,cropland,residual_soil,181.0,530.8,1039.0,714.9,39.7,1,soil slide,0,low
SYN_N_00156,SYNTHETIC_NER,2016-05-18,Arunachal Pradesh,unspecified,21.5249,94.49647,3968.8,41.63,80.1,forest,colluvium,32.8,90.8,144.4,106.0,26.9,0,n/a,0,low
SYN_N_02054,SYNTHETIC_NER,2024-06-15,Manipur,unspecified,27.05999,88.21702,2007.5,25.82,63.2,grassland,colluvium,5.9,15.5,29.4,20.5,25.4,0,n/a,0,low
SYN_N_00070,SYNTHETIC_NER,2018-08-07,Manipur,unspecified,24.04035,94.14154,2803.6,24.57,320.5,forest,colluvium,19.4,40.2,69.5,50.7,18.1,0,n/a,0,low
SYN_E_00869,SYNTHETIC_NER,2015-06-25,Assam,unspecified,27.05216,92.50134,172.6,29.31,110.7,forest,colluvium,44.4,105.1,228.9,154.9,38.4,1,debris flow,0,low
SYN_N_02063,SYNTHETIC_NER,2017-06-02,Nagaland,unspecified,26.1179,90.95766,715.6,44.78,189.8,bare,residual_soil,9.9,18.1,36.9,25.8,33.7,0,n/a,0,low
SYN_E_00227,SYNTHETIC_NER,2018-07-10,Nagaland,unspecified,28.25531,95.62514,203.3,26.25,45.4,forest,colluvium,51.0,113.9,201.7,145.2,47.9,1,mudslide,1,low
SYN_E_00555,SYNTHETIC_NER,2019-09-19,Nagaland,unspecified,27.06807,94.27474,3776.6,38.7,277.6,forest,residual_soil,33.2,100.3,168.0,120.7,32.0,1,soil slide,0,low
SYN_N_00503,SYNTHETIC_NER,2020-02-23,Meghalaya,unspecified,21.6167,89.49524,1634.7,31.34,134.7,cropland,residual_soil,25.1,51.7,95.4,68.2,32.4,0,n/a,0,low
SYN_N_01521,SYNTHETIC_NER,2024-01-21,Manipur,unspecified,29.14138,93.50204,1565.1,14.08,7.6,forest,unknown,3.5,10.9,21.3,14.6,25.7,0,n/a,0,low
SYN_N_01956,SYNTHETIC_NER,2022-06-17,Tripura,unspecified,26.8804,95.28864,628.4,16.39,229.9,forest,colluvium,11.2,31.8,50.2,36.8,28.3,0,n/a,0,low
SYN_N_01487,SYNTHETIC_NER,2021-07-12,Sikkim,unspecified,23.63858,88.12233,2535.6,19.25,329.1,forest,residual_soil,21.0,50.8,101.9,70.4,30.6,0,n/a,0,low
SYN_N_00741,SYNTHETIC_NER,2017-07-09,Tripura,unspecified,24.64014,90.26309,801.7,31.25,9.8,forest,residual_soil,6.8,20.2,28.6,21.7,23.9,0,n/a,0,low
SYN_N_01201,SYNTHETIC_NER,2018-06-14,Sikkim,unspecified,22.00761,93.93746,3542.5,4.3,21.7,grassland,unknown,17.5,36.1,76.5,52.6,14.8,0,n/a,0,low
SYN_E_00631,SYNTHETIC_NER,2023-06-23,Mizoram,unspecified,24.44187,96.47795,1196.3,35.43,86.1,forest,residual_soil,29.3,57.9,92.8,69.6,43.1,1,soil slide,0,low
SYN_N_02392,SYNTHETIC_NER,2015-06-11,Meghalaya,unspecified,24.862,93.05291,575.6,27.73,312.3,forest,colluvium,50.9,140.1,224.4,164.4,19.9,0,n/a,0,low
SYN_N_00006,SYNTHETIC_NER,2020-08-18,Assam,unspecified,22.08015,91.37906,164.4,19.93,243.1,grassland,residual_soil,14.7,29.8,47.4,35.6,31.8,0,n/a,0,low
SYN_E_00162,SYNTHETIC_NER,2018-03-19,Manipur,unspecified,26.3802,89.2268,1960.4,37.45,293.9,grassland,weathered_rock,22.4,40.3,84.1,58.6,38.9,1,mudslide,0,low
SYN_E_00219,SYNTHETIC_NER,2015-03-13,Arunachal Pradesh,unspecified,24.79325,89.7833,2520.2,30.75,272.3,forest,colluvium,57.2,113.5,194.9,142.9,40.0,1,mudslide,0,low
SYN_N_00772,SYNTHETIC_NER,2018-05-12,Assam,unspecified,21.75461,94.78797,443.7,4.39,96.3,grassland,colluvium,23.6,46.9,69.7,53.7,21.4,0,n/a,0,low
SYN_E_01032,SYNTHETIC_NER,2015-09-24,Tripura,unspecified,29.04155,90.67222,584.6,25.17,201.1,grassland,unknown,49.4,89.7,196.1,134.8,28.5,1,debris flow,0,low
SYN_N_00966,SYNTHETIC_NER,2019-08-14,Mizoram,unspecified,23.51705,94.1467,1067.8,19.21,359.5,forest,colluvium,8.1,23.7,48.0,32.7,18.9,0,n/a,0,low
SYN_N_00926,SYNTHETIC_NER,2022-08-01,Sikkim,unspecified,23.3074,89.19868,394.3,15.49,169.9,forest,residual_soil,9.5,17.5,26.1,20.2,18.3,0,n/a,0,low
SYN_N_00303,SYNTHETIC_NER,2021-07-15,Meghalaya,unspecified,26.15168,96.19655,1470.4,12.13,134.3,forest,weathered_rock,69.6,194.6,342.9,243.7,19.1,0,n/a,0,low
SYN_E_00547,SYNTHETIC_NER,2018-09-18,Nagaland,unspecified,25.27308,94.46269,3216.8,26.45,174.7,cropland,colluvium,25.8,66.6,132.8,91.5,35.1,1,debris flow,0,low
SYN_N_01542,SYNTHETIC_NER,2024-09-19,Tripura,unspecified,28.05387,91.53111,942.5,30.91,18.0,cropland,weathered_rock,21.3,59.0,96.5,70.2,17.4,0,n/a,0,low
SYN_N_01786,SYNTHETIC_NER,2024-05-03,Manipur,unspecified,24.85078,91.8962,2493.7,13.0,100.7,forest,weathered_rock,19.9,53.9,116.0,78.2,33.0,0,n/a,0,low
SYN_N_00632,SYNTHETIC_NER,2023-07-11,Nagaland,unspecified,29.41545,88.39646,2410.9,36.2,157.5,grassland,weathered_rock,9.7,27.9,59.8,40.2,8.4,0,n/a,0,low
SYN_E_00568,SYNTHETIC_NER,2015-07-16,Tripura,unspecified,27.25878,93.81264,497.0,36.16,279.7,bare,colluvium,25.0,79.5,174.8,116.3,31.7,1,mudslide,0,low
SYN_E_00871,SYNTHETIC_NER,2020-09-20,Meghalaya,unspecified,27.18451,96.2737,1740.5,30.29,77.5,forest,unknown,116.8,242.7,419.3,305.8,34.1,1,soil slide,0,low
SYN_N_01342,SYNTHETIC_NER,2016-07-03,Manipur,unspecified,22.48367,88.67807,1842.9,33.23,196.0,cropland,colluvium,7.4,18.8,32.9,23.6,21.9,0,n/a,0,low
SYN_E_01089,SYNTHETIC_NER,2018-10-19,Meghalaya,unspecified,27.21724,93.81286,277.6,33.54,316.9,bare,residual_soil,17.1,41.9,72.0,52.0,34.8,1,mudslide,0,low
SYN_N_01281,SYNTHETIC_NER,2021-06-07,Manipur,unspecified,27.67606,96.40143,1137.6,22.45,256.3,forest,residual_soil,12.3,35.2,63.7,44.8,27.3,0,n/a,0,low
SYN_E_00611,SYNTHETIC_NER,2015-09-27,Manipur,unspecified,25.26189,93.82301,1116.0,18.1,318.8,forest,colluvium,29.2,73.7,133.8,94.8,38.5,1,mudslide,0,low
SYN_N_01239,SYNTHETIC_NER,2023-09-15,Nagaland,unspecified,28.30653,90.51361,3059.4,24.75,213.2,forest,weathered_rock,15.3,43.0,64.7,48.3,15.0,0,n/a,0,low
SYN_N_00707,SYNTHETIC_NER,2019-03-10,Manipur,unspecified,26.32718,88.88426,2188.6,12.68,60.5,grassland,residual_soil,1.8,3.7,5.7,4.3,15.2,0,n/a,0,low
SYN_N_02098,SYNTHETIC_NER,2018-06-25,Assam,unspecified,21.9792,91.02232,574.1,19.7,22.8,grassland,colluvium,14.5,35.6,78.0,52.6,16.4,0,n/a,0,low
SYN_N_02364,SYNTHETIC_NER,2023-10-15,Tripura,unspecified,26.42181,94.88022,542.6,2.0,130.2,forest,residual_soil,6.4,18.2,28.3,20.9,22.9,0,n/a,0,low
SYN_E_00742,SYNTHETIC_NER,2025-06-01,Tripura,unspecified,27.9576,91.53343,344.8,29.01,182.2,cropland,residual_soil,28.4,80.5,163.5,111.6,20.1,1,mudslide,0,low
SYN_N_02030,SYNTHETIC_NER,2017-02-13,Nagaland,unspecified,22.45837,91.34223,2970.9,5.21,177.4,forest,residual_soil,26.4,65.1,102.5,76.1,33.2,0,n/a,0,low
SYN_N_02214,SYNTHETIC_NER,2015-06-22,Nagaland,unspecified,26.53602,95.48446,974.1,2.45,12.8,grassland,colluvium,0.6,1.6,2.7,2.0,11.9,0,n/a,0,low
SYN_N_00626,SYNTHETIC_NER,2015-07-07,Manipur,unspecified,23.08963,92.3847,1299.2,27.47,230.5,grassland,unknown,5.8,16.4,35.9,24.0,25.9,0,n/a,0,low
SYN_E_00581,SYNTHETIC_NER,2018-02-19,Sikkim,unspecified,25.43504,97.38258,1288.4,34.82,78.5,forest,unknown,62.9,196.7,362.7,253.0,32.6,1,soil slide,0,low
SYN_N_02057,SYNTHETIC_NER,2025-06-03,Meghalaya,unspecified,23.65675,94.68165,630.0,34.96,232.3,forest,colluvium,71.8,131.4,199.6,153.6,20.2,0,n/a,0,low
SYN_N_00685,SYNTHETIC_NER,2025-07-26,Tripura,unspecified,24.33183,91.11977,634.7,17.6,82.1,forest,residual_soil,12.0,33.8,50.5,37.8,36.3,0,n/a,0,low
SYN_E_01003,SYNTHETIC_NER,2016-07-06,Arunachal Pradesh,unspecified,24.29492,96.29575,4681.8,33.46,78.8,cropland,residual_soil,42.3,116.4,237.1,161.9,40.5,1,mudslide,1,low
SYN_E_00073,SYNTHETIC_NER,2016-08-04,Meghalaya,unspecified,21.67379,96.06353,1147.2,35.62,55.9,cropland,colluvium,64.2,120.4,224.6,161.3,29.3,1,debris flow,0,low
SYN_E_00048,SYNTHETIC_NER,2019-07-07,Tripura,unspecified,24.06587,94.20532,902.9,40.8,242.2,forest,residual_soil,31.2,79.8,123.4,91.9,43.2,1,debris flow,0,low
SYN_N_00686,SYNTHETIC_NER,2015-06-03,Mizoram,unspecified,23.71118,88.91968,166.9,4.89,124.6,grassland,residual_soil,31.5,63.1,115.5,83.0,21.8,0,n/a,0,low
SYN_E_01094,SYNTHETIC_NER,2017-09-27,Mizoram,unspecified,26.9902,88.09995,341.7,39.88,326.8,forest,residual_soil,48.8,120.4,234.8,163.3,39.8,1,soil slide,0,low
SYN_N_00301,SYNTHETIC_NER,2018-07-12,Arunachal Pradesh,unspecified,26.30719,91.96697,3175.9,20.78,177.2,forest,colluvium,37.3,87.4,125.6,96.5,20.4,0,n/a,0,low
SYN_N_02007,SYNTHETIC_NER,2016-08-18,Mizoram,unspecified,28.99349,88.14774,856.7,26.94,140.1,grassland,residual_soil,11.9,21.7,44.9,31.3,20.8,0,n/a,0,low
SYN_N_01841,SYNTHETIC_NER,2021-06-23,Nagaland,unspecified,25.99375,92.38077,3182.6,21.89,214.3,bare,residual_soil,28.6,55.1,86.5,65.5,27.0,0,n/a,0,low
SYN_E_00756,SYNTHETIC_NER,2022-07-03,Tripura,unspecified,25.47599,89.79071,424.2,33.88,178.1,cropland,unknown,44.7,80.9,118.8,92.6,41.5,1,debris flow,0,low
SYN_E_01074,SYNTHETIC_NER,2015-07-11,Manipur,unspecified,24.80955,94.10182,1240.7,34.21,43.5,forest,weathered_rock,22.7,47.5,100.8,69.2,42.8,1,mudslide,0,low
SYN_N_01273,SYNTHETIC_NER,2018-09-08,Meghalaya,unspecified,22.11445,96.11313,1596.1,2.0,307.3,forest,residual_soil,48.5,121.0,198.4,145.2,13.3,0,n/a,0,low
SYN_E_00978,SYNTHETIC_NER,2019-08-17,Mizoram,unspecified,28.69087,89.14868,971.6,32.6,35.1,cropland,colluvium,21.1,54.7,88.5,64.9,35.4,1,rock slide,0,low
SYN_N_02314,SYNTHETIC_NER,2018-09-18,Sikkim,unspecified,27.07807,93.68353,4073.8,34.18,128.0,forest,colluvium,20.7,66.1,109.1,78.5,37.7,0,n/a,0,low
SYN_N_01341,SYNTHETIC_NER,2016-06-16,Assam,unspecified,26.21677,90.88997,315.0,16.63,177.3,forest,weathered_rock,5.6,16.7,35.2,23.7,16.8,0,n/a,0,low
SYN_N_00255,SYNTHETIC_NER,2020-02-21,Mizoram,unspecified,28.20878,92.09848,1395.4,12.47,29.8,forest,residual_soil,21.9,61.9,95.3,70.6,14.4,0,n/a,0,low
SYN_N_01561,SYNTHETIC_NER,2018-07-20,Sikkim,unspecified,24.5461,95.49821,999.9,31.5,117.2,forest,colluvium,47.9,130.8,263.0,180.3,7.2,0,n/a,0,low
SYN_N_00207,SYNTHETIC_NER,2024-09-07,Sikkim,unspecified,23.9883,90.78057,4419.5,17.24,319.4,bare,colluvium,33.6,92.8,181.0,125.0,18.8,0,n/a,0,low
SYN_N_01154,SYNTHETIC_NER,2016-07-03,Nagaland,unspecified,26.38976,94.46674,1255.4,37.9,89.8,grassland,colluvium,28.4,76.0,149.1,103.0,29.4,0,n/a,0,low
SYN_E_00572,SYNTHETIC_NER,2025-12-15,Mizoram,unspecified,28.44623,88.96709,459.6,32.49,89.8,cropland,residual_soil,57.5,128.1,275.7,187.8,40.2,1,soil slide,0,low
SYN_N_00763,SYNTHETIC_NER,2018-07-19,Assam,unspecified,24.90394,90.83415,303.3,21.21,180.0,grassland,unknown,18.3,49.7,98.4,67.8,12.9,0,n/a,0,low
SYN_N_02348,SYNTHETIC_NER,2022-09-12,Nagaland,unspecified,22.35993,93.7465,2169.9,13.22,53.6,grassland,colluvium,17.3,42.2,59.7,46.0,16.3,0,n/a,0,low
SYN_N_01665,SYNTHETIC_NER,2017-08-16,Tripura,unspecified,29.41802,93.96487,40.8,25.24,34.9,cropland,weathered_rock,14.9,46.2,87.2,60.4,16.4,0,n/a,0,low
SYN_N_01306,SYNTHETIC_NER,2018-09-01,Mizoram,unspecified,26.23778,93.5548,225.1,20.5,348.8,forest,weathered_rock,14.7,44.4,88.6,60.6,38.7,0,n/a,0,low
SYN_N_00996,SYNTHETIC_NER,2015-11-05,Tripura,unspecified,27.60544,96.6828,306.8,28.49,326.8,forest,residual_soil,14.6,36.6,73.2,50.5,11.4,0,n/a,0,low
SYN_N_01089,SYNTHETIC_NER,2019-11-21,Sikkim,unspecified,23.27401,95.16951,1634.8,33.89,124.0,forest,colluvium,1.1,2.6,5.0,3.5,9.2,0,n/a,0,low
SYN_N_00004,SYNTHETIC_NER,2020-09-27,Meghalaya,unspecified,28.48162,91.49685,802.7,11.48,291.6,cropland,colluvium,75.8,175.0,366.8,251.0,31.3,0,n/a,0,low
SYN_N_01915,SYNTHETIC_NER,2021-08-26,Nagaland,unspecified,22.52218,91.83191,2647.3,23.38,176.8,grassland,unknown,20.9,41.4,82.4,57.8,5.0,0,n/a,0,low
SYN_N_00206,SYNTHETIC_NER,2018-03-14,Meghalaya,unspecified,25.94269,95.37448,1705.7,20.71,275.0,grassland,colluvium,100.6,255.1,508.7,351.0,19.7,0,n/a,0,low
SYN_N_00931,SYNTHETIC_NER,2021-08-02,Mizoram,unspecified,28.86795,88.69016,484.7,19.45,244.7,forest,weathered_rock,14.6,39.0,58.5,43.9,30.4,0,n/a,0,low
SYN_N_01558,SYNTHETIC_NER,2022-09-05,Nagaland,unspecified,23.00888,95.23931,1059.6,32.05,292.2,cropland,residual_soil,11.1,34.2,55.8,40.4,15.1,0,n/a,0,low
SYN_N_01006,SYNTHETIC_NER,2019-09-02,Mizoram,unspecified,24.57819,94.90733,1434.8,20.09,61.0,forest,colluvium,12.9,25.2,53.3,36.8,19.7,0,n/a,0,low
SYN_N_02333,SYNTHETIC_NER,2019-03-10,Manipur,unspecified,27.33096,94.74238,1902.4,14.33,301.2,grassland,colluvium,30.1,84.1,159.5,111.0,28.7,0,n/a,0,low
SYN_N_02118,SYNTHETIC_NER,2020-09-09,Meghalaya,unspecified,23.70883,92.01299,1494.0,17.11,88.2,forest,unknown,37.0,97.2,176.3,124.7,10.6,0,n/a,0,low
SYN_E_00259,SYNTHETIC_NER,2019-06-09,Nagaland,unspecified,22.31896,93.32818,1082.4,24.62,35.6,forest,colluvium,41.3,91.4,136.9,104.1,46.3,1,debris flow,0,low
SYN_N_00400,SYNTHETIC_NER,2019-10-23,Manipur,unspecified,22.86039,94.03912,2757.0,11.52,215.8,grassland,weathered_rock,15.8,45.9,88.5,61.2,24.1,0,n/a,0,low
SYN_N_00631,SYNTHETIC_NER,2016-10-23,Assam,unspecified,24.71338,88.89626,590.1,36.59,301.8,bare,colluvium,0.4,0.9,1.5,1.1,30.3,0,n/a,0,low
SYN_N_02044,SYNTHETIC_NER,2024-09-20,Nagaland,unspecified,29.25192,96.72825,578.2,19.21,2.6,forest,weathered_rock,9.6,21.9,34.4,25.7,18.7,0,n/a,0,low
SYN_E_00812,SYNTHETIC_NER,2021-09-13,Tripura,unspecified,26.50888,88.85785,792.0,35.08,132.0,cropland,residual_soil,31.2,80.8,159.4,110.2,39.7,1,debris flow,0,low
SYN_N_01391,SYNTHETIC_NER,2022-08-20,Manipur,unspecified,27.99581,88.90539,1031.6,14.54,336.4,built-up,weathered_rock,14.2,29.9,58.1,40.9,25.5,0,n/a,0,low
SYN_N_00917,SYNTHETIC_NER,2015-07-16,Manipur,unspecified,23.58495,95.50179,1664.7,10.0,109.7,forest,residual_soil,6.5,14.4,22.9,17.1,15.2,0,n/a,0,low
SYN_N_00346,SYNTHETIC_NER,2018-09-03,Assam,unspecified,26.39346,88.15415,307.7,17.18,137.4,bare,residual_soil,21.9,41.2,85.5,59.5,12.0,0,n/a,0,low
SYN_N_00423,SYNTHETIC_NER,2022-09-10,Meghalaya,unspecified,22.20678,90.70831,1209.5,29.2,223.6,forest,colluvium,54.2,120.4,246.4,170.2,20.4,0,n/a,0,low
SYN_N_02227,SYNTHETIC_NER,2024-08-02,Mizoram,unspecified,26.56363,92.12007,1837.3,21.27,251.0,forest,residual_soil,20.3,51.0,108.3,73.5,46.6,0,n/a,0,low
SYN_N_00773,SYNTHETIC_NER,2025-08-21,Manipur,unspecified,29.4594,90.74179,878.4,34.57,16.7,grassland,residual_soil,5.6,15.0,28.4,19.9,36.9,0,n/a,0,low
SYN_N_01601,SYNTHETIC_NER,2023-09-19,Mizoram,unspecified,21.78806,89.22385,748.3,16.91,194.6,forest,colluvium,25.5,67.0,126.8,88.6,23.0,0,n/a,0,low
SYN_N_02065,SYNTHETIC_NER,2022-08-15,Tripura,unspecified,27.75704,96.4055,855.0,18.53,97.5,grassland,unknown,12.6,30.9,60.9,42.2,31.8,0,n/a,0,low
SYN_N_01419,SYNTHETIC_NER,2019-08-12,Manipur,unspecified,24.78956,92.93333,1073.6,32.09,332.3,forest,weathered_rock,6.3,13.0,21.0,15.7,28.5,0,n/a,0,low
SYN_N_00178,SYNTHETIC_NER,2018-08-09,Arunachal Pradesh,unspecified,28.23609,96.65136,4404.6,25.39,68.8,grassland,weathered_rock,21.3,41.4,67.7,50.5,24.7,0,n/a,0,low
SYN_N_02252,SYNTHETIC_NER,2021-09-17,Assam,unspecified,29.29214,88.44234,98.6,38.85,195.7,forest,weathered_rock,13.9,35.2,65.3,46.0,36.6,0,n/a,0,low
SYN_N_01933,SYNTHETIC_NER,2019-09-13,Sikkim,unspecified,28.79387,97.15235,4233.0,14.18,190.3,forest,residual_soil,11.7,22.7,33.1,25.7,20.4,0,n/a,0,low
SYN_N_00037,SYNTHETIC_NER,2019-07-01,Tripura,unspecified,22.09937,88.1043,792.1,25.63,52.6,cropland,residual_soil,4.8,11.1,16.1,12.4,24.2,0,n/a,0,low
SYN_N_02232,SYNTHETIC_NER,2015-03-18,Manipur,unspecified,24.21849,90.96527,2817.3,32.19,260.4,forest,colluvium,4.7,11.4,22.2,15.5,32.7,0,n/a,0,low
SYN_E_01071,SYNTHETIC_NER,2018-08-11,Meghalaya,unspecified,27.00984,94.04916,1415.7,26.81,22.9,forest,colluvium,102.6,274.4,426.4,316.0,44.5,1,mudslide,0,low
SYN_N_01646,SYNTHETIC_NER,2024-06-26,Manipur,unspecified,27.76896,93.77331,1875.7,23.38,306.1,forest,unknown,20.0,55.7,102.6,72.0,24.2,0,n/a,0,low
SYN_N_00545,SYNTHETIC_NER,2015-10-08,Assam,unspecified,27.64964,96.40766,80.4,32.0,259.2,forest,residual_soil,0.0,0.0,0.0,0.0,19.5,0,n/a,0,low
SYN_N_00940,SYNTHETIC_NER,2024-08-13,Assam,unspecified,22.42612,93.09972,248.7,31.98,306.5,cropland,residual_soil,25.6,54.5,101.1,72.0,19.1,0,n/a,0,low
SYN_N_02298,SYNTHETIC_NER,2021-07-09,Mizoram,unspecified,22.83955,94.49323,337.6,5.05,187.9,bare,weathered_rock,13.7,39.6,86.2,57.7,20.4,0,n/a,0,low
SYN_N_00718,SYNTHETIC_NER,2020-07-23,Meghalaya,unspecified,27.81602,93.14071,576.7,33.83,99.4,forest,unknown,114.9,227.7,447.4,315.0,15.5,0,n/a,0,low
SYN_N_00661,SYNTHETIC_NER,2018-09-25,Sikkim,unspecified,29.36109,90.86986,2376.5,22.31,341.3,forest,residual_soil,11.1,31.2,53.6,38.4,20.4,0,n/a,0,low
SYN_N_00525,SYNTHETIC_NER,2023-07-15,Arunachal Pradesh,unspecified,26.5195,90.47791,3863.5,10.24,73.8,forest,residual_soil,9.0,28.6,48.7,34.7,33.3,0,n/a,0,low
SYN_N_02353,SYNTHETIC_NER,2023-07-20,Manipur,unspecified,23.68411,88.91703,1583.0,34.36,10.1,bare,residual_soil,16.0,39.4,68.0,49.0,20.6,0,n/a,0,low
SYN_N_01757,SYNTHETIC_NER,2024-06-01,Mizoram,unspecified,22.86231,93.44052,1934.4,15.22,333.2,forest,colluvium,3.9,10.7,20.0,14.0,26.2,0,n/a,0,low
SYN_E_00108,SYNTHETIC_NER,2025-09-15,Manipur,unspecified,22.70795,96.67762,2548.8,30.92,324.9,grassland,colluvium,24.9,66.7,142.1,96.0,21.7,1,soil slide,0,low
SYN_E_01084,SYNTHETIC_NER,2016-06-17,Meghalaya,unspecified,29.46406,92.94471,282.6,45.95,33.0,forest,weathered_rock,200.5,538.2,1170.4,786.8,47.8,1,soil slide,0,low
SYN_N_00450,SYNTHETIC_NER,2023-09-11,Tripura,unspecified,23.01218,96.87626,271.0,39.69,257.1,grassland,colluvium,27.7,84.5,174.9,118.4,21.2,0,n/a,0,low
SYN_N_00177,SYNTHETIC_NER,2018-05-08,Tripura,unspecified,23.64454,91.02368,398.9,22.29,206.0,forest,residual_soil,22.4,44.1,85.8,60.6,30.6,0,n/a,0,low
SYN_E_00318,SYNTHETIC_NER,2016-06-02,Arunachal Pradesh,unspecified,27.31719,89.99657,4208.0,47.99,236.3,grassland,residual_soil,34.2,62.8,89.7,70.5,36.3,1,debris flow,0,low
SYN_E_00816,SYNTHETIC_NER,2022-08-26,Assam,unspecified,23.99191,96.99381,460.5,37.61,12.7,built-up,weathered_rock,23.8,74.6,161.9,108.1,50.8,1,soil slide,0,low
SYN_E_00059,SYNTHETIC_NER,2023-08-15,Tripura,unspecified,24.71638,90.13455,296.3,36.02,304.8,forest,residual_soil,33.4,66.5,143.3,98.3,42.6,1,soil slide,0,low
SYN_E_00893,SYNTHETIC_NER,2024-06-16,Arunachal Pradesh,unspecified,23.08069,88.85189,2736.8,32.04,27.0,forest,colluvium,71.5,176.9,320.0,227.4,40.3,1,mudslide,0,low
SYN_N_00219,SYNTHETIC_NER,2020-10-26,Nagaland,unspecified,26.88121,91.21394,704.4,18.59,360.0,grassland,colluvium,14.0,34.5,61.2,43.7,20.7,0,n/a,0,low
SYN_N_00170,SYNTHETIC_NER,2021-06-27,Mizoram,unspecified,25.71511,91.95809,1588.7,16.24,126.0,cropland,weathered_rock,10.5,28.7,52.3,36.8,29.7,0,n/a,0,low
SYN_N_00095,SYNTHETIC_NER,2020-07-11,Manipur,unspecified,23.56001,89.52694,846.1,19.23,24.2,grassland,residual_soil,6.5,18.0,38.8,26.1,15.9,0,n/a,0,low
SYN_N_02306,SYNTHETIC_NER,2019-04-26,Tripura,unspecified,25.84356,90.71742,350.7,15.92,332.3,forest,colluvium,16.1,29.2,57.1,40.5,34.2,0,n/a,0,low
SYN_N_00766,SYNTHETIC_NER,2021-07-16,Manipur,unspecified,22.75301,97.46057,1021.8,22.72,28.3,forest,weathered_rock,12.5,23.8,44.6,32.0,40.1,0,n/a,0,low
SYN_E_00765,SYNTHETIC_NER,2024-09-16,Sikkim,unspecified,21.5344,92.27122,345.7,42.73,266.0,forest,weathered_rock,15.7,41.0,70.9,50.9,38.8,1,rock slide,0,low
SYN_N_01284,SYNTHETIC_NER,2020-08-20,Meghalaya,unspecified,27.90542,93.61949,1054.5,33.45,266.9,forest,residual_soil,21.1,56.9,86.3,64.4,33.8,0,n/a,0,low
SYN_N_00779,SYNTHETIC_NER,2023-09-19,Tripura,unspecified,23.05363,94.55322,136.6,19.43,161.7,built-up,residual_soil,1.3,2.9,5.3,3.8,25.1,0,n/a,0,low
SYN_E_00912,SYNTHETIC_NER,2017-09-23,Manipur,unspecified,24.63871,93.44629,1276.8,34.95,21.1,cropland,unknown,19.0,57.5,102.4,72.3,42.6,1,soil slide,0,low
SYN_N_00020,SYNTHETIC_NER,2015-08-16,Sikkim,unspecified,25.40541,96.02297,2338.9,21.13,316.9,grassland,colluvium,30.2,85.6,140.7,102.0,29.4,0,n/a,0,low
SYN_N_01889,SYNTHETIC_NER,2016-10-11,Assam,unspecified,28.84571,96.79767,536.8,27.43,336.5,forest,colluvium,11.2,26.6,43.9,32.2,21.2,0,n/a,0,low
SYN_E_00727,SYNTHETIC_NER,2023-07-26,Assam,unspecified,22.0012,97.11175,482.6,35.59,245.0,cropland,weathered_rock,27.6,83.3,138.6,99.8,44.0,1,rock slide,0,low
SYN_N_00441,SYNTHETIC_NER,2025-08-24,Manipur,unspecified,27.6507,94.94271,952.4,11.98,93.7,bare,colluvium,21.5,63.8,121.7,84.3,40.4,0,n/a,0,low
SYN_N_01353,SYNTHETIC_NER,2016-07-27,Sikkim,unspecified,25.72297,89.64943,1913.4,8.02,65.8,cropland,colluvium,11.3,34.1,49.9,37.5,37.5,0,n/a,0,low
SYN_E_00220,SYNTHETIC_NER,2025-08-21,Meghalaya,unspecified,25.96309,94.87982,690.6,42.65,245.3,forest,colluvium,113.1,338.2,671.9,460.0,39.4,1,debris flow,0,low
SYN_N_01470,SYNTHETIC_NER,2021-06-13,Nagaland,unspecified,28.42251,92.08717,2872.6,16.08,238.5,grassland,residual_soil,12.8,36.4,79.1,53.1,23.3,0,n/a,0,low
SYN_E_00582,SYNTHETIC_NER,2017-06-15,Assam,unspecified,23.25906,93.04899,568.2,37.67,208.2,forest,residual_soil,32.8,71.9,126.7,91.5,39.5,1,debris flow,0,low
SYN_E_01055,SYNTHETIC_NER,2016-05-10,Arunachal Pradesh,unspecified,23.88007,91.20021,3169.9,43.38,308.4,bare,weathered_rock,68.2,187.8,334.4,237.2,41.2,1,rock slide,0,low
SYN_E_01192,SYNTHETIC_NER,2018-08-07,Meghalaya,unspecified,28.13891,96.71907,1508.5,38.52,59.1,forest,unknown,78.7,188.6,300.6,222.6,42.3,1,mudslide,0,low
SYN_E_00907,SYNTHETIC_NER,2025-09-11,Meghalaya,unspecified,25.63355,88.36672,417.3,35.15,220.1,bare,residual_soil,168.7,463.0,809.2,577.3,34.3,1,soil slide,0,low
SYN_E_00056,SYNTHETIC_NER,2023-08-06,Nagaland,unspecified,28.01579,90.23494,1650.4,39.66,99.4,built-up,residual_soil,30.7,61.3,119.0,84.0,43.8,1,soil slide,0,low
SYN_E_00187,SYNTHETIC_NER,2020-05-18,Manipur,unspecified,24.24151,94.16647,2531.6,24.32,179.2,forest,residual_soil,22.7,56.6,91.2,67.1,42.7,1,debris flow,0,low
SYN_N_00924,SYNTHETIC_NER,2022-09-10,Nagaland,unspecified,24.95689,96.68965,1804.0,35.48,33.9,forest,weathered_rock,17.2,32.0,46.9,36.5,28.6,0,n/a,0,low
SYN_N_00880,SYNTHETIC_NER,2021-09-19,Sikkim,unspecified,25.57058,93.95116,4269.3,34.29,311.7,bare,colluvium,11.2,30.3,50.8,36.7,22.8,0,n/a,0,low
SYN_N_01225,SYNTHETIC_NER,2023-08-16,Nagaland,unspecified,21.7613,96.47692,304.5,20.79,202.6,forest,residual_soil,15.3,44.9,89.9,61.5,14.8,0,n/a,0,low
SYN_N_02144,SYNTHETIC_NER,2018-06-24,Nagaland,unspecified,28.08231,88.38864,1013.3,23.94,207.6,forest,residual_soil,3.9,7.9,16.2,11.2,27.2,0,n/a,0,low
SYN_N_00605,SYNTHETIC_NER,2025-06-12,Assam,unspecified,26.33898,94.31269,172.3,11.06,33.4,forest,residual_soil,7.9,19.3,31.9,23.3,12.9,0,n/a,0,low
SYN_N_00055,SYNTHETIC_NER,2015-10-06,Meghalaya,unspecified,22.45608,97.33166,1911.7,31.0,87.4,forest,residual_soil,20.3,65.0,114.8,80.9,32.0,0,n/a,0,low
SYN_E_00468,SYNTHETIC_NER,2021-09-01,Meghalaya,unspecified,27.78741,94.60607,1607.2,38.66,19.2,grassland,colluvium,158.3,300.2,604.0,423.7,42.4,1,debris flow,0,low
SYN_E_01149,SYNTHETIC_NER,2019-07-26,Sikkim,unspecified,25.81898,90.46476,838.9,31.71,354.6,forest,weathered_rock,58.5,158.8,266.4,192.5,34.6,1,soil slide,0,low
SYN_N_02108,SYNTHETIC_NER,2015-08-02,Tripura,unspecified,28.04795,93.19685,748.7,18.26,94.9,cropland,residual_soil,14.8,28.2,47.0,34.9,36.5,0,n/a,0,low
SYN_N_01041,SYNTHETIC_NER,2015-05-17,Manipur,unspecified,22.28926,90.49475,2250.7,22.9,29.0,forest,colluvium,13.1,35.2,59.1,42.7,24.3,0,n/a,0,low
SYN_E_00226,SYNTHETIC_NER,2024-07-23,Sikkim,unspecified,23.67019,94.16087,4528.1,36.23,19.1,forest,colluvium,24.3,59.0,98.0,71.6,40.3,1,debris flow,0,low
SYN_E_00535,SYNTHETIC_NER,2024-09-18,Meghalaya,unspecified,21.87036,88.07471,1733.1,35.75,297.1,forest,residual_soil,66.1,182.0,307.5,221.5,34.9,1,rock slide,0,low
SYN_E_00905,SYNTHETIC_NER,2025-08-17,Tripura,unspecified,26.66863,96.42519,631.4,32.03,220.8,forest,colluvium,40.1,118.1,233.9,160.4,26.9,1,rock slide,0,low
SYN_E_00921,SYNTHETIC_NER,2021-09-08,Nagaland,unspecified,28.79965,90.52255,1945.8,32.87,209.7,grassland,weathered_rock,23.2,45.8,64.6,50.6,45.4,1,soil slide,0,low
SYN_N_01400,SYNTHETIC_NER,2021-12-07,Manipur,unspecified,25.65818,97.2287,2438.1,16.94,297.4,forest,colluvium,10.3,23.8,44.0,31.2,35.5,0,n/a,0,low
SYN_N_02099,SYNTHETIC_NER,2018-06-19,Assam,unspecified,27.21338,96.46605,138.4,20.4,222.0,bare,colluvium,3.1,6.8,13.9,9.6,17.1,0,n/a,0,low
SYN_N_02207,SYNTHETIC_NER,2025-09-16,Meghalaya,unspecified,26.66114,95.28735,1190.9,24.91,34.9,cropland,residual_soil,39.0,101.3,217.3,146.8,29.5,0,n/a,0,low
SYN_N_02149,SYNTHETIC_NER,2020-07-13,Manipur,unspecified,26.80473,90.31239,2673.7,12.92,74.9,forest,residual_soil,5.8,11.2,22.0,15.5,30.2,0,n/a,0,low
SYN_E_00697,SYNTHETIC_NER,2018-08-25,Nagaland,unspecified,27.07104,96.8472,1522.4,34.46,223.8,forest,unknown,43.1,85.4,119.9,94.2,46.7,1,soil slide,2,low
SYN_N_01735,SYNTHETIC_NER,2018-06-14,Mizoram,unspecified,22.84942,91.74934,759.3,24.94,148.3,grassland,colluvium,13.8,40.4,67.7,48.7,18.9,0,n/a,0,low
SYN_E_00210,SYNTHETIC_NER,2015-08-16,Mizoram,unspecified,28.15855,89.73758,1763.8,26.66,24.6,cropland,residual_soil,49.4,149.4,271.3,190.4,41.9,1,soil slide,0,low
SYN_N_01676,SYNTHETIC_NER,2016-07-06,Sikkim,unspecified,27.03655,90.23737,4504.3,21.96,64.5,forest,residual_soil,19.0,60.4,131.7,87.8,22.8,0,n/a,0,low
SYN_E_00069,SYNTHETIC_NER,2015-05-04,Manipur,unspecified,29.1976,92.28048,1886.6,34.67,65.1,forest,residual_soil,23.7,59.0,104.6,74.7,37.9,1,soil slide,0,low
SYN_E_00734,SYNTHETIC_NER,2016-07-11,Meghalaya,unspecified,24.15094,89.52188,453.4,34.68,124.9,forest,residual_soil,91.6,193.0,299.5,226.0,46.5,1,debris flow,0,low
SYN_N_00494,SYNTHETIC_NER,2016-09-19,Assam,unspecified,27.55468,92.96854,212.3,26.48,132.3,forest,colluvium,15.9,44.3,85.2,59.1,8.1,0,n/a,0,low
SYN_N_00092,SYNTHETIC_NER,2015-08-07,Meghalaya,unspecified,26.39547,88.25612,503.0,6.86,253.8,grassland,colluvium,26.7,69.4,122.1,87.2,33.0,0,n/a,0,low
SYN_N_02064,SYNTHETIC_NER,2023-10-07,Assam,unspecified,24.50398,92.55897,521.8,15.57,357.4,grassland,residual_soil,15.3,40.6,68.8,49.7,30.2,0,n/a,0,low
SYN_N_01947,SYNTHETIC_NER,2024-04-19,Arunachal Pradesh,unspecified,27.62211,94.53376,2083.9,11.76,35.1,grassland,residual_soil,12.3,37.1,69.0,48.1,9.2,0,n/a,0,low
SYN_E_00376,SYNTHETIC_NER,2015-08-19,Tripura,unspecified,25.31702,93.04755,162.9,38.25,162.9,forest,weathered_rock,31.2,84.8,178.5,120.9,38.2,1,soil slide,0,low
SYN_E_00436,SYNTHETIC_NER,2019-07-11,Nagaland,unspecified,24.87547,93.21315,818.5,49.31,74.1,forest,colluvium,29.9,67.9,101.4,77.1,41.9,1,mudslide,0,low
SYN_N_01214,SYNTHETIC_NER,2020-09-02,Mizoram,unspecified,24.64488,88.73969,1321.3,38.25,271.9,bare,weathered_rock,10.9,34.8,66.5,45.9,5.0,0,n/a,0,low
SYN_N_00704,SYNTHETIC_NER,2017-09-15,Tripura,unspecified,29.20386,89.96134,580.8,20.54,329.2,grassland,weathered_rock,15.0,33.8,54.8,40.6,17.9,0,n/a,0,low
SYN_N_02147,SYNTHETIC_NER,2019-09-08,Sikkim,unspecified,27.56494,97.30002,3216.4,23.36,43.5,grassland,residual_soil,11.5,21.1,43.8,30.5,20.6,0,n/a,0,low
SYN_E_00208,SYNTHETIC_NER,2016-07-15,Mizoram,unspecified,28.05791,88.02908,818.1,31.6,223.1,bare,weathered_rock,40.2,117.4,188.7,137.6,51.8,1,soil slide,0,low
SYN_N_00380,SYNTHETIC_NER,2025-07-21,Manipur,unspecified,22.65169,93.90089,1064.5,9.29,209.2,bare,weathered_rock,10.6,23.7,46.9,32.7,14.3,0,n/a,0,low
SYN_E_00565,SYNTHETIC_NER,2015-08-24,Meghalaya,unspecified,27.55632,97.01419,551.6,26.23,206.7,forest,weathered_rock,73.0,212.7,347.6,252.2,46.2,1,soil slide,0,low
SYN_E_00313,SYNTHETIC_NER,2019-08-27,Mizoram,unspecified,23.08737,94.91633,2130.8,36.73,259.0,forest,colluvium,25.8,75.8,146.2,101.0,27.2,1,mudslide,0,low
SYN_E_00601,SYNTHETIC_NER,2015-08-01,Sikkim,unspecified,28.3784,89.4192,792.6,39.34,122.7,cropland,residual_soil,29.8,67.7,122.5,87.5,30.3,1,rock slide,0,low
SYN_E_00233,SYNTHETIC_NER,2025-08-22,Sikkim,unspecified,25.51329,92.78569,2790.1,30.7,331.9,cropland,colluvium,46.5,87.9,188.6,130.0,39.4,1,soil slide,0,low
SYN_N_01916,SYNTHETIC_NER,2020-06-18,Mizoram,unspecified,22.80483,94.18674,1485.3,29.4,12.5,grassland,residual_soil,17.9,52.3,82.7,60.6,12.0,0,n/a,0,low
SYN_N_02066,SYNTHETIC_NER,2024-09-20,Meghalaya,unspecified,22.96841,91.43414,275.5,6.75,239.7,forest,residual_soil,108.2,256.4,362.2,279.7,11.8,0,n/a,0,low
SYN_N_01710,SYNTHETIC_NER,2019-02-21,Tripura,unspecified,27.6379,92.97431,509.8,22.53,15.7,cropland,weathered_rock,23.7,45.6,77.9,57.4,29.6,0,n/a,0,low
SYN_E_01114,SYNTHETIC_NER,2016-03-21,Meghalaya,unspecified,22.0663,94.70301,434.9,23.6,259.8,forest,unknown,137.0,383.6,664.6,474.8,40.9,1,mudslide,0,low
SYN_E_00012,SYNTHETIC_NER,2022-06-08,Tripura,unspecified,26.26571,90.19717,839.9,25.25,314.6,forest,colluvium,34.6,102.8,145.4,110.5,29.3,1,soil slide,0,low
SYN_E_00111,SYNTHETIC_NER,2020-04-10,Sikkim,unspecified,21.70814,95.9439,2920.6,22.02,27.6,forest,residual_soil,77.7,153.2,328.0,225.5,35.0,1,debris flow,0,low
SYN_N_01049,SYNTHETIC_NER,2022-10-13,Manipur,unspecified,22.95251,94.98402,1785.1,25.25,194.3,bare,unknown,17.8,52.1,85.4,61.9,16.4,0,n/a,0,low
SYN_N_00452,SYNTHETIC_NER,2017-09-05,Assam,unspecified,26.47153,92.08764,402.5,12.4,219.5,forest,colluvium,24.1,63.6,126.1,86.9,27.2,0,n/a,0,low
SYN_N_01286,SYNTHETIC_NER,2019-08-26,Mizoram,unspecified,25.55966,95.97021,186.2,27.11,84.5,bare,colluvium,23.8,61.7,115.1,80.8,29.5,0,n/a,0,low
SYN_N_00793,SYNTHETIC_NER,2022-06-06,Manipur,unspecified,28.60153,93.13379,1001.7,41.42,184.6,forest,weathered_rock,18.8,59.1,106.6,74.8,22.4,0,n/a,0,low
SYN_N_00459,SYNTHETIC_NER,2020-08-24,Tripura,unspecified,27.63129,92.50381,172.7,27.75,351.8,bare,weathered_rock,21.5,41.2,70.8,52.1,20.7,0,n/a,0,low
SYN_E_01017,SYNTHETIC_NER,2022-06-05,Manipur,unspecified,21.53868,90.09949,2264.3,33.31,248.8,forest,residual_soil,17.4,53.9,115.3,77.3,38.6,1,debris flow,0,low
SYN_N_01826,SYNTHETIC_NER,2025-07-15,Manipur,unspecified,25.23489,88.07013,1386.5,13.61,65.3,forest,colluvium,11.9,32.9,71.5,48.0,39.8,0,n/a,0,low
SYN_E_01151,SYNTHETIC_NER,2017-09-06,Nagaland,unspecified,23.65106,93.04531,1441.1,23.43,171.4,bare,weathered_rock,27.7,79.6,112.2,85.5,38.2,1,soil slide,0,low
SYN_N_01652,SYNTHETIC_NER,2019-07-18,Tripura,unspecified,25.49912,91.91007,30.7,16.77,247.5,cropland,weathered_rock,12.0,22.9,37.9,28.2,34.9,0,n/a,0,low
SYN_E_00472,SYNTHETIC_NER,2022-09-19,Manipur,unspecified,28.25633,94.18103,2266.7,39.37,141.1,grassland,weathered_rock,23.0,51.1,111.4,75.6,33.8,1,rock slide,0,low
SYN_E_00490,SYNTHETIC_NER,2015-09-17,Arunachal Pradesh,unspecified,24.86586,93.20845,2650.6,36.9,208.3,forest,residual_soil,26.8,72.9,150.4,102.4,37.7,1,mudslide,0,low
SYN_N_01462,SYNTHETIC_NER,2019-04-24,Meghalaya,unspecified,23.49377,89.71626,672.8,20.95,50.2,forest,weathered_rock,19.3,45.0,75.0,54.9,21.3,0,n/a,0,low
SYN_N_01045,SYNTHETIC_NER,2015-07-08,Tripura,unspecified,23.03466,89.38036,80.3,19.02,72.3,forest,residual_soil,28.3,90.0,165.2,115.2,33.4,0,n/a,0,low
SYN_E_00831,SYNTHETIC_NER,2017-04-14,Meghalaya,unspecified,26.78049,89.9006,1441.4,34.93,195.4,forest,colluvium,110.3,249.6,351.3,272.6,36.9,1,mudslide,0,low
SYN_N_01605,SYNTHETIC_NER,2023-09-17,Tripura,unspecified,22.15609,89.52556,138.4,22.42,7.9,bare,colluvium,12.7,26.9,48.9,35.1,17.3,0,n/a,0,low
SYN_N_01333,SYNTHETIC_NER,2018-05-19,Tripura,unspecified,28.87888,89.41131,496.8,5.82,289.3,forest,residual_soil,25.8,78.7,145.8,101.7,40.2,0,n/a,0,low
SYN_N_02060,SYNTHETIC_NER,2019-03-27,Manipur,unspecified,26.23412,96.54004,2602.8,13.45,350.5,cropland,weathered_rock,12.4,33.8,53.7,39.5,13.3,0,n/a,0,low
SYN_N_01268,SYNTHETIC_NER,2024-08-09,Manipur,unspecified,24.78289,89.07232,2060.0,15.01,9.0,forest,unknown,14.4,28.7,42.6,32.8,23.0,0,n/a,0,low
SYN_N_02111,SYNTHETIC_NER,2020-08-04,Manipur,unspecified,23.15517,94.17373,2512.0,44.23,52.6,cropland,unknown,8.4,26.3,42.2,30.7,13.6,0,n/a,0,low
SYN_N_02161,SYNTHETIC_NER,2016-12-22,Manipur,unspecified,23.48364,96.51964,2894.5,31.94,355.6,forest,residual_soil,18.3,37.6,63.3,46.6,22.3,0,n/a,0,low
SYN_N_01794,SYNTHETIC_NER,2016-06-16,Assam,unspecified,28.7667,91.54292,324.3,28.56,98.0,built-up,weathered_rock,10.7,21.6,36.9,27.1,30.2,0,n/a,0,low
SYN_N_01453,SYNTHETIC_NER,2020-09-23,Assam,unspecified,25.3166,92.95356,534.2,13.05,31.6,grassland,residual_soil,8.2,25.8,51.0,34.9,23.6,0,n/a,0,low
SYN_N_02038,SYNTHETIC_NER,2017-08-11,Assam,unspecified,21.86648,96.50307,419.2,19.14,138.7,forest,colluvium,13.1,37.7,66.2,47.0,28.3,0,n/a,0,low
SYN_N_00192,SYNTHETIC_NER,2023-09-18,Mizoram,unspecified,26.49262,94.43841,1848.7,19.84,185.5,forest,colluvium,33.2,98.4,168.4,120.4,33.5,0,n/a,0,low
SYN_E_00655,SYNTHETIC_NER,2022-07-24,Nagaland,unspecified,23.11532,93.20098,3597.1,39.86,277.5,bare,residual_soil,39.7,86.7,165.0,116.5,45.7,1,mudslide,0,low
SYN_N_02005,SYNTHETIC_NER,2025-07-17,Manipur,unspecified,26.05512,88.60251,1502.4,23.17,330.7,grassland,unknown,16.8,37.2,74.1,51.6,25.0,0,n/a,0,low
SYN_E_00361,SYNTHETIC_NER,2017-06-17,Arunachal Pradesh,unspecified,27.40825,96.42671,3099.4,45.54,333.6,cropland,residual_soil,56.6,151.5,224.5,169.0,39.2,1,rock slide,0,low
SYN_E_00135,SYNTHETIC_NER,2023-06-11,Mizoram,unspecified,28.61441,95.23969,602.0,28.74,251.3,forest,weathered_rock,42.9,122.3,199.8,145.2,47.4,1,debris flow,0,low
SYN_N_00579,SYNTHETIC_NER,2020-07-17,Arunachal Pradesh,unspecified,23.34608,89.84513,3023.1,2.0,73.3,forest,colluvium,40.3,80.4,153.0,108.7,39.5,0,n/a,0,low
SYN_N_01402,SYNTHETIC_NER,2023-03-05,Nagaland,unspecified,23.01732,97.46753,1095.9,37.4,341.3,forest,colluvium,15.1,45.5,81.1,57.2,12.5,0,n/a,0,low
SYN_N_00810,SYNTHETIC_NER,2020-08-06,Sikkim,unspecified,27.52639,96.61471,3765.5,16.79,60.0,grassland,residual_soil,23.1,61.7,95.2,70.7,24.0,0,n/a,0,low
SYN_N_01509,SYNTHETIC_NER,2023-02-24,Nagaland,unspecified,23.24785,88.9675,3063.9,34.74,26.0,cropland,colluvium,10.1,25.2,38.3,28.7,49.1,0,n/a,0,low
SYN_E_00366,SYNTHETIC_NER,2018-08-01,Manipur,unspecified,28.31007,90.89367,1244.3,47.69,162.2,cropland,residual_soil,32.6,73.1,129.1,93.0,35.3,1,debris flow,0,low
SYN_N_01027,SYNTHETIC_NER,2023-07-10,Mizoram,unspecified,24.26279,92.28031,1559.7,15.0,164.9,grassland,unknown,16.7,45.6,77.2,55.6,13.8,0,n/a,0,low
SYN_N_00930,SYNTHETIC_NER,2018-09-12,Meghalaya,unspecified,23.55333,94.82985,473.5,8.72,227.4,cropland,colluvium,31.4,77.8,158.4,108.8,23.2,0,n/a,0,low
SYN_E_00029,SYNTHETIC_NER,2022-10-07,Manipur,unspecified,25.50613,94.51855,2450.1,24.21,235.0,built-up,unknown,31.4,75.2,138.5,98.1,37.5,1,debris flow,0,low
SYN_N_01792,SYNTHETIC_NER,2021-06-01,Arunachal Pradesh,unspecified,24.5791,95.35685,4591.9,36.03,337.2,grassland,residual_soil,22.8,44.4,86.9,61.4,27.0,0,n/a,0,low
SYN_E_00022,SYNTHETIC_NER,2023-07-18,Meghalaya,unspecified,22.71861,94.00669,531.5,24.45,141.5,bare,residual_soil,122.0,297.8,447.6,337.5,29.7,1,soil slide,0,low
SYN_N_02377,SYNTHETIC_NER,2018-10-14,Tripura,unspecified,28.05443,92.73401,339.7,13.6,247.5,grassland,colluvium,16.4,39.5,58.2,44.2,17.2,0,n/a,0,low
SYN_N_00083,SYNTHETIC_NER,2017-09-14,Mizoram,unspecified,29.24116,88.79758,727.6,13.98,221.0,forest,colluvium,28.4,84.6,156.3,109.2,24.8,0,n/a,0,low
SYN_N_01831,SYNTHETIC_NER,2025-07-06,Meghalaya,unspecified,22.00683,95.41383,558.1,2.0,215.4,grassland,residual_soil,63.4,172.7,259.1,194.0,18.2,0,n/a,0,low
SYN_N_00088,SYNTHETIC_NER,2020-11-07,Manipur,unspecified,26.26151,94.27966,1009.5,12.11,72.3,grassland,colluvium,1.8,4.8,6.9,5.2,24.7,0,n/a,0,low
SYN_E_00695,SYNTHETIC_NER,2017-06-05,Mizoram,unspecified,25.85573,91.66344,1072.0,28.27,253.5,grassland,colluvium,36.7,84.3,174.7,120.0,35.0,1,soil slide,0,low
SYN_N_00134,SYNTHETIC_NER,2020-06-22,Assam,unspecified,27.45929,93.01238,381.1,23.98,337.9,forest,residual_soil,16.6,49.9,106.6,71.6,32.1,0,n/a,0,low
SYN_E_00700,SYNTHETIC_NER,2017-06-14,Nagaland,unspecified,27.02281,92.67783,1739.2,40.27,273.9,forest,colluvium,38.3,113.2,190.3,136.7,34.4,1,debris flow,0,low
SYN_E_00420,SYNTHETIC_NER,2018-08-17,Arunachal Pradesh,unspecified,25.2017,88.96941,4894.4,38.35,122.1,forest,residual_soil,47.9,149.3,229.7,169.2,54.3,1,debris flow,0,low
SYN_E_00682,SYNTHETIC_NER,2019-08-11,Arunachal Pradesh,unspecified,22.35991,91.09659,1245.7,39.14,217.0,forest,colluvium,38.4,93.7,140.7,106.1,36.8,1,soil slide,0,low
SYN_N_01589,SYNTHETIC_NER,2016-08-17,Meghalaya,unspecified,28.1076,91.31515,1737.9,12.19,264.2,cropland,residual_soil,13.2,34.8,73.2,49.7,28.4,0,n/a,0,low
SYN_E_00460,SYNTHETIC_NER,2021-03-09,Tripura,unspecified,24.77078,89.68788,783.3,38.94,100.8,forest,residual_soil,37.9,99.9,150.8,112.9,39.2,1,soil slide,3,low
SYN_E_00043,SYNTHETIC_NER,2017-09-16,Mizoram,unspecified,29.29534,88.76699,1170.6,20.85,234.6,bare,colluvium,33.5,79.3,162.3,111.6,31.6,1,soil slide,0,low
SYN_E_00087,SYNTHETIC_NER,2023-07-04,Mizoram,unspecified,27.66073,88.88607,1830.8,39.49,236.2,forest,weathered_rock,34.3,66.4,145.7,99.6,33.9,1,soil slide,0,low
SYN_N_00256,SYNTHETIC_NER,2015-07-24,Assam,unspecified,21.67105,91.44242,176.8,5.71,21.0,forest,weathered_rock,7.7,23.2,35.8,26.4,25.7,0,n/a,0,low
SYN_N_01863,SYNTHETIC_NER,2023-06-13,Meghalaya,unspecified,27.35955,91.35282,840.1,36.28,82.4,forest,residual_soil,33.8,77.0,157.6,108.6,13.7,0,n/a,0,low
SYN_N_00646,SYNTHETIC_NER,2019-07-21,Mizoram,unspecified,28.90112,89.11101,1320.4,13.11,344.8,cropland,residual_soil,28.3,81.2,148.8,104.4,36.3,0,n/a,0,low
SYN_E_00561,SYNTHETIC_NER,2020-09-09,Assam,unspecified,27.83258,92.1026,487.3,29.56,42.7,forest,unknown,34.2,98.1,206.0,139.3,31.2,1,mudslide,0,low
SYN_E_00282,SYNTHETIC_NER,2021-09-02,Tripura,unspecified,27.3788,95.30294,435.2,28.95,21.2,forest,colluvium,27.7,50.3,94.9,68.1,31.9,1,soil slide,0,low
SYN_E_01078,SYNTHETIC_NER,2024-07-21,Manipur,unspecified,26.16261,97.29696,1167.4,38.62,67.1,forest,weathered_rock,21.1,62.4,101.7,73.8,39.2,1,rock slide,0,low
SYN_N_00221,SYNTHETIC_NER,2025-06-27,Mizoram,unspecified,23.56951,88.77614,1633.2,23.09,319.8,forest,residual_soil,33.0,65.2,100.5,76.4,25.1,0,n/a,0,low
SYN_N_02275,SYNTHETIC_NER,2020-09-08,Tripura,unspecified,29.07052,91.90319,128.5,14.15,272.3,forest,colluvium,1.7,4.5,9.3,6.4,19.8,0,n/a,0,low
SYN_N_02215,SYNTHETIC_NER,2019-08-05,Manipur,unspecified,22.5192,94.16249,2241.8,9.07,144.0,grassland,colluvium,3.2,6.3,13.4,9.2,29.2,0,n/a,0,low
SYN_N_00198,SYNTHETIC_NER,2022-06-11,Mizoram,unspecified,25.10137,91.08638,1433.6,41.04,330.6,grassland,unknown,13.5,27.0,49.3,35.4,22.3,0,n/a,0,low
SYN_E_00465,SYNTHETIC_NER,2016-07-22,Arunachal Pradesh,unspecified,27.1511,95.14388,3208.2,31.71,88.1,forest,residual_soil,36.5,67.5,136.8,95.9,33.5,1,debris flow,0,low
SYN_E_01047,SYNTHETIC_NER,2015-07-18,Nagaland,unspecified,24.74307,93.14594,2290.1,48.39,208.5,forest,colluvium,28.2,51.2,72.6,57.3,38.2,1,debris flow,0,low
SYN_N_01340,SYNTHETIC_NER,2024-08-09,Mizoram,unspecified,27.7675,93.13556,1319.8,20.04,60.5,forest,weathered_rock,8.0,24.8,47.6,32.9,18.2,0,n/a,0,low
SYN_E_00859,SYNTHETIC_NER,2017-02-11,Sikkim,unspecified,26.44396,93.89852,4773.8,32.36,310.6,grassland,colluvium,33.3,94.5,138.9,104.5,37.1,1,debris flow,0,low
SYN_E_00533,SYNTHETIC_NER,2016-03-26,Mizoram,unspecified,26.71388,90.70325,1453.9,20.16,117.7,bare,weathered_rock,49.5,154.1,315.3,213.8,29.7,1,soil slide,0,low
SYN_N_00451,SYNTHETIC_NER,2016-09-22,Sikkim,unspecified,27.36681,93.48434,4055.8,45.8,114.9,cropland,colluvium,24.9,59.8,117.4,81.6,25.0,0,n/a,0,low
SYN_N_01733,SYNTHETIC_NER,2015-07-11,Manipur,unspecified,25.76063,96.48166,1896.1,21.0,15.6,forest,residual_soil,13.6,32.2,57.0,40.9,27.9,0,n/a,0,low
SYN_N_00866,SYNTHETIC_NER,2020-06-12,Assam,unspecified,25.12622,94.28066,382.2,10.99,78.6,forest,weathered_rock,14.6,31.8,67.0,45.9,16.4,0,n/a,0,low
SYN_N_02071,SYNTHETIC_NER,2021-02-12,Manipur,unspecified,26.53647,92.98176,2362.6,16.88,242.9,bare,residual_soil,4.8,9.9,19.1,13.5,13.1,0,n/a,0,low
SYN_N_01618,SYNTHETIC_NER,2019-08-25,Assam,unspecified,28.73358,96.9997,368.0,4.28,35.3,forest,weathered_rock,15.2,41.6,75.7,53.4,22.7,0,n/a,0,low
SYN_N_02073,SYNTHETIC_NER,2020-09-03,Tripura,unspecified,27.50102,97.15855,826.4,36.33,55.1,forest,weathered_rock,0.6,1.2,2.1,1.5,11.9,0,n/a,0,low
SYN_N_01427,SYNTHETIC_NER,2021-08-12,Arunachal Pradesh,unspecified,24.91128,92.61579,991.1,26.26,288.1,grassland,residual_soil,23.5,54.1,96.2,69.0,21.8,0,n/a,0,low
SYN_N_01338,SYNTHETIC_NER,2019-07-23,Sikkim,unspecified,22.99681,96.25602,1285.0,20.23,173.0,cropland,residual_soil,15.2,46.1,77.2,55.5,29.2,0,n/a,0,low
SYN_N_01350,SYNTHETIC_NER,2019-09-20,Manipur,unspecified,27.2135,91.85553,2220.5,25.39,75.8,grassland,residual_soil,12.4,35.2,62.8,44.5,25.9,0,n/a,0,low
SYN_N_02345,SYNTHETIC_NER,2018-08-21,Mizoram,unspecified,29.45951,90.1347,844.3,34.88,134.4,forest,colluvium,18.5,38.9,63.0,46.8,24.0,0,n/a,0,low
SYN_N_00892,SYNTHETIC_NER,2015-08-27,Mizoram,unspecified,29.17468,93.72905,794.2,9.03,227.1,forest,weathered_rock,23.9,62.6,134.3,90.7,37.6,0,n/a,0,low
SYN_N_01812,SYNTHETIC_NER,2017-05-05,Manipur,unspecified,23.86803,97.14929,1194.5,32.39,98.5,grassland,colluvium,13.2,34.0,53.0,39.4,25.2,0,n/a,0,low
SYN_N_00144,SYNTHETIC_NER,2017-09-10,Sikkim,unspecified,27.47013,97.10954,992.0,30.25,42.5,forest,residual_soil,6.3,13.8,27.1,19.0,10.1,0,n/a,0,low
SYN_E_00903,SYNTHETIC_NER,2019-08-22,Arunachal Pradesh,unspecified,24.19638,92.42262,1057.4,40.93,231.7,cropland,residual_soil,43.3,100.4,174.9,126.2,29.8,1,soil slide,0,low
SYN_E_00637,SYNTHETIC_NER,2015-08-10,Mizoram,unspecified,25.41181,89.69084,998.4,33.04,271.4,forest,residual_soil,54.5,156.5,245.1,180.4,22.9,1,mudslide,0,low
SYN_N_01930,SYNTHETIC_NER,2021-06-14,Assam,unspecified,22.84078,91.71741,116.9,35.92,177.0,grassland,colluvium,16.5,52.4,83.7,60.9,15.4,0,n/a,0,low
SYN_N_01877,SYNTHETIC_NER,2020-09-21,Nagaland,unspecified,24.86547,93.78947,2828.3,20.72,198.9,cropland,residual_soil,17.5,53.3,113.1,76.0,34.9,0,n/a,0,low
SYN_N_02200,SYNTHETIC_NER,2018-05-25,Assam,unspecified,24.09236,90.87463,272.4,26.92,9.5,forest,weathered_rock,17.4,42.8,88.4,60.5,18.8,0,n/a,0,low
SYN_N_01969,SYNTHETIC_NER,2022-09-14,Assam,unspecified,28.84457,88.28624,79.2,16.71,325.2,bare,colluvium,5.7,17.7,34.0,23.4,16.2,0,n/a,0,low
SYN_E_00942,SYNTHETIC_NER,2020-09-01,Arunachal Pradesh,unspecified,23.46171,90.73695,239.2,27.5,220.4,forest,residual_soil,52.8,151.5,271.6,191.8,26.5,1,mudslide,0,low
SYN_N_02258,SYNTHETIC_NER,2022-07-08,Manipur,unspecified,23.59125,92.94942,1726.4,25.8,150.0,forest,weathered_rock,18.9,57.2,115.0,78.4,22.2,0,n/a,0,low
SYN_E_01134,SYNTHETIC_NER,2016-09-25,Nagaland,unspecified,25.55636,89.17951,353.3,31.52,255.4,cropland,colluvium,29.2,80.1,168.3,114.0,39.2,1,mudslide,0,low
SYN_N_00748,SYNTHETIC_NER,2025-06-03,Tripura,unspecified,25.93707,93.91068,696.7,2.0,103.6,forest,unknown,9.8,19.3,40.6,28.1,34.3,0,n/a,0,low
SYN_N_01700,SYNTHETIC_NER,2015-08-21,Tripura,unspecified,27.84389,94.96465,153.1,9.32,142.9,forest,unknown,21.7,55.6,113.9,78.0,15.4,0,n/a,0,low
SYN_E_00887,SYNTHETIC_NER,2025-07-11,Meghalaya,unspecified,22.60285,97.37349,426.9,36.04,259.3,cropland,colluvium,126.7,348.9,610.1,435.1,46.6,1,debris flow,0,low
SYN_N_02213,SYNTHETIC_NER,2017-06-07,Assam,unspecified,23.06983,91.45147,537.6,21.19,137.0,forest,residual_soil,16.4,34.9,72.3,49.9,28.9,0,n/a,0,low
SYN_E_00685,SYNTHETIC_NER,2017-06-24,Sikkim,unspecified,23.03813,90.63562,3416.2,22.82,23.4,cropland,colluvium,28.3,62.6,114.2,81.5,46.5,1,mudslide,0,low
SYN_N_00813,SYNTHETIC_NER,2023-09-13,Nagaland,unspecified,28.52098,90.05497,3207.5,2.0,31.4,grassland,residual_soil,23.0,59.6,107.8,76.4,11.9,0,n/a,0,low
SYN_E_00789,SYNTHETIC_NER,2015-09-05,Assam,unspecified,25.17972,89.85425,299.7,45.33,194.1,forest,unknown,43.4,85.0,133.7,101.0,45.0,1,soil slide,0,low
SYN_N_00697,SYNTHETIC_NER,2021-11-02,Nagaland,unspecified,26.1251,92.6767,388.5,9.06,257.8,forest,residual_soil,17.0,31.0,65.8,45.6,29.4,0,n/a,0,low
SYN_E_01164,SYNTHETIC_NER,2025-08-16,Nagaland,unspecified,22.40654,88.70905,1705.6,39.64,58.3,grassland,weathered_rock,20.1,61.5,120.4,82.7,36.2,1,soil slide,0,low
SYN_N_00000,SYNTHETIC_NER,2024-07-27,Arunachal Pradesh,unspecified,23.99703,90.07942,748.0,40.63,293.5,forest,colluvium,48.7,109.8,160.1,122.7,26.9,0,n/a,0,low
SYN_N_01571,SYNTHETIC_NER,2018-06-16,Assam,unspecified,21.95734,95.08184,256.4,25.47,39.1,forest,unknown,6.7,17.9,38.7,26.0,14.8,0,n/a,0,low
SYN_N_02262,SYNTHETIC_NER,2021-01-12,Sikkim,unspecified,25.51917,93.71167,3667.1,14.96,289.2,cropland,residual_soil,5.4,12.4,19.1,14.4,18.2,0,n/a,0,low
SYN_N_00618,SYNTHETIC_NER,2025-09-09,Assam,unspecified,23.23938,89.07633,227.1,3.83,143.7,cropland,residual_soil,0.0,0.0,0.0,0.0,34.2,0,n/a,0,low
SYN_E_00272,SYNTHETIC_NER,2018-01-20,Meghalaya,unspecified,21.5468,93.45739,382.5,35.77,269.1,forest,unknown,148.5,379.0,665.7,476.3,42.5,1,debris flow,0,low
SYN_N_00267,SYNTHETIC_NER,2020-09-23,Nagaland,unspecified,29.37138,95.72267,1617.3,36.07,334.0,forest,unknown,28.6,70.9,150.4,102.2,19.4,0,n/a,0,low
SYN_E_00521,SYNTHETIC_NER,2017-06-26,Meghalaya,unspecified,21.81357,96.69374,1701.5,39.17,206.9,cropland,residual_soil,100.7,286.7,578.9,395.6,35.8,1,soil slide,0,low
SYN_E_00522,SYNTHETIC_NER,2016-07-25,Meghalaya,unspecified,25.87943,95.48309,1329.9,26.1,114.8,bare,residual_soil,175.1,462.1,909.0,628.1,36.7,1,mudslide,0,low
SYN_N_00644,SYNTHETIC_NER,2022-11-14,Arunachal Pradesh,unspecified,23.37054,93.67781,1923.8,30.3,227.1,grassland,weathered_rock,19.5,48.1,94.3,65.5,32.4,0,n/a,0,low
SYN_E_00350,SYNTHETIC_NER,2017-07-02,Nagaland,unspecified,24.21401,93.71157,3705.5,27.62,28.7,forest,colluvium,45.9,146.4,289.7,197.9,42.4,1,rock slide,0,low
SYN_N_00122,SYNTHETIC_NER,2021-03-05,Nagaland,unspecified,23.0658,95.11567,3017.0,5.76,272.8,cropland,colluvium,12.4,22.5,39.5,29.0,21.7,0,n/a,0,low
SYN_N_02190,SYNTHETIC_NER,2024-08-23,Nagaland,unspecified,27.64794,91.63538,3334.5,21.26,99.7,forest,residual_soil,11.5,34.8,72.5,49.0,35.9,0,n/a,0,low
SYN_N_01607,SYNTHETIC_NER,2022-12-08,Nagaland,unspecified,27.16016,93.33715,1491.6,38.77,70.5,cropland,colluvium,21.2,54.7,86.3,63.8,17.7,0,n/a,0,low
SYN_N_00061,SYNTHETIC_NER,2023-04-27,Assam,unspecified,24.02852,93.19178,485.4,39.38,85.6,cropland,residual_soil,29.9,70.9,138.9,96.7,18.3,0,n/a,0,low
SYN_E_00651,SYNTHETIC_NER,2021-06-05,Tripura,unspecified,26.89748,96.21237,608.0,32.84,179.1,forest,colluvium,35.1,102.4,147.8,111.6,30.1,1,rock slide,0,low
SYN_N_01013,SYNTHETIC_NER,2020-07-26,Sikkim,unspecified,27.62568,97.08026,3016.1,22.88,230.0,forest,weathered_rock,9.3,21.2,40.3,28.4,17.7,0,n/a,0,low
SYN_N_01901,SYNTHETIC_NER,2023-06-01,Mizoram,unspecified,22.5471,92.73388,1680.6,24.4,146.1,forest,weathered_rock,20.5,64.8,128.6,87.8,14.9,0,n/a,0,low
SYN_N_02133,SYNTHETIC_NER,2018-06-08,Sikkim,unspecified,23.24402,96.11316,3963.3,25.7,173.4,grassland,residual_soil,15.8,47.6,80.6,57.7,7.9,0,n/a,0,low
SYN_N_00676,SYNTHETIC_NER,2017-06-12,Mizoram,unspecified,28.97942,96.49571,902.1,16.23,317.5,forest,colluvium,18.0,47.6,99.3,67.5,31.7,0,n/a,0,low
SYN_N_00402,SYNTHETIC_NER,2024-08-17,Meghalaya,unspecified,23.58107,93.13889,1059.1,17.9,303.9,cropland,weathered_rock,6.4,13.0,19.9,15.1,29.7,0,n/a,0,low
SYN_N_00843,SYNTHETIC_NER,2024-12-11,Tripura,unspecified,22.6798,95.29933,113.2,21.82,309.2,forest,colluvium,10.6,32.5,63.7,43.7,18.7,0,n/a,0,low
SYN_N_00384,SYNTHETIC_NER,2020-07-01,Arunachal Pradesh,unspecified,25.59396,88.73276,1577.0,18.27,60.4,forest,weathered_rock,23.7,70.2,138.1,94.9,18.8,0,n/a,0,low
SYN_E_00168,SYNTHETIC_NER,2017-01-09,Mizoram,unspecified,29.11024,92.164,1697.7,24.24,103.3,forest,colluvium,34.3,103.6,218.2,147.1,43.3,1,rock slide,0,low
SYN_N_02138,SYNTHETIC_NER,2015-08-18,Mizoram,unspecified,24.87187,90.70043,774.0,17.66,300.8,forest,residual_soil,36.9,101.7,146.5,111.1,27.1,0,n/a,0,low
SYN_E_00962,SYNTHETIC_NER,2018-07-12,Sikkim,unspecified,25.56603,96.86405,1905.9,43.01,152.3,forest,residual_soil,58.5,108.0,205.4,146.8,34.5,1,soil slide,0,low
SYN_E_00945,SYNTHETIC_NER,2015-07-03,Assam,unspecified,26.12512,94.27773,353.8,30.05,34.9,grassland,residual_soil,24.9,77.0,153.0,104.6,35.1,1,debris flow,0,low
SYN_E_00462,SYNTHETIC_NER,2021-08-16,Tripura,unspecified,22.89348,94.59715,194.3,25.71,64.5,forest,residual_soil,48.0,130.1,258.2,177.7,43.3,1,mudslide,0,low
SYN_N_02243,SYNTHETIC_NER,2022-06-11,Assam,unspecified,28.47645,94.21154,502.1,23.72,87.5,cropland,colluvium,14.9,38.7,70.4,49.8,33.2,0,n/a,0,low
SYN_E_00328,SYNTHETIC_NER,2020-06-19,Meghalaya,unspecified,23.68839,94.33931,1613.0,27.31,268.8,forest,weathered_rock,91.8,201.9,362.0,259.9,38.9,1,mudslide,0,low
SYN_N_00307,SYNTHETIC_NER,2016-06-16,Mizoram,unspecified,22.29801,88.62683,1662.6,13.13,79.0,forest,residual_soil,11.5,26.0,43.7,31.9,16.9,0,n/a,0,low
SYN_N_00824,SYNTHETIC_NER,2018-08-20,Meghalaya,unspecified,21.95899,93.41675,1756.9,33.62,178.6,forest,residual_soil,17.6,40.0,72.7,51.9,44.2,0,n/a,0,low
SYN_E_00367,SYNTHETIC_NER,2016-09-22,Mizoram,unspecified,27.29178,91.2233,378.7,37.19,275.0,grassland,colluvium,45.6,88.2,183.6,127.4,35.7,1,mudslide,0,low
SYN_N_01909,SYNTHETIC_NER,2018-06-07,Assam,unspecified,23.88212,91.07062,246.6,23.29,310.2,bare,unknown,13.9,32.9,63.4,44.3,21.3,0,n/a,0,low
SYN_N_02206,SYNTHETIC_NER,2017-06-07,Meghalaya,unspecified,23.8994,90.15748,479.2,9.69,60.9,bare,unknown,144.5,267.8,413.8,316.2,18.8,0,n/a,0,low
SYN_N_01784,SYNTHETIC_NER,2018-07-10,Manipur,unspecified,25.05387,96.84256,1838.9,9.55,60.3,forest,residual_soil,8.7,25.2,38.8,28.7,24.5,0,n/a,0,low
SYN_N_00225,SYNTHETIC_NER,2019-02-12,Arunachal Pradesh,unspecified,27.14755,91.18127,4720.8,33.07,90.5,cropland,weathered_rock,18.0,57.1,93.7,67.6,42.2,0,n/a,0,low
SYN_E_00772,SYNTHETIC_NER,2020-07-07,Assam,unspecified,24.23973,96.79289,115.6,34.01,44.1,forest,colluvium,68.8,211.1,403.5,278.9,39.5,1,soil slide,0,low
SYN_N_01092,SYNTHETIC_NER,2018-08-01,Mizoram,unspecified,24.81412,88.7051,1439.4,2.0,158.4,grassland,residual_soil,15.8,40.5,62.5,46.6,16.2,0,n/a,0,low
SYN_N_02021,SYNTHETIC_NER,2020-07-08,Assam,unspecified,24.00299,96.23346,49.8,27.74,315.4,grassland,residual_soil,32.8,64.7,111.6,81.8,33.8,0,n/a,0,low
SYN_N_01635,SYNTHETIC_NER,2020-06-19,Arunachal Pradesh,unspecified,26.70619,96.11116,2909.1,16.38,83.7,cropland,colluvium,11.8,28.2,51.5,36.6,33.4,0,n/a,0,low
SYN_E_00498,SYNTHETIC_NER,2021-08-07,Arunachal Pradesh,unspecified,25.87798,95.1699,1086.4,25.17,115.7,grassland,unknown,46.6,107.6,234.5,158.8,25.7,1,rock slide,0,low
SYN_N_00034,SYNTHETIC_NER,2016-06-26,Mizoram,unspecified,23.6038,88.65754,677.1,17.87,118.9,forest,weathered_rock,26.2,69.0,100.1,76.0,29.9,0,n/a,0,low
SYN_E_00435,SYNTHETIC_NER,2021-07-09,Assam,unspecified,27.96073,89.89631,232.2,32.29,189.2,grassland,colluvium,37.6,115.2,242.5,163.3,24.1,1,mudslide,0,low
SYN_E_00365,SYNTHETIC_NER,2017-08-22,Nagaland,unspecified,29.16336,93.55173,1122.0,28.7,244.5,cropland,weathered_rock,30.9,70.3,106.7,80.6,36.5,1,soil slide,0,low
SYN_N_02211,SYNTHETIC_NER,2023-07-08,Manipur,unspecified,25.43653,96.02387,1029.1,23.35,293.1,forest,colluvium,16.2,32.2,51.3,38.5,29.3,0,n/a,0,low
SYN_E_00276,SYNTHETIC_NER,2018-08-09,Manipur,unspecified,25.04936,90.37079,967.5,25.24,154.6,cropland,residual_soil,17.4,34.9,64.7,46.3,43.0,1,debris flow,0,low
SYN_N_01849,SYNTHETIC_NER,2021-06-05,Nagaland,unspecified,26.39697,93.86052,1992.3,27.0,299.0,forest,unknown,11.0,27.4,51.3,36.1,34.4,0,n/a,0,low
SYN_N_00791,SYNTHETIC_NER,2017-09-01,Mizoram,unspecified,29.32614,89.8616,1197.3,22.91,292.3,forest,residual_soil,19.9,49.9,101.4,69.6,24.5,0,n/a,0,low
SYN_N_02218,SYNTHETIC_NER,2025-06-20,Arunachal Pradesh,unspecified,22.80056,93.95172,4933.7,25.93,46.2,grassland,weathered_rock,27.6,57.9,87.4,66.6,15.8,0,n/a,0,low
SYN_E_00407,SYNTHETIC_NER,2017-06-13,Meghalaya,unspecified,23.59005,95.52463,648.0,40.31,70.9,forest,weathered_rock,106.8,279.2,498.8,354.5,47.9,1,soil slide,0,low
SYN_N_00337,SYNTHETIC_NER,2020-09-20,Mizoram,unspecified,23.40725,93.29683,576.1,16.01,243.9,built-up,residual_soil,17.9,50.9,79.8,58.8,21.9,0,n/a,0,low
SYN_E_01091,SYNTHETIC_NER,2016-06-20,Manipur,unspecified,28.25595,88.35706,2053.6,34.18,323.6,built-up,colluvium,26.1,77.0,112.6,84.6,56.7,1,mudslide,0,low
SYN_E_00844,SYNTHETIC_NER,2023-08-05,Assam,unspecified,23.30615,95.4185,315.5,33.37,244.8,grassland,unknown,48.2,89.1,168.1,120.4,33.3,1,rock slide,0,low
SYN_N_00365,SYNTHETIC_NER,2019-09-11,Arunachal Pradesh,unspecified,22.20376,88.4527,2906.3,17.15,300.0,forest,weathered_rock,34.0,107.1,182.0,129.9,34.3,0,n/a,0,low
SYN_N_01396,SYNTHETIC_NER,2017-09-25,Sikkim,unspecified,25.86512,94.05686,4213.3,26.44,147.0,cropland,residual_soil,20.2,44.1,96.6,65.6,29.3,0,n/a,0,low
SYN_N_00556,SYNTHETIC_NER,2024-09-15,Mizoram,unspecified,22.19844,94.07554,1976.6,27.86,252.0,forest,residual_soil,29.1,60.8,125.3,86.7,21.3,0,n/a,0,low
SYN_N_00058,SYNTHETIC_NER,2017-08-15,Manipur,unspecified,24.00683,91.12282,1246.7,15.75,196.5,forest,weathered_rock,15.9,45.3,96.6,65.0,21.1,0,n/a,0,low
SYN_N_00474,SYNTHETIC_NER,2022-09-05,Mizoram,unspecified,28.59254,96.85832,125.4,17.38,275.2,forest,unknown,21.0,52.3,89.6,64.7,31.0,0,n/a,0,low
SYN_N_00223,SYNTHETIC_NER,2025-09-14,Arunachal Pradesh,unspecified,29.18866,96.1154,1396.8,12.17,148.9,forest,residual_soil,20.3,61.4,134.3,89.6,26.0,0,n/a,0,low
SYN_N_00139,SYNTHETIC_NER,2017-10-17,Assam,unspecified,24.03224,92.49489,571.7,35.19,228.5,forest,weathered_rock,29.8,72.9,159.9,107.8,33.3,0,n/a,0,low
SYN_N_00819,SYNTHETIC_NER,2025-06-04,Meghalaya,unspecified,27.33844,94.39588,217.8,20.22,229.7,forest,weathered_rock,68.3,135.3,274.1,191.3,23.9,0,n/a,0,low
SYN_N_01532,SYNTHETIC_NER,2021-06-20,Sikkim,unspecified,25.41624,94.31069,2175.9,5.69,282.1,forest,residual_soil,20.2,58.2,100.5,71.7,25.6,0,n/a,0,low
SYN_N_00762,SYNTHETIC_NER,2019-08-26,Mizoram,unspecified,22.08395,91.32995,2125.8,5.15,45.4,forest,weathered_rock,3.6,6.8,10.0,7.7,19.0,0,n/a,0,low
SYN_E_00944,SYNTHETIC_NER,2025-08-09,Meghalaya,unspecified,21.93858,90.27555,478.5,23.51,223.7,grassland,weathered_rock,100.9,202.2,424.9,293.3,31.9,1,debris flow,0,low
SYN_E_00199,SYNTHETIC_NER,2022-09-03,Arunachal Pradesh,unspecified,21.5506,96.62311,2424.6,38.0,25.6,forest,residual_soil,46.2,113.7,212.1,149.4,39.5,1,debris flow,0,low
SYN_N_02187,SYNTHETIC_NER,2016-08-23,Meghalaya,unspecified,23.87197,89.03972,591.8,11.89,34.5,forest,weathered_rock,29.7,72.2,110.5,82.9,22.6,0,n/a,0,low
SYN_N_00120,SYNTHETIC_NER,2016-09-26,Manipur,unspecified,21.91538,89.59255,1827.4,32.6,260.2,cropland,colluvium,3.5,10.5,23.2,15.4,28.0,0,n/a,0,low
SYN_E_00801,SYNTHETIC_NER,2025-07-08,Mizoram,unspecified,22.17933,89.01286,1281.7,49.09,281.4,cropland,colluvium,28.7,52.0,104.6,73.6,45.2,1,mudslide,0,low
SYN_N_00968,SYNTHETIC_NER,2021-07-10,Tripura,unspecified,27.09338,89.74133,112.4,23.2,160.9,cropland,colluvium,15.5,44.3,63.0,47.9,17.3,0,n/a,0,low
SYN_N_01835,SYNTHETIC_NER,2018-09-08,Sikkim,unspecified,28.14305,88.45511,4116.9,12.55,185.7,cropland,residual_soil,7.1,20.3,31.0,23.0,21.8,0,n/a,0,low
SYN_N_01716,SYNTHETIC_NER,2019-04-18,Assam,unspecified,23.22206,97.43756,466.2,17.87,221.7,grassland,unknown,4.5,13.4,29.2,19.5,9.3,0,n/a,0,low
SYN_E_00231,SYNTHETIC_NER,2020-09-02,Sikkim,unspecified,22.06128,91.19777,1210.8,33.62,289.5,forest,colluvium,35.8,77.8,147.0,104.0,34.6,1,debris flow,0,low
SYN_N_00352,SYNTHETIC_NER,2016-08-24,Assam,unspecified,22.88448,94.91264,32.5,29.8,213.2,forest,colluvium,25.1,71.4,132.8,92.8,36.0,0,n/a,0,low
SYN_N_01960,SYNTHETIC_NER,2018-03-16,Nagaland,unspecified,23.53612,93.07017,3707.9,18.07,308.6,forest,weathered_rock,4.1,8.0,13.3,9.9,26.2,0,n/a,0,low
SYN_N_00767,SYNTHETIC_NER,2017-10-09,Arunachal Pradesh,unspecified,27.92317,91.27551,2084.9,21.84,287.6,forest,colluvium,36.9,72.5,110.7,84.5,23.6,0,n/a,0,low
SYN_N_00805,SYNTHETIC_NER,2017-07-24,Assam,unspecified,23.9891,90.26405,232.2,25.38,15.4,forest,residual_soil,20.9,64.2,125.6,86.3,28.9,0,n/a,0,low
SYN_N_00363,SYNTHETIC_NER,2024-04-08,Arunachal Pradesh,unspecified,22.44258,89.62007,2451.1,26.85,269.1,built-up,colluvium,10.7,23.8,46.5,32.5,20.4,0,n/a,0,low
SYN_N_00130,SYNTHETIC_NER,2018-06-04,Assam,unspecified,26.39945,90.22529,494.0,17.48,58.3,cropland,colluvium,31.3,56.9,107.1,76.9,19.2,0,n/a,0,low
SYN_N_02234,SYNTHETIC_NER,2023-07-13,Mizoram,unspecified,23.64419,89.899,1951.4,2.93,114.9,forest,colluvium,11.0,24.0,44.6,31.7,25.1,0,n/a,0,low
SYN_N_00825,SYNTHETIC_NER,2015-08-14,Nagaland,unspecified,24.55418,88.65845,1945.9,21.48,357.8,cropland,colluvium,12.9,29.4,47.8,35.3,36.8,0,n/a,0,low
SYN_N_00792,SYNTHETIC_NER,2019-08-17,Sikkim,unspecified,21.8214,97.26581,2176.7,20.08,2.0,forest,colluvium,23.4,58.2,90.8,67.6,27.3,0,n/a,0,low
SYN_E_00104,SYNTHETIC_NER,2024-07-11,Sikkim,unspecified,26.49809,93.10632,2562.5,38.12,218.2,forest,residual_soil,59.7,161.2,327.5,224.1,35.2,1,mudslide,0,low
SYN_N_01473,SYNTHETIC_NER,2023-07-16,Meghalaya,unspecified,29.24833,88.19011,940.3,23.31,284.6,cropland,unknown,93.8,280.4,547.5,376.6,30.4,0,n/a,0,low
SYN_N_00749,SYNTHETIC_NER,2023-06-09,Nagaland,unspecified,22.29452,91.57418,3161.5,21.26,219.7,forest,weathered_rock,24.2,50.8,94.4,67.2,30.4,0,n/a,0,low
SYN_E_01178,SYNTHETIC_NER,2020-08-12,Mizoram,unspecified,25.0149,95.60772,1074.9,34.67,213.1,bare,colluvium,37.1,111.8,188.6,135.3,21.9,1,debris flow,0,low
SYN_N_00257,SYNTHETIC_NER,2024-08-13,Tripura,unspecified,25.16274,89.88357,36.3,16.95,258.4,grassland,residual_soil,27.1,70.1,112.8,82.8,24.2,0,n/a,0,low
SYN_N_00580,SYNTHETIC_NER,2021-08-19,Arunachal Pradesh,unspecified,27.73539,91.55314,4157.5,16.85,346.9,forest,residual_soil,14.0,29.1,60.1,41.6,25.8,0,n/a,0,low
SYN_N_01459,SYNTHETIC_NER,2021-03-22,Nagaland,unspecified,29.49995,94.27076,2058.1,35.33,322.9,forest,colluvium,18.8,54.5,86.6,63.4,31.8,0,n/a,0,low
SYN_N_00042,SYNTHETIC_NER,2023-07-17,Arunachal Pradesh,unspecified,23.98899,92.12417,2632.4,25.76,4.2,forest,colluvium,30.9,55.8,100.0,72.9,38.7,0,n/a,0,low
SYN_N_01552,SYNTHETIC_NER,2021-08-17,Manipur,unspecified,26.07617,89.61025,1044.4,2.0,121.5,forest,residual_soil,10.6,23.1,39.7,28.9,23.1,0,n/a,0,low
SYN_N_00970,SYNTHETIC_NER,2020-06-15,Assam,unspecified,28.26532,95.42014,319.5,14.82,78.5,forest,residual_soil,12.6,39.9,75.2,52.1,10.3,0,n/a,0,low
SYN_N_01474,SYNTHETIC_NER,2022-06-19,Assam,unspecified,22.25006,95.9488,189.4,13.12,116.4,forest,colluvium,6.5,19.1,27.7,20.9,24.5,0,n/a,0,low
SYN_N_00314,SYNTHETIC_NER,2019-06-09,Assam,unspecified,22.63825,93.03833,157.5,22.53,143.4,cropland,residual_soil,19.1,50.9,90.3,64.2,14.9,0,n/a,0,low
SYN_N_00981,SYNTHETIC_NER,2024-07-15,Tripura,unspecified,28.43673,95.10803,375.7,24.19,225.9,forest,colluvium,27.7,54.7,79.6,61.8,37.4,0,n/a,0,low
SYN_N_02220,SYNTHETIC_NER,2021-07-12,Arunachal Pradesh,unspecified,22.63698,96.69813,3657.9,21.39,42.8,cropland,residual_soil,31.1,98.1,169.8,120.6,41.0,0,n/a,0,low
SYN_N_02310,SYNTHETIC_NER,2021-07-19,Nagaland,unspecified,25.35942,95.18057,2601.9,16.03,359.1,cropland,weathered_rock,18.5,58.7,121.0,81.8,16.9,0,n/a,0,low
SYN_N_01278,SYNTHETIC_NER,2017-08-22,Arunachal Pradesh,unspecified,25.82086,89.06665,2655.8,36.49,48.0,forest,unknown,13.2,39.3,71.4,50.1,31.6,0,n/a,0,low
SYN_N_00145,SYNTHETIC_NER,2018-06-06,Tripura,unspecified,25.81044,88.66197,45.1,25.36,15.1,forest,residual_soil,23.2,54.5,88.4,65.2,24.1,0,n/a,0,low
SYN_N_01827,SYNTHETIC_NER,2016-09-11,Manipur,unspecified,28.97256,93.75861,2633.6,24.55,293.5,forest,residual_soil,10.2,24.8,38.4,28.7,15.2,0,n/a,0,low
SYN_E_00994,SYNTHETIC_NER,2018-09-17,Nagaland,unspecified,23.72258,91.16013,1461.0,31.19,29.6,grassland,residual_soil,25.0,59.2,109.3,77.4,22.3,1,debris flow,0,low
SYN_E_00464,SYNTHETIC_NER,2024-07-03,Assam,unspecified,27.69199,88.21525,369.7,35.32,109.5,bare,colluvium,36.5,110.4,156.0,118.4,38.6,1,mudslide,0,low
SYN_N_01628,SYNTHETIC_NER,2023-10-12,Assam,unspecified,27.81654,88.52281,320.7,43.98,21.7,grassland,weathered_rock,12.2,24.4,44.8,32.1,20.1,0,n/a,0,low
SYN_N_01207,SYNTHETIC_NER,2018-09-07,Manipur,unspecified,25.26404,88.24943,1432.0,34.02,247.4,grassland,residual_soil,18.8,48.4,91.9,64.2,22.4,0,n/a,0,low
SYN_N_01695,SYNTHETIC_NER,2023-06-04,Manipur,unspecified,29.43772,94.94266,1258.6,18.08,276.9,grassland,colluvium,8.3,16.6,26.4,19.8,31.5,0,n/a,0,low
SYN_N_00649,SYNTHETIC_NER,2017-08-26,Tripura,unspecified,26.99813,88.16091,217.5,30.7,84.3,cropland,residual_soil,15.0,33.2,64.9,45.4,31.1,0,n/a,0,low
SYN_N_01088,SYNTHETIC_NER,2025-02-22,Manipur,unspecified,26.61714,96.12126,1355.9,16.81,117.2,cropland,colluvium,6.4,16.5,23.4,17.9,23.8,0,n/a,0,low
SYN_N_01488,SYNTHETIC_NER,2024-09-27,Arunachal Pradesh,unspecified,22.15332,95.22064,1321.9,6.89,313.9,forest,colluvium,24.2,43.7,69.4,52.6,15.3,0,n/a,0,low
SYN_E_00212,SYNTHETIC_NER,2022-09-06,Sikkim,unspecified,28.23616,96.69513,3075.5,39.36,109.2,forest,weathered_rock,29.3,62.0,110.1,79.5,32.3,1,debris flow,0,low
SYN_E_01036,SYNTHETIC_NER,2024-07-15,Arunachal Pradesh,unspecified,29.47597,89.48652,4968.9,35.35,1.3,forest,weathered_rock,41.1,128.4,275.6,184.5,48.6,1,soil slide,0,low
SYN_N_02282,SYNTHETIC_NER,2015-01-24,Arunachal Pradesh,unspecified,24.16881,90.68485,2940.3,11.91,89.6,forest,residual_soil,17.8,38.4,77.4,53.8,16.6,0,n/a,0,low
SYN_E_00900,SYNTHETIC_NER,2023-09-08,Assam,unspecified,22.20198,95.46873,395.3,30.03,146.7,forest,colluvium,33.2,97.6,174.9,123.4,29.2,1,debris flow,0,low
SYN_N_00161,SYNTHETIC_NER,2018-09-17,Arunachal Pradesh,unspecified,27.37415,95.25592,2209.0,23.52,266.5,cropland,residual_soil,39.5,83.5,181.0,123.4,24.2,0,n/a,0,low
SYN_N_00306,SYNTHETIC_NER,2015-07-05,Assam,unspecified,23.53273,91.83504,240.5,14.49,115.1,grassland,weathered_rock,16.3,39.8,73.7,52.0,29.5,0,n/a,0,low
SYN_E_00741,SYNTHETIC_NER,2022-08-26,Sikkim,unspecified,23.60016,95.65993,4824.4,36.29,358.8,bare,residual_soil,29.7,74.3,153.7,105.1,44.2,1,debris flow,0,low
SYN_N_01963,SYNTHETIC_NER,2020-03-16,Manipur,unspecified,29.25812,88.36085,2671.3,38.58,43.3,forest,colluvium,4.5,11.4,16.1,12.4,19.0,0,n/a,0,low
SYN_N_01592,SYNTHETIC_NER,2015-07-11,Meghalaya,unspecified,26.87165,97.43103,1789.4,13.3,243.2,forest,colluvium,16.8,34.2,53.4,40.3,23.7,0,n/a,0,low
SYN_N_00660,SYNTHETIC_NER,2025-08-25,Sikkim,unspecified,26.09116,93.16648,438.6,15.95,306.7,grassland,colluvium,9.4,17.2,34.2,24.2,33.3,0,n/a,0,low
SYN_E_00509,SYNTHETIC_NER,2025-06-08,Meghalaya,unspecified,25.77498,91.81974,1652.5,37.71,39.3,cropland,weathered_rock,83.6,263.6,564.7,378.1,43.4,1,soil slide,0,low
SYN_E_00597,SYNTHETIC_NER,2017-08-26,Sikkim,unspecified,23.42072,89.89986,3331.9,47.12,170.7,forest,residual_soil,50.2,122.9,248.8,171.3,51.1,1,soil slide,0,low
SYN_N_02012,SYNTHETIC_NER,2015-12-26,Nagaland,unspecified,25.4177,95.89747,3515.3,2.0,139.8,forest,weathered_rock,17.1,52.9,96.0,67.3,18.5,0,n/a,0,low
SYN_E_00981,SYNTHETIC_NER,2023-07-24,Tripura,unspecified,23.33643,93.10654,844.4,33.61,281.5,forest,residual_soil,31.0,73.5,110.3,83.4,34.7,1,debris flow,0,low
SYN_N_01208,SYNTHETIC_NER,2016-07-19,Meghalaya,unspecified,21.56546,97.06491,1729.6,17.77,333.0,forest,colluvium,25.0,69.1,136.2,93.8,28.1,0,n/a,0,low
SYN_N_01967,SYNTHETIC_NER,2016-06-16,Manipur,unspecified,29.33909,89.97199,764.7,24.59,126.6,cropland,residual_soil,14.0,39.9,86.8,58.2,26.1,0,n/a,0,low
SYN_E_00518,SYNTHETIC_NER,2019-09-25,Manipur,unspecified,27.18616,96.07075,1714.8,44.81,3.1,forest,colluvium,29.8,63.1,124.1,86.9,44.2,1,rock slide,0,low
SYN_N_01449,SYNTHETIC_NER,2017-05-09,Nagaland,unspecified,29.16109,88.02555,940.6,30.92,143.3,forest,residual_soil,13.6,37.3,76.3,52.0,21.9,0,n/a,0,low
SYN_E_00767,SYNTHETIC_NER,2016-08-17,Manipur,unspecified,27.08353,93.05676,1617.5,33.1,56.4,cropland,residual_soil,33.9,69.6,139.0,97.2,29.0,1,soil slide,0,low
SYN_N_01715,SYNTHETIC_NER,2020-07-20,Tripura,unspecified,24.2008,96.8843,83.3,4.39,159.9,forest,colluvium,22.3,46.8,73.0,55.0,18.5,0,n/a,0,low
SYN_E_00421,SYNTHETIC_NER,2025-06-07,Tripura,unspecified,21.70902,90.46962,101.3,38.02,302.4,cropland,colluvium,22.0,62.1,121.6,83.9,32.6,1,debris flow,0,low
SYN_E_00123,SYNTHETIC_NER,2025-09-16,Manipur,unspecified,28.27279,93.50681,2237.6,32.81,225.6,forest,colluvium,30.5,86.4,189.3,126.7,36.1,1,rock slide,0,low
SYN_N_01058,SYNTHETIC_NER,2015-08-04,Arunachal Pradesh,unspecified,25.12457,96.37568,4988.0,3.87,86.8,cropland,unknown,45.2,108.6,210.0,146.6,33.3,0,n/a,0,low
SYN_N_01378,SYNTHETIC_NER,2020-07-14,Nagaland,unspecified,24.33048,95.05773,1146.6,23.17,199.7,forest,colluvium,17.7,49.3,70.1,53.4,26.7,0,n/a,0,low
SYN_E_00819,SYNTHETIC_NER,2016-09-13,Arunachal Pradesh,unspecified,23.24079,94.34586,3782.6,51.35,232.5,bare,residual_soil,69.9,186.9,378.4,259.3,38.0,1,mudslide,0,low
SYN_E_00100,SYNTHETIC_NER,2015-09-10,Sikkim,unspecified,23.40029,89.43071,1836.4,18.46,3.1,forest,weathered_rock,39.8,110.3,229.2,155.7,60.1,1,debris flow,0,low
SYN_N_01964,SYNTHETIC_NER,2019-08-04,Nagaland,unspecified,23.15486,96.348,3417.6,19.95,346.3,forest,residual_soil,14.5,44.4,82.1,57.3,23.7,0,n/a,0,low
SYN_N_02124,SYNTHETIC_NER,2024-09-27,Manipur,unspecified,23.83273,93.17325,1871.5,17.08,128.4,forest,residual_soil,9.4,18.8,26.9,21.0,38.4,0,n/a,0,low
SYN_N_01546,SYNTHETIC_NER,2019-01-24,Tripura,unspecified,21.66456,96.24244,778.3,31.88,341.3,forest,residual_soil,5.0,11.5,20.5,14.7,26.8,0,n/a,0,low
SYN_N_01944,SYNTHETIC_NER,2024-08-12,Tripura,unspecified,27.4816,89.65011,699.5,33.81,309.7,forest,residual_soil,31.5,88.3,141.3,103.5,19.1,0,n/a,0,low
SYN_E_01103,SYNTHETIC_NER,2016-09-05,Meghalaya,unspecified,27.70329,88.72591,507.7,31.92,121.2,grassland,weathered_rock,220.9,690.2,1008.3,755.4,38.2,1,debris flow,0,low
SYN_N_00151,SYNTHETIC_NER,2020-09-21,Mizoram,unspecified,23.61159,89.776,1576.0,26.51,26.2,cropland,colluvium,2.0,4.2,8.6,5.9,25.3,0,n/a,0,low
SYN_N_01458,SYNTHETIC_NER,2024-09-22,Nagaland,unspecified,25.15751,93.8642,2607.9,39.32,283.2,forest,colluvium,36.4,78.9,155.9,108.9,29.4,0,n/a,0,low
SYN_N_01680,SYNTHETIC_NER,2017-09-14,Tripura,unspecified,22.09529,96.11863,284.9,2.0,71.2,forest,residual_soil,34.9,86.6,187.1,126.5,38.2,0,n/a,0,low
SYN_N_00078,SYNTHETIC_NER,2017-08-09,Tripura,unspecified,24.58478,95.3035,49.4,15.66,227.4,grassland,colluvium,0.0,0.0,0.0,0.0,34.9,0,n/a,0,low
SYN_N_00761,SYNTHETIC_NER,2016-08-19,Manipur,unspecified,24.41268,95.52753,2866.5,25.63,93.4,cropland,colluvium,9.4,28.9,45.8,33.4,43.2,0,n/a,0,low
SYN_N_01752,SYNTHETIC_NER,2018-03-12,Tripura,unspecified,23.48011,93.78278,281.8,22.85,29.2,cropland,colluvium,19.1,45.4,95.4,65.2,27.9,0,n/a,0,low
SYN_E_00982,SYNTHETIC_NER,2022-08-13,Nagaland,unspecified,23.35379,88.53753,949.3,43.58,99.9,forest,residual_soil,35.4,97.5,163.8,118.2,26.9,1,soil slide,0,low
SYN_E_00456,SYNTHETIC_NER,2018-09-20,Meghalaya,unspecified,24.40591,90.12186,221.3,34.67,191.2,forest,colluvium,183.7,423.0,634.8,481.0,36.4,1,debris flow,0,low
SYN_N_01502,SYNTHETIC_NER,2015-09-24,Meghalaya,unspecified,27.85827,89.55081,901.4,8.46,92.5,grassland,residual_soil,5.6,15.8,32.0,21.9,7.5,0,n/a,0,low
SYN_N_02361,SYNTHETIC_NER,2023-09-20,Mizoram,unspecified,26.44193,93.76398,987.0,19.95,202.7,forest,unknown,19.0,41.2,71.8,52.1,11.7,0,n/a,0,low
SYN_E_00381,SYNTHETIC_NER,2016-09-15,Arunachal Pradesh,unspecified,23.58649,88.13502,1956.8,39.35,77.8,grassland,weathered_rock,72.7,134.4,212.2,161.0,35.0,1,soil slide,0,low
SYN_N_02154,SYNTHETIC_NER,2022-11-19,Arunachal Pradesh,unspecified,23.39438,96.50571,2470.9,26.14,101.6,bare,colluvium,22.1,55.6,88.3,65.3,27.1,0,n/a,0,low
SYN_N_01727,SYNTHETIC_NER,2021-07-21,Nagaland,unspecified,24.55166,88.56494,221.0,32.04,255.8,cropland,residual_soil,3.0,7.1,12.3,8.9,23.0,0,n/a,0,low
SYN_N_02346,SYNTHETIC_NER,2016-09-23,Assam,unspecified,27.91744,96.94689,488.0,34.03,107.9,cropland,weathered_rock,10.9,26.2,50.9,35.5,22.2,0,n/a,0,low
SYN_E_01010,SYNTHETIC_NER,2020-09-22,Mizoram,unspecified,28.60774,93.25168,1462.8,27.26,117.2,forest,colluvium,49.4,136.4,235.7,168.7,40.6,1,mudslide,0,low
SYN_N_01866,SYNTHETIC_NER,2020-07-26,Arunachal Pradesh,unspecified,27.82521,97.30924,4295.9,28.6,184.9,forest,weathered_rock,7.5,20.0,34.3,24.6,23.7,0,n/a,0,low
SYN_N_00814,SYNTHETIC_NER,2019-09-19,Sikkim,unspecified,21.87664,96.54431,795.0,9.7,120.7,forest,colluvium,18.4,50.4,96.8,67.2,22.5,0,n/a,0,low
SYN_E_00662,SYNTHETIC_NER,2024-08-26,Assam,unspecified,27.749,96.69297,481.3,31.59,341.7,cropland,unknown,37.1,97.5,189.8,131.6,39.1,1,debris flow,0,low
SYN_N_01145,SYNTHETIC_NER,2021-07-11,Manipur,unspecified,24.27599,94.73601,2059.3,22.73,96.2,forest,weathered_rock,13.9,29.3,61.2,42.2,27.9,0,n/a,0,low
SYN_N_02337,SYNTHETIC_NER,2024-06-07,Sikkim,unspecified,25.12005,90.06665,3027.2,23.02,256.4,forest,residual_soil,25.3,70.7,125.7,89.1,36.5,0,n/a,0,low
SYN_N_02059,SYNTHETIC_NER,2025-12-11,Manipur,unspecified,23.37619,93.23955,1441.1,34.71,162.0,forest,residual_soil,4.5,8.3,13.1,9.9,25.0,0,n/a,0,low
SYN_N_01553,SYNTHETIC_NER,2019-08-17,Sikkim,unspecified,25.51426,95.37701,4701.3,38.74,142.9,grassland,weathered_rock,16.6,30.7,65.6,45.3,38.9,0,n/a,0,low
SYN_N_00846,SYNTHETIC_NER,2021-09-01,Mizoram,unspecified,28.88706,95.86339,1067.4,29.19,307.1,forest,weathered_rock,6.0,17.1,37.2,24.9,20.3,0,n/a,0,low
SYN_N_01620,SYNTHETIC_NER,2025-07-27,Nagaland,unspecified,26.39063,90.51683,1374.3,35.64,310.7,cropland,unknown,12.2,31.9,66.4,45.2,20.0,0,n/a,0,low
SYN_N_01541,SYNTHETIC_NER,2020-06-03,Mizoram,unspecified,26.11043,94.3698,938.7,23.82,328.4,cropland,colluvium,15.6,47.8,83.7,59.3,33.3,0,n/a,0,low
SYN_N_00727,SYNTHETIC_NER,2016-07-27,Tripura,unspecified,22.30896,90.0861,113.1,17.36,346.3,cropland,residual_soil,20.5,49.3,87.6,62.7,19.8,0,n/a,0,low
SYN_E_00845,SYNTHETIC_NER,2025-08-16,Assam,unspecified,25.78381,89.60381,133.6,21.76,59.4,grassland,residual_soil,40.0,75.6,144.1,102.8,20.3,1,mudslide,0,low
SYN_E_00542,SYNTHETIC_NER,2019-03-12,Meghalaya,unspecified,23.90686,92.03134,1394.9,30.18,170.3,forest,weathered_rock,111.5,211.1,336.7,254.0,54.7,1,soil slide,0,low
SYN_N_00622,SYNTHETIC_NER,2020-09-01,Tripura,unspecified,22.76631,90.45411,635.9,6.85,289.3,grassland,weathered_rock,10.0,31.8,47.5,35.3,24.7,0,n/a,0,low
SYN_N_01985,SYNTHETIC_NER,2022-07-15,Assam,unspecified,26.33417,95.42219,254.1,29.64,49.8,grassland,unknown,7.0,18.8,27.0,20.6,28.1,0,n/a,0,low
SYN_N_01376,SYNTHETIC_NER,2017-03-01,Sikkim,unspecified,26.50015,91.03371,2692.7,16.61,194.3,cropland,residual_soil,34.1,62.6,119.2,85.2,20.0,0,n/a,0,low
SYN_E_01196,SYNTHETIC_NER,2024-06-26,Tripura,unspecified,24.34348,90.12743,486.2,32.99,184.0,cropland,residual_soil,39.8,101.6,143.8,110.4,36.1,1,mudslide,0,low
SYN_E_01102,SYNTHETIC_NER,2017-09-18,Arunachal Pradesh,unspecified,25.35664,96.75719,4061.4,28.01,113.6,forest,residual_soil,32.5,61.4,106.7,78.3,51.9,1,mudslide,0,low
SYN_N_01219,SYNTHETIC_NER,2018-07-19,Meghalaya,unspecified,24.51904,90.3027,626.8,21.4,345.7,cropland,residual_soil,50.7,156.1,262.2,188.1,17.9,0,n/a,0,low
SYN_N_02169,SYNTHETIC_NER,2021-03-02,Sikkim,unspecified,25.28627,93.09133,3016.3,12.81,289.3,forest,weathered_rock,1.9,4.6,8.0,5.7,33.1,0,n/a,0,low
SYN_N_00600,SYNTHETIC_NER,2017-08-03,Meghalaya,unspecified,23.29309,88.90347,845.2,34.8,243.4,bare,weathered_rock,27.6,55.1,91.1,67.6,17.6,0,n/a,0,low
SYN_N_00298,SYNTHETIC_NER,2015-08-11,Nagaland,unspecified,22.0929,90.6785,424.3,23.52,106.9,forest,weathered_rock,7.4,23.5,50.9,34.0,22.9,0,n/a,0,low
SYN_N_01042,SYNTHETIC_NER,2017-06-22,Meghalaya,unspecified,23.41531,96.26926,562.0,27.18,300.5,forest,colluvium,46.3,140.2,248.8,175.7,34.4,0,n/a,0,low
SYN_N_00252,SYNTHETIC_NER,2017-08-07,Assam,unspecified,27.58061,90.80207,103.7,9.84,258.0,grassland,residual_soil,17.1,40.9,85.5,58.4,23.8,0,n/a,0,low
SYN_E_01048,SYNTHETIC_NER,2018-09-08,Tripura,unspecified,23.73651,90.49918,816.0,35.19,197.4,forest,weathered_rock,33.3,62.0,94.7,72.6,27.5,1,rock slide,0,low
SYN_N_01945,SYNTHETIC_NER,2024-08-11,Mizoram,unspecified,21.51882,88.81323,783.8,32.82,220.7,forest,unknown,2.9,7.6,14.0,9.9,11.9,0,n/a,0,low
SYN_N_00978,SYNTHETIC_NER,2019-02-03,Arunachal Pradesh,unspecified,23.0396,95.58216,2095.0,10.63,328.8,forest,residual_soil,11.6,21.9,38.1,27.9,27.0,0,n/a,0,low
SYN_N_00680,SYNTHETIC_NER,2023-08-27,Meghalaya,unspecified,27.4347,88.99282,536.2,19.8,128.3,forest,weathered_rock,58.6,163.4,331.6,226.5,15.6,0,n/a,0,low
SYN_N_01315,SYNTHETIC_NER,2018-09-07,Arunachal Pradesh,unspecified,22.20489,95.1373,144.4,27.22,258.6,forest,unknown,10.4,27.3,45.4,33.0,26.0,0,n/a,0,low
SYN_E_00237,SYNTHETIC_NER,2019-07-08,Manipur,unspecified,23.89496,94.48175,2179.5,28.35,266.5,forest,weathered_rock,31.0,95.2,178.5,124.0,40.3,1,debris flow,0,low
SYN_N_00897,SYNTHETIC_NER,2018-01-08,Manipur,unspecified,28.74822,92.31499,2787.6,20.47,54.5,grassland,weathered_rock,4.1,10.1,15.6,11.6,27.1,0,n/a,0,low
SYN_N_01263,SYNTHETIC_NER,2023-12-01,Manipur,unspecified,21.82058,91.27889,869.1,14.71,48.1,forest,weathered_rock,3.0,6.4,9.1,7.1,5.0,0,n/a,0,low
SYN_E_01133,SYNTHETIC_NER,2015-10-04,Sikkim,unspecified,22.01803,97.47289,2965.4,46.07,334.6,grassland,residual_soil,64.0,160.4,265.4,193.6,56.1,1,soil slide,0,low
SYN_N_01150,SYNTHETIC_NER,2024-07-01,Manipur,unspecified,22.87688,94.22246,1771.8,24.09,39.4,cropland,residual_soil,19.5,51.4,90.7,64.7,11.3,0,n/a,0,low
SYN_N_01264,SYNTHETIC_NER,2016-08-16,Nagaland,unspecified,21.90753,91.45852,3096.5,17.25,201.5,forest,colluvium,24.6,78.2,158.7,107.7,23.4,0,n/a,0,low
SYN_E_00163,SYNTHETIC_NER,2022-08-27,Manipur,unspecified,29.17259,94.71904,1976.6,27.15,355.7,built-up,unknown,20.4,56.3,91.3,66.6,38.9,1,soil slide,0,low
SYN_N_00313,SYNTHETIC_NER,2015-08-19,Arunachal Pradesh,unspecified,26.01098,94.52206,1938.2,28.17,56.4,forest,colluvium,37.5,73.5,115.8,87.4,20.6,0,n/a,0,low
SYN_E_00252,SYNTHETIC_NER,2023-10-08,Meghalaya,unspecified,27.01504,94.11289,1561.1,32.75,298.1,bare,colluvium,118.0,376.8,694.9,484.1,42.7,1,debris flow,0,low
SYN_N_00974,SYNTHETIC_NER,2020-08-24,Mizoram,unspecified,22.69587,93.96506,1752.5,11.93,166.3,grassland,colluvium,22.4,70.0,101.8,76.4,23.5,0,n/a,0,low
SYN_N_01299,SYNTHETIC_NER,2019-12-16,Meghalaya,unspecified,25.86575,88.82039,1143.8,5.65,65.2,forest,weathered_rock,25.6,46.8,83.4,60.9,8.6,0,n/a,0,low
SYN_N_00393,SYNTHETIC_NER,2024-08-19,Tripura,unspecified,21.61327,97.19374,59.2,16.2,227.8,forest,colluvium,7.1,18.8,28.5,21.3,27.3,0,n/a,0,low
SYN_E_00930,SYNTHETIC_NER,2023-12-01,Nagaland,unspecified,24.11209,97.21791,2385.3,38.43,38.5,forest,colluvium,55.9,143.9,264.5,186.6,35.7,1,debris flow,0,low
SYN_N_00457,SYNTHETIC_NER,2020-08-24,Meghalaya,unspecified,25.95492,93.05731,939.1,22.26,130.5,forest,unknown,58.1,182.8,360.8,246.9,23.2,0,n/a,0,low
SYN_N_00583,SYNTHETIC_NER,2023-03-11,Sikkim,unspecified,21.8604,88.47326,4465.0,28.45,331.7,cropland,weathered_rock,7.0,18.2,26.4,20.1,16.2,0,n/a,0,low
SYN_N_01891,SYNTHETIC_NER,2016-06-10,Sikkim,unspecified,26.9846,90.37369,3310.0,27.74,87.4,forest,residual_soil,37.3,87.1,141.7,104.4,14.4,0,n/a,0,low
SYN_N_00250,SYNTHETIC_NER,2020-09-21,Manipur,unspecified,24.13526,91.4162,1468.2,35.69,125.3,forest,residual_soil,18.1,51.5,85.3,61.7,27.3,0,n/a,0,low
SYN_N_01790,SYNTHETIC_NER,2023-08-24,Arunachal Pradesh,unspecified,25.76068,90.74996,852.6,19.15,86.0,grassland,residual_soil,4.1,7.6,14.2,10.2,22.5,0,n/a,0,low
SYN_N_00771,SYNTHETIC_NER,2023-05-02,Meghalaya,unspecified,26.20296,90.63379,1499.9,31.57,112.0,cropland,weathered_rock,12.8,28.5,54.6,38.4,24.1,0,n/a,0,low
SYN_N_02242,SYNTHETIC_NER,2019-09-16,Manipur,unspecified,28.93961,94.92263,1806.2,3.72,255.8,forest,colluvium,8.0,25.4,49.3,33.9,24.6,0,n/a,0,low
SYN_E_01090,SYNTHETIC_NER,2024-08-08,Nagaland,unspecified,24.73018,91.41545,1449.6,33.76,52.4,forest,weathered_rock,36.3,102.2,180.8,128.3,27.4,1,rock slide,0,low
SYN_N_01672,SYNTHETIC_NER,2017-06-07,Meghalaya,unspecified,26.23149,90.86933,1653.4,37.8,12.0,grassland,unknown,71.4,222.4,451.4,306.7,13.4,0,n/a,0,low
SYN_N_00387,SYNTHETIC_NER,2016-04-03,Nagaland,unspecified,27.27296,90.96228,2495.1,28.39,137.2,forest,weathered_rock,16.2,43.4,64.1,48.3,28.9,0,n/a,0,low
SYN_E_01181,SYNTHETIC_NER,2023-08-16,Arunachal Pradesh,unspecified,22.4942,92.36059,353.7,50.91,226.5,grassland,colluvium,46.5,93.6,151.8,113.3,48.3,1,soil slide,0,low
SYN_E_00593,SYNTHETIC_NER,2025-10-25,Arunachal Pradesh,unspecified,26.29804,90.15919,451.9,25.54,6.3,cropland,weathered_rock,73.4,204.1,436.2,294.0,43.1,1,soil slide,0,low
SYN_E_00677,SYNTHETIC_NER,2016-08-10,Assam,unspecified,23.36534,93.44174,538.2,30.3,352.6,forest,residual_soil,34.1,65.9,126.8,90.0,35.8,1,debris flow,0,low
SYN_E_00041,SYNTHETIC_NER,2020-08-06,Sikkim,unspecified,28.52518,91.55741,1054.8,39.92,36.4,grassland,colluvium,65.9,135.9,254.9,181.4,36.0,1,rock slide,0,low
SYN_N_01083,SYNTHETIC_NER,2020-06-21,Nagaland,unspecified,28.88413,93.85109,2037.9,33.41,175.1,grassland,residual_soil,17.7,31.9,57.0,41.6,19.3,0,n/a,0,low
SYN_N_02179,SYNTHETIC_NER,2017-09-12,Arunachal Pradesh,unspecified,22.96309,88.20914,3425.8,11.86,280.1,grassland,unknown,24.5,46.1,81.1,59.3,14.1,0,n/a,0,low
SYN_N_01266,SYNTHETIC_NER,2019-08-17,Assam,unspecified,22.48381,92.5012,405.5,24.7,332.8,bare,residual_soil,7.7,20.7,45.6,30.6,29.0,0,n/a,0,low
SYN_E_00243,SYNTHETIC_NER,2021-04-24,Tripura,unspecified,27.29488,94.00085,689.3,31.29,67.6,bare,residual_soil,28.8,58.0,98.1,72.2,32.6,1,rock slide,0,low
SYN_E_01124,SYNTHETIC_NER,2016-08-19,Sikkim,unspecified,25.76883,95.47538,1813.2,32.31,22.9,grassland,weathered_rock,53.8,172.1,326.7,225.8,34.4,1,debris flow,0,low
SYN_N_00113,SYNTHETIC_NER,2020-06-22,Mizoram,unspecified,27.57043,93.15218,835.1,7.53,217.4,forest,residual_soil,11.4,33.8,58.2,41.6,13.8,0,n/a,0,low
SYN_N_00299,SYNTHETIC_NER,2019-07-26,Assam,unspecified,27.89176,95.61914,374.8,26.33,195.5,built-up,residual_soil,35.9,82.5,124.0,93.9,34.4,0,n/a,0,low
SYN_N_01471,SYNTHETIC_NER,2017-07-12,Tripura,unspecified,29.0136,91.89084,313.0,28.19,198.7,forest,weathered_rock,12.5,26.5,54.1,37.5,25.7,0,n/a,0,low
SYN_E_00261,SYNTHETIC_NER,2020-05-03,Meghalaya,unspecified,26.3167,92.01761,512.6,35.84,153.6,forest,colluvium,51.3,146.5,307.7,208.0,33.3,1,debris flow,0,low
SYN_N_01408,SYNTHETIC_NER,2023-07-05,Assam,unspecified,23.79154,95.52271,223.2,9.85,106.5,forest,weathered_rock,13.6,42.3,65.5,48.2,23.5,0,n/a,0,low
SYN_N_00799,SYNTHETIC_NER,2019-07-11,Assam,unspecified,27.21169,93.7407,481.6,27.78,35.7,grassland,weathered_rock,9.8,30.0,45.2,33.6,27.4,0,n/a,0,low
SYN_N_01203,SYNTHETIC_NER,2023-12-10,Nagaland,unspecified,27.37208,90.33807,3575.0,22.52,102.8,bare,colluvium,4.2,11.4,22.9,15.7,19.1,0,n/a,0,low
SYN_E_00834,SYNTHETIC_NER,2022-06-05,Sikkim,unspecified,24.05444,95.60646,4440.6,35.43,39.8,forest,residual_soil,28.1,71.3,130.2,92.1,31.5,1,soil slide,0,low
SYN_N_02247,SYNTHETIC_NER,2022-08-23,Assam,unspecified,24.74174,88.07383,432.2,41.29,23.2,grassland,unknown,12.4,35.3,57.2,41.7,16.9,0,n/a,0,low
SYN_N_00160,SYNTHETIC_NER,2016-08-14,Manipur,unspecified,26.19066,92.08596,872.2,17.56,80.7,forest,unknown,9.2,20.4,29.1,22.5,30.8,0,n/a,0,low
SYN_N_01516,SYNTHETIC_NER,2015-08-04,Sikkim,unspecified,27.53584,94.98044,2159.8,30.11,356.7,cropland,unknown,19.2,55.1,91.9,66.3,41.4,0,n/a,0,low
SYN_N_00109,SYNTHETIC_NER,2016-03-24,Manipur,unspecified,27.43122,94.59576,2418.5,16.87,321.0,forest,colluvium,24.9,46.3,71.4,54.5,26.8,0,n/a,0,low
SYN_E_00340,SYNTHETIC_NER,2017-07-22,Tripura,unspecified,27.22503,95.6591,376.8,26.34,171.7,forest,weathered_rock,48.3,144.3,231.4,168.6,60.4,1,debris flow,0,low
SYN_N_00333,SYNTHETIC_NER,2017-07-08,Mizoram,unspecified,26.20715,89.7127,1895.8,25.01,256.8,grassland,colluvium,30.4,84.7,178.4,120.7,45.4,0,n/a,0,low
SYN_E_00748,SYNTHETIC_NER,2021-06-09,Mizoram,unspecified,21.96532,95.51813,1663.4,35.39,290.9,forest,unknown,30.8,85.9,134.5,99.2,47.6,1,rock slide,0,low
SYN_N_01886,SYNTHETIC_NER,2015-06-05,Sikkim,unspecified,24.05822,89.58216,3448.6,9.93,354.8,forest,weathered_rock,21.9,46.1,82.3,59.4,15.1,0,n/a,0,low
SYN_E_00480,SYNTHETIC_NER,2015-09-13,Mizoram,unspecified,28.42663,94.44713,817.8,46.26,208.2,forest,residual_soil,28.3,67.2,111.5,81.6,24.6,1,debris flow,0,low
SYN_N_00497,SYNTHETIC_NER,2018-09-02,Nagaland,unspecified,29.40373,94.21066,388.0,19.12,249.5,forest,weathered_rock,16.3,38.2,55.3,42.4,28.9,0,n/a,0,low
SYN_N_00754,SYNTHETIC_NER,2019-08-20,Sikkim,unspecified,24.61716,92.45272,3037.9,13.42,143.2,grassland,residual_soil,9.7,29.0,58.7,40.0,20.6,0,n/a,0,low
SYN_N_00462,SYNTHETIC_NER,2016-08-25,Meghalaya,unspecified,23.26258,96.17813,1393.6,12.1,320.1,grassland,unknown,31.4,59.2,124.0,86.0,15.8,0,n/a,0,low
SYN_E_00783,SYNTHETIC_NER,2018-08-18,Assam,unspecified,25.72146,94.32346,48.0,35.27,52.0,forest,unknown,50.3,145.7,289.0,198.3,25.2,1,debris flow,0,low
SYN_N_01883,SYNTHETIC_NER,2019-12-27,Tripura,unspecified,28.26163,90.28987,74.3,29.61,355.2,forest,colluvium,9.7,24.3,47.6,33.0,13.2,0,n/a,0,low
SYN_N_02359,SYNTHETIC_NER,2023-06-07,Mizoram,unspecified,21.89534,97.19209,1051.1,22.72,87.2,forest,residual_soil,24.6,68.8,119.7,85.4,38.8,0,n/a,0,low
SYN_N_01159,SYNTHETIC_NER,2018-06-22,Assam,unspecified,28.25859,94.20383,31.4,4.73,244.4,grassland,colluvium,27.3,82.0,118.7,89.4,24.8,0,n/a,0,low
SYN_N_02343,SYNTHETIC_NER,2015-07-13,Manipur,unspecified,27.79735,95.63685,2831.1,27.6,24.5,forest,colluvium,9.6,24.2,50.2,34.3,23.2,0,n/a,0,low
SYN_N_01181,SYNTHETIC_NER,2023-09-10,Manipur,unspecified,28.54355,90.92927,1448.7,34.33,238.4,forest,unknown,14.0,36.5,71.9,49.7,20.3,0,n/a,0,low
SYN_N_01050,SYNTHETIC_NER,2016-09-01,Meghalaya,unspecified,21.63797,96.32219,1135.6,28.58,25.4,forest,colluvium,75.5,229.0,379.3,273.5,18.8,0,n/a,0,low
SYN_N_00211,SYNTHETIC_NER,2023-11-05,Arunachal Pradesh,unspecified,23.49412,91.48966,4976.6,22.36,198.6,cropland,colluvium,17.0,32.9,71.5,49.0,26.4,0,n/a,0,low
SYN_N_00475,SYNTHETIC_NER,2023-06-19,Assam,unspecified,25.56981,90.47982,100.7,19.63,223.2,built-up,residual_soil,3.8,9.2,17.8,12.4,22.5,0,n/a,0,low
SYN_N_01172,SYNTHETIC_NER,2020-01-05,Tripura,unspecified,26.24554,94.61322,777.4,21.09,131.3,forest,colluvium,11.2,29.6,49.5,35.9,21.3,0,n/a,0,low
SYN_N_01348,SYNTHETIC_NER,2022-12-14,Tripura,unspecified,21.72163,92.7713,765.1,5.23,43.0,forest,weathered_rock,22.0,61.5,90.3,68.0,27.2,0,n/a,0,low
SYN_N_00261,SYNTHETIC_NER,2022-06-13,Manipur,unspecified,28.01032,93.08322,1787.5,34.89,357.9,forest,weathered_rock,12.9,35.8,65.5,46.1,31.6,0,n/a,0,low
SYN_N_00071,SYNTHETIC_NER,2021-06-27,Assam,unspecified,22.13769,91.27461,156.3,21.46,10.0,forest,residual_soil,19.9,56.5,109.2,75.5,16.6,0,n/a,0,low
SYN_N_01033,SYNTHETIC_NER,2021-09-18,Assam,unspecified,27.1055,94.53506,60.7,23.61,12.3,cropland,colluvium,11.9,22.1,45.1,31.5,25.7,0,n/a,0,low
SYN_E_01127,SYNTHETIC_NER,2020-09-24,Tripura,unspecified,25.84439,91.75155,913.0,24.57,148.1,bare,colluvium,31.2,93.7,181.1,124.9,33.8,1,rock slide,0,low
SYN_E_00626,SYNTHETIC_NER,2017-07-09,Mizoram,unspecified,22.04633,93.60638,1475.7,37.52,271.6,forest,residual_soil,49.8,99.9,214.6,147.3,37.8,1,soil slide,0,low
SYN_E_00347,SYNTHETIC_NER,2022-07-16,Arunachal Pradesh,unspecified,24.49842,91.10686,1982.3,33.77,257.2,cropland,colluvium,49.3,141.0,292.8,198.6,42.1,1,mudslide,0,low
SYN_N_01097,SYNTHETIC_NER,2023-09-03,Sikkim,unspecified,26.58012,88.51971,468.3,8.86,271.1,forest,residual_soil,20.4,56.0,97.6,69.7,26.5,0,n/a,0,low
SYN_N_00566,SYNTHETIC_NER,2025-07-07,Nagaland,unspecified,23.83275,93.09664,653.9,26.85,54.3,forest,residual_soil,4.7,14.8,31.8,21.3,19.9,0,n/a,0,low
SYN_E_00979,SYNTHETIC_NER,2017-09-01,Nagaland,unspecified,21.55928,96.22421,3764.8,40.27,142.7,grassland,weathered_rock,30.3,89.4,178.5,122.2,43.3,1,soil slide,0,low
SYN_N_01896,SYNTHETIC_NER,2022-06-18,Nagaland,unspecified,27.34714,93.6923,1559.5,23.2,18.3,forest,colluvium,12.9,36.5,54.9,41.0,27.9,0,n/a,0,low
SYN_N_00392,SYNTHETIC_NER,2024-09-10,Arunachal Pradesh,unspecified,25.51696,92.43246,2577.0,14.54,26.7,bare,residual_soil,13.6,37.1,59.1,43.4,28.3,0,n/a,0,low
SYN_E_00911,SYNTHETIC_NER,2018-08-21,Meghalaya,unspecified,22.78147,91.86538,1721.2,32.12,279.3,cropland,residual_soil,121.8,262.7,389.7,298.0,38.0,1,mudslide,0,low
SYN_N_01052,SYNTHETIC_NER,2018-09-06,Assam,unspecified,22.72642,89.82129,478.5,37.16,179.9,cropland,colluvium,13.0,31.4,54.6,39.3,9.7,0,n/a,0,low
SYN_E_00632,SYNTHETIC_NER,2023-11-22,Manipur,unspecified,21.80955,93.78493,2796.5,41.26,247.9,forest,colluvium,26.6,54.3,85.4,64.3,37.9,1,mudslide,0,low
SYN_N_00231,SYNTHETIC_NER,2017-09-06,Assam,unspecified,27.2991,92.59193,292.8,25.99,249.5,forest,colluvium,3.2,7.7,13.2,9.5,16.8,0,n/a,0,low
SYN_E_00445,SYNTHETIC_NER,2024-08-02,Tripura,unspecified,23.07512,96.85665,920.2,38.72,266.1,forest,residual_soil,44.1,119.0,170.2,129.6,51.1,1,debris flow,0,low
SYN_E_00617,SYNTHETIC_NER,2016-11-27,Mizoram,unspecified,24.64503,88.87244,1563.3,32.5,1.3,forest,colluvium,42.3,82.1,156.9,111.5,41.0,1,mudslide,0,low
SYN_N_01857,SYNTHETIC_NER,2020-07-21,Tripura,unspecified,25.38094,90.19889,389.7,23.69,162.1,bare,weathered_rock,0.0,0.0,0.0,0.0,31.0,0,n/a,0,low
SYN_N_00353,SYNTHETIC_NER,2020-08-06,Meghalaya,unspecified,26.27715,90.84272,878.0,30.15,306.5,forest,residual_soil,27.1,85.6,123.2,92.7,33.4,0,n/a,0,low
SYN_N_00667,SYNTHETIC_NER,2017-06-21,Nagaland,unspecified,25.55217,97.21846,3114.7,7.42,29.0,forest,residual_soil,21.4,63.0,117.7,82.0,8.7,0,n/a,0,low
SYN_N_00442,SYNTHETIC_NER,2022-05-22,Meghalaya,unspecified,24.32716,88.00991,700.9,16.9,8.3,forest,residual_soil,57.7,171.6,261.0,193.5,5.0,0,n/a,0,low
SYN_N_01855,SYNTHETIC_NER,2021-03-06,Arunachal Pradesh,unspecified,24.36419,90.27529,1505.6,2.0,58.7,bare,residual_soil,24.8,64.1,140.3,94.3,30.9,0,n/a,0,low
SYN_N_00166,SYNTHETIC_NER,2020-06-27,Tripura,unspecified,26.91663,95.76412,237.4,10.58,98.2,bare,unknown,32.9,62.6,115.3,83.0,20.3,0,n/a,0,low
SYN_N_00584,SYNTHETIC_NER,2022-06-21,Assam,unspecified,23.88137,88.51818,429.6,35.66,72.4,grassland,residual_soil,18.6,45.8,78.2,56.5,27.1,0,n/a,0,low
SYN_N_00611,SYNTHETIC_NER,2022-03-06,Tripura,unspecified,27.03337,93.27796,744.5,21.29,255.8,forest,residual_soil,11.6,29.0,54.2,38.2,19.4,0,n/a,0,low
SYN_E_00353,SYNTHETIC_NER,2018-06-13,Manipur,unspecified,21.61078,93.71765,2058.5,29.9,341.1,forest,colluvium,25.9,51.2,109.6,75.3,35.4,1,debris flow,0,low
SYN_N_00032,SYNTHETIC_NER,2019-08-12,Assam,unspecified,27.40517,94.20806,218.8,10.72,131.8,forest,residual_soil,11.1,29.0,53.7,37.8,28.1,0,n/a,0,low
SYN_E_00613,SYNTHETIC_NER,2015-07-21,Manipur,unspecified,22.81331,95.50348,2407.5,39.79,290.7,grassland,residual_soil,25.3,54.1,97.3,69.9,37.0,1,mudslide,0,low
SYN_N_01527,SYNTHETIC_NER,2015-06-10,Meghalaya,unspecified,26.9915,96.66056,439.3,8.31,331.0,forest,unknown,48.1,144.2,309.7,207.7,16.2,0,n/a,0,low
SYN_N_01118,SYNTHETIC_NER,2017-01-01,Arunachal Pradesh,unspecified,27.79104,91.50347,175.0,33.41,308.5,bare,colluvium,37.4,107.7,200.7,140.1,22.6,0,n/a,0,low
SYN_N_00912,SYNTHETIC_NER,2022-03-13,Mizoram,unspecified,23.82875,92.41144,1028.6,20.22,78.0,cropland,weathered_rock,18.1,41.6,80.8,56.5,33.8,0,n/a,0,low
SYN_N_00740,SYNTHETIC_NER,2019-08-21,Tripura,unspecified,29.07056,92.44532,919.5,22.56,287.4,forest,colluvium,7.4,22.4,46.1,31.3,27.3,0,n/a,0,low
SYN_N_01079,SYNTHETIC_NER,2025-09-26,Nagaland,unspecified,26.72865,90.76849,3457.6,24.18,43.5,forest,residual_soil,25.9,75.6,126.3,91.0,14.9,0,n/a,0,low
SYN_N_02181,SYNTHETIC_NER,2024-06-18,Sikkim,unspecified,24.0784,95.893,469.2,31.8,337.0,forest,residual_soil,12.6,30.9,43.9,33.7,24.8,0,n/a,0,low
SYN_E_00057,SYNTHETIC_NER,2024-06-20,Meghalaya,unspecified,23.16398,92.92969,1546.4,25.16,291.6,forest,residual_soil,127.4,406.6,581.9,438.4,25.0,1,soil slide,0,low
SYN_N_02191,SYNTHETIC_NER,2023-07-15,Mizoram,unspecified,22.23233,92.84278,273.0,6.66,190.2,forest,colluvium,13.6,34.0,64.3,45.1,21.9,0,n/a,0,low
SYN_N_01977,SYNTHETIC_NER,2025-03-03,Arunachal Pradesh,unspecified,25.0766,93.15551,1286.8,23.69,58.2,forest,weathered_rock,7.5,17.5,27.0,20.2,9.7,0,n/a,0,low
SYN_N_01434,SYNTHETIC_NER,2023-12-15,Meghalaya,unspecified,25.62564,90.88923,1442.3,27.19,69.9,forest,residual_soil,15.7,43.4,79.0,55.7,28.8,0,n/a,0,low
SYN_N_00053,SYNTHETIC_NER,2023-07-26,Tripura,unspecified,25.57692,91.32395,205.9,40.15,130.1,forest,residual_soil,10.6,33.2,53.0,38.6,37.5,0,n/a,0,low
SYN_N_01801,SYNTHETIC_NER,2021-02-19,Meghalaya,unspecified,21.93562,91.35137,908.5,12.58,92.6,forest,weathered_rock,16.6,44.0,94.6,63.8,28.7,0,n/a,0,low
SYN_N_01060,SYNTHETIC_NER,2015-08-17,Meghalaya,unspecified,25.16959,91.78109,603.3,19.65,272.9,forest,colluvium,58.6,132.1,267.6,185.1,7.6,0,n/a,0,low
SYN_N_00903,SYNTHETIC_NER,2015-08-03,Meghalaya,unspecified,22.84242,94.88378,934.8,21.14,290.2,forest,colluvium,11.9,23.2,34.6,26.7,13.7,0,n/a,0,low
SYN_N_00722,SYNTHETIC_NER,2023-04-07,Mizoram,unspecified,26.91215,90.97122,238.3,19.98,322.2,grassland,colluvium,24.3,50.7,101.0,70.5,15.0,0,n/a,0,low
SYN_N_00358,SYNTHETIC_NER,2017-08-20,Meghalaya,unspecified,26.36456,93.71144,1659.6,22.51,218.6,cropland,weathered_rock,47.0,139.6,205.1,153.8,16.9,0,n/a,0,low
SYN_N_01120,SYNTHETIC_NER,2017-09-12,Sikkim,unspecified,28.17179,97.32507,3080.5,19.45,61.5,forest,weathered_rock,33.5,73.0,138.7,98.0,11.9,0,n/a,0,low
SYN_N_00297,SYNTHETIC_NER,2020-07-17,Meghalaya,unspecified,25.38748,94.29676,603.0,33.21,94.7,cropland,colluvium,81.3,197.8,391.2,271.2,34.0,0,n/a,0,low
SYN_E_00560,SYNTHETIC_NER,2017-08-03,Nagaland,unspecified,26.36987,97.23451,2985.3,36.87,50.0,cropland,residual_soil,26.4,63.5,123.6,86.1,34.1,1,soil slide,0,low
SYN_E_00707,SYNTHETIC_NER,2024-07-16,Nagaland,unspecified,24.61887,95.87146,1686.0,31.78,67.5,bare,colluvium,47.9,109.8,197.1,141.1,29.7,1,soil slide,0,low
SYN_N_01772,SYNTHETIC_NER,2017-06-18,Meghalaya,unspecified,24.55253,91.62745,1654.2,41.64,125.1,grassland,residual_soil,51.9,129.7,244.7,171.6,15.9,0,n/a,0,low
SYN_E_00424,SYNTHETIC_NER,2022-06-15,Manipur,unspecified,23.42947,91.27535,2526.7,32.61,140.9,cropland,residual_soil,17.0,51.2,80.6,59.0,50.7,1,soil slide,0,low
SYN_E_01093,SYNTHETIC_NER,2025-08-04,Manipur,unspecified,27.5406,95.10193,2115.6,38.95,175.2,forest,residual_soil,40.9,96.9,161.7,118.1,44.3,1,mudslide,0,low
SYN_E_00647,SYNTHETIC_NER,2024-04-06,Nagaland,unspecified,24.57542,94.09829,835.2,35.64,308.6,forest,residual_soil,32.7,96.6,194.3,132.6,45.1,1,soil slide,0,low
SYN_E_00072,SYNTHETIC_NER,2022-06-09,Manipur,unspecified,24.1684,91.14143,2698.1,38.05,45.8,forest,weathered_rock,33.3,79.1,158.1,109.5,27.5,1,debris flow,0,low
SYN_N_02100,SYNTHETIC_NER,2022-08-27,Nagaland,unspecified,26.13548,95.67387,3332.7,37.73,204.9,cropland,residual_soil,22.4,51.5,86.8,63.3,30.1,0,n/a,0,low
SYN_N_00345,SYNTHETIC_NER,2022-08-25,Assam,unspecified,22.98762,90.87294,424.5,5.19,246.7,forest,weathered_rock,12.0,34.3,67.2,46.3,16.0,0,n/a,0,low
SYN_N_00212,SYNTHETIC_NER,2025-07-15,Tripura,unspecified,23.71376,89.2342,727.0,16.66,15.3,forest,residual_soil,10.9,30.9,60.3,41.6,27.2,0,n/a,0,low
SYN_E_01005,SYNTHETIC_NER,2022-07-11,Arunachal Pradesh,unspecified,28.88976,89.22235,1224.8,21.99,196.5,forest,residual_soil,56.2,132.5,195.0,148.5,44.4,1,soil slide,2,low
SYN_E_00620,SYNTHETIC_NER,2023-06-16,Manipur,unspecified,27.67635,91.96389,1657.2,28.37,108.5,forest,weathered_rock,22.6,45.3,99.4,67.8,34.1,1,mudslide,0,low
SYN_N_00787,SYNTHETIC_NER,2018-09-10,Nagaland,unspecified,27.2119,96.38592,1219.1,6.48,57.5,bare,weathered_rock,25.5,48.3,105.2,72.2,23.9,0,n/a,0,low
SYN_N_00837,SYNTHETIC_NER,2023-09-09,Manipur,unspecified,24.86502,90.83831,2745.6,11.77,66.2,bare,colluvium,8.5,22.1,42.7,29.7,26.7,0,n/a,0,low
SYN_E_00553,SYNTHETIC_NER,2023-09-16,Mizoram,unspecified,26.7945,88.15385,1719.7,36.54,253.8,forest,weathered_rock,26.5,70.9,154.4,103.8,37.6,1,debris flow,0,low
SYN_N_00317,SYNTHETIC_NER,2020-09-11,Arunachal Pradesh,unspecified,26.77038,95.74733,1032.0,23.16,180.0,forest,colluvium,1.1,3.2,5.1,3.8,32.2,0,n/a,0,low
SYN_N_00351,SYNTHETIC_NER,2017-06-03,Nagaland,unspecified,24.94439,92.04645,664.4,28.13,78.2,bare,colluvium,18.6,40.8,74.2,53.0,27.5,0,n/a,0,low
SYN_N_01993,SYNTHETIC_NER,2021-07-22,Sikkim,unspecified,21.81933,95.53555,4915.1,18.61,66.3,cropland,unknown,25.6,58.7,104.2,74.9,23.2,0,n/a,0,low
SYN_N_01388,SYNTHETIC_NER,2016-09-05,Sikkim,unspecified,23.44305,92.31624,4327.1,24.93,353.2,grassland,residual_soil,6.4,13.1,22.1,16.2,10.0,0,n/a,0,low
SYN_N_01103,SYNTHETIC_NER,2021-08-24,Mizoram,unspecified,28.13506,94.14885,434.9,2.0,124.9,grassland,colluvium,22.4,43.6,92.7,63.9,31.4,0,n/a,0,low
SYN_E_00998,SYNTHETIC_NER,2015-07-07,Arunachal Pradesh,unspecified,28.72737,92.18856,4040.6,40.9,268.1,forest,residual_soil,65.8,162.5,286.9,205.3,36.6,1,debris flow,0,low
SYN_N_00575,SYNTHETIC_NER,2015-09-23,Meghalaya,unspecified,24.88153,92.19997,428.8,16.69,186.5,forest,colluvium,10.4,26.8,53.7,37.0,24.0,0,n/a,0,low
SYN_N_00683,SYNTHETIC_NER,2023-06-15,Arunachal Pradesh,unspecified,25.1502,94.54936,4514.8,27.59,245.6,cropland,residual_soil,25.6,65.1,121.0,85.1,15.4,0,n/a,0,low
SYN_N_00828,SYNTHETIC_NER,2019-08-24,Meghalaya,unspecified,23.06494,93.1161,738.9,13.66,241.0,cropland,residual_soil,54.8,139.9,289.7,197.8,22.2,0,n/a,0,low
SYN_N_02091,SYNTHETIC_NER,2024-08-11,Sikkim,unspecified,28.71048,91.2308,1225.2,22.16,125.3,cropland,residual_soil,12.9,30.0,63.6,43.4,29.9,0,n/a,0,low
SYN_N_00650,SYNTHETIC_NER,2025-06-10,Manipur,unspecified,28.06496,95.8527,1100.0,43.73,117.8,grassland,residual_soil,3.2,10.2,17.6,12.5,39.7,0,n/a,0,low
SYN_N_02379,SYNTHETIC_NER,2016-01-22,Arunachal Pradesh,unspecified,28.28994,95.99409,442.1,2.0,52.5,forest,weathered_rock,6.1,17.9,25.8,19.5,15.9,0,n/a,0,low
SYN_N_00891,SYNTHETIC_NER,2024-05-13,Sikkim,unspecified,26.56702,95.30611,4912.4,53.93,326.4,cropland,colluvium,24.1,62.4,135.4,91.2,36.5,0,n/a,0,low
SYN_N_01280,SYNTHETIC_NER,2019-07-09,Manipur,unspecified,24.29277,92.44181,2411.5,10.63,271.8,forest,weathered_rock,6.5,13.9,22.4,16.7,32.3,0,n/a,0,low
SYN_E_00440,SYNTHETIC_NER,2018-08-22,Arunachal Pradesh,unspecified,24.07194,91.92117,4422.9,31.02,310.9,forest,colluvium,78.9,226.3,372.6,270.0,39.8,1,debris flow,0,low
SYN_E_00508,SYNTHETIC_NER,2015-06-06,Mizoram,unspecified,28.05814,92.04351,1120.5,27.88,17.3,bare,residual_soil,46.0,126.3,263.4,178.8,45.9,1,mudslide,0,low
SYN_E_01100,SYNTHETIC_NER,2016-02-27,Manipur,unspecified,28.83706,95.15991,2607.1,46.43,144.7,built-up,weathered_rock,36.2,100.1,142.3,108.4,49.9,1,rock slide,1,low
SYN_E_00589,SYNTHETIC_NER,2022-08-19,Sikkim,unspecified,26.40095,96.24153,502.5,30.79,62.2,grassland,colluvium,68.6,132.6,256.3,181.6,46.3,1,soil slide,0,low
SYN_N_00409,SYNTHETIC_NER,2021-07-08,Tripura,unspecified,26.30439,96.04665,942.8,34.99,110.6,bare,residual_soil,22.5,41.1,61.7,47.7,20.8,0,n/a,0,low
SYN_E_00649,SYNTHETIC_NER,2020-09-05,Sikkim,unspecified,25.01524,96.44373,4971.8,48.74,119.7,forest,residual_soil,27.4,85.9,143.1,102.8,31.6,1,rock slide,0,low
SYN_N_02078,SYNTHETIC_NER,2020-09-21,Nagaland,unspecified,23.57859,89.35415,2147.9,22.04,270.8,forest,residual_soil,13.9,32.4,67.6,46.3,10.1,0,n/a,0,low
SYN_N_00893,SYNTHETIC_NER,2022-09-09,Arunachal Pradesh,unspecified,26.58222,93.4209,266.0,31.72,155.9,grassland,weathered_rock,11.5,22.2,34.9,26.4,36.7,0,n/a,0,low
SYN_N_02269,SYNTHETIC_NER,2021-07-22,Arunachal Pradesh,unspecified,22.96957,96.05104,2836.2,22.68,118.3,forest,residual_soil,14.5,33.1,51.4,38.5,19.7,0,n/a,0,low
SYN_N_02076,SYNTHETIC_NER,2023-06-17,Sikkim,unspecified,22.39483,93.6024,4385.5,22.94,24.3,forest,weathered_rock,38.5,108.0,234.4,157.3,24.2,0,n/a,0,low
SYN_N_00537,SYNTHETIC_NER,2016-08-17,Tripura,unspecified,21.98095,89.87787,270.5,44.78,84.2,forest,residual_soil,20.6,55.8,121.0,81.4,27.8,0,n/a,0,low
SYN_E_00660,SYNTHETIC_NER,2020-06-15,Meghalaya,unspecified,23.0181,88.73616,1764.4,31.08,312.4,grassland,residual_soil,120.0,218.0,336.9,257.8,33.6,1,soil slide,0,low
SYN_E_00630,SYNTHETIC_NER,2021-09-07,Tripura,unspecified,28.3889,92.9889,292.9,34.13,332.3,cropland,residual_soil,37.5,90.7,146.3,107.8,39.7,1,mudslide,0,low
SYN_N_00620,SYNTHETIC_NER,2022-11-08,Sikkim,unspecified,25.25807,89.47786,3426.8,2.86,313.4,forest,residual_soil,33.6,95.3,189.4,130.0,23.6,0,n/a,0,low
SYN_N_00049,SYNTHETIC_NER,2021-05-21,Manipur,unspecified,23.07836,92.70544,999.2,26.99,232.1,grassland,colluvium,4.9,13.2,21.3,15.6,34.0,0,n/a,0,low
SYN_N_00222,SYNTHETIC_NER,2021-06-22,Manipur,unspecified,24.98239,96.14437,2810.0,25.89,254.0,forest,weathered_rock,5.3,15.3,22.8,17.0,21.3,0,n/a,0,low
SYN_E_00482,SYNTHETIC_NER,2021-06-18,Mizoram,unspecified,26.02316,90.3302,1629.4,29.82,105.7,forest,residual_soil,45.1,111.8,169.6,127.4,29.2,1,soil slide,0,low
SYN_N_00421,SYNTHETIC_NER,2024-07-25,Nagaland,unspecified,26.72118,93.81185,2541.6,24.24,225.6,bare,residual_soil,9.2,21.7,38.2,27.5,18.7,0,n/a,0,low
SYN_N_01869,SYNTHETIC_NER,2023-08-11,Arunachal Pradesh,unspecified,26.33477,94.69029,2564.0,33.81,32.8,forest,colluvium,16.0,34.9,67.5,47.4,21.8,0,n/a,0,low
SYN_N_00388,SYNTHETIC_NER,2018-03-03,Mizoram,unspecified,24.38678,95.98359,375.2,22.34,255.8,cropland,colluvium,18.2,57.1,95.4,68.4,32.1,0,n/a,0,low
SYN_N_01305,SYNTHETIC_NER,2025-09-08,Manipur,unspecified,25.65982,90.47941,1643.7,28.13,59.3,forest,residual_soil,11.2,22.4,37.7,27.8,20.9,0,n/a,0,low
SYN_N_01774,SYNTHETIC_NER,2019-06-09,Nagaland,unspecified,23.3104,93.34025,3299.8,22.88,68.4,built-up,colluvium,8.1,16.3,25.8,19.4,24.1,0,n/a,0,low
SYN_N_01142,SYNTHETIC_NER,2021-09-19,Manipur,unspecified,22.53034,92.62362,1788.4,15.44,338.1,grassland,residual_soil,0.0,0.0,0.0,0.0,10.4,0,n/a,0,low
SYN_E_00856,SYNTHETIC_NER,2016-11-18,Meghalaya,unspecified,29.10454,88.94927,1736.8,47.7,239.3,built-up,colluvium,73.6,226.9,359.8,262.7,40.6,1,rock slide,0,low
SYN_N_00025,SYNTHETIC_NER,2020-09-03,Nagaland,unspecified,26.02354,89.87752,1896.3,23.28,215.0,forest,colluvium,16.0,39.3,55.1,42.5,33.7,0,n/a,0,low
SYN_E_01190,SYNTHETIC_NER,2016-08-21,Manipur,unspecified,29.42357,88.31127,1479.6,34.65,199.2,forest,colluvium,45.8,133.7,207.3,152.9,36.2,1,debris flow,0,low
SYN_N_02350,SYNTHETIC_NER,2017-06-05,Manipur,unspecified,24.11677,93.06064,1954.8,23.11,227.7,cropland,colluvium,9.6,27.6,60.2,40.3,30.1,0,n/a,0,low
SYN_E_00530,SYNTHETIC_NER,2022-08-13,Nagaland,unspecified,27.0224,91.92013,2445.6,37.92,302.2,forest,residual_soil,52.6,94.8,134.5,106.2,37.1,1,mudslide,0,low
SYN_N_01206,SYNTHETIC_NER,2015-07-13,Meghalaya,unspecified,22.63082,94.74244,1461.7,28.76,280.9,bare,residual_soil,6.9,13.3,21.2,16.0,31.1,0,n/a,0,low
SYN_E_00049,SYNTHETIC_NER,2020-07-15,Sikkim,unspecified,24.87413,88.63484,1183.1,33.42,213.5,forest,colluvium,12.8,31.8,56.7,40.5,40.3,1,rock slide,0,low
SYN_N_01870,SYNTHETIC_NER,2016-09-15,Meghalaya,unspecified,21.69047,88.36826,317.3,21.09,74.1,forest,residual_soil,8.0,17.5,34.1,23.9,36.0,0,n/a,0,low
SYN_E_00858,SYNTHETIC_NER,2015-07-14,Tripura,unspecified,26.04419,89.58327,195.0,28.1,135.3,forest,unknown,37.8,111.5,156.2,119.1,39.2,1,debris flow,0,low
SYN_N_00275,SYNTHETIC_NER,2016-06-02,Assam,unspecified,25.23892,94.24781,330.4,2.0,55.8,forest,weathered_rock,23.2,43.5,63.2,49.3,22.0,0,n/a,0,low
SYN_E_01072,SYNTHETIC_NER,2017-06-17,Sikkim,unspecified,23.92264,92.33132,4232.6,44.88,288.9,forest,residual_soil,22.2,68.3,148.2,99.1,22.6,1,soil slide,0,low
SYN_E_00719,SYNTHETIC_NER,2023-06-22,Nagaland,unspecified,25.36627,89.69097,1077.5,45.39,348.9,built-up,colluvium,30.8,70.2,153.1,103.8,48.3,1,soil slide,0,low
SYN_N_00603,SYNTHETIC_NER,2025-05-25,Assam,unspecified,26.57725,94.90116,251.0,23.67,182.5,built-up,weathered_rock,19.0,35.2,53.4,41.1,18.6,0,n/a,0,low
SYN_N_01148,SYNTHETIC_NER,2022-09-01,Tripura,unspecified,27.5796,91.37619,691.8,14.32,93.8,cropland,residual_soil,9.8,25.4,50.0,34.6,39.7,0,n/a,0,low
SYN_N_01498,SYNTHETIC_NER,2018-07-16,Arunachal Pradesh,unspecified,23.56137,92.80121,216.3,25.12,68.1,forest,unknown,25.5,54.4,80.7,61.8,29.9,0,n/a,0,low
SYN_N_01697,SYNTHETIC_NER,2025-07-15,Arunachal Pradesh,unspecified,23.50389,95.55574,4724.3,18.85,271.1,cropland,residual_soil,34.8,70.2,148.5,102.3,24.6,0,n/a,0,low
SYN_N_02352,SYNTHETIC_NER,2017-07-21,Tripura,unspecified,27.64194,96.78291,440.7,4.32,1.2,forest,residual_soil,15.7,50.3,94.0,65.2,19.6,0,n/a,0,low
SYN_N_02324,SYNTHETIC_NER,2022-01-01,Nagaland,unspecified,21.83771,91.87676,2983.2,24.45,250.9,forest,unknown,0.0,0.0,0.0,0.0,15.6,0,n/a,0,low
SYN_N_00669,SYNTHETIC_NER,2020-07-09,Sikkim,unspecified,25.71389,96.38164,4523.4,20.24,203.8,bare,residual_soil,14.8,32.6,66.4,45.9,31.7,0,n/a,0,low
SYN_N_01476,SYNTHETIC_NER,2021-07-10,Arunachal Pradesh,unspecified,28.14139,89.4205,4692.5,20.86,85.5,forest,residual_soil,15.0,42.4,87.5,59.4,27.5,0,n/a,0,low
SYN_N_00332,SYNTHETIC_NER,2021-06-04,Mizoram,unspecified,27.52077,89.34916,1627.5,14.62,126.3,forest,residual_soil,4.2,10.1,18.1,12.9,48.9,0,n/a,0,low
SYN_N_00664,SYNTHETIC_NER,2019-08-07,Sikkim,unspecified,28.89353,96.34665,3025.4,20.03,37.9,cropland,residual_soil,17.3,37.9,70.9,50.3,28.8,0,n/a,0,low
SYN_N_02040,SYNTHETIC_NER,2020-07-20,Nagaland,unspecified,25.76061,94.4716,266.0,21.84,20.8,forest,residual_soil,14.4,36.1,59.5,43.4,26.0,0,n/a,0,low
SYN_N_01274,SYNTHETIC_NER,2025-07-27,Sikkim,unspecified,29.05819,94.91621,3856.3,8.1,359.7,cropland,residual_soil,10.6,20.9,35.9,26.3,14.4,0,n/a,0,low
SYN_N_00598,SYNTHETIC_NER,2020-06-16,Arunachal Pradesh,unspecified,28.4778,95.2958,3950.8,7.56,208.6,grassland,unknown,8.2,23.9,51.4,34.5,23.6,0,n/a,0,low
SYN_N_00244,SYNTHETIC_NER,2019-06-14,Arunachal Pradesh,unspecified,23.0036,88.67435,3419.0,26.8,279.7,bare,colluvium,15.7,37.3,79.0,53.8,24.2,0,n/a,0,low
SYN_N_00844,SYNTHETIC_NER,2025-08-21,Assam,unspecified,27.48856,97.26475,203.6,24.74,149.9,forest,weathered_rock,19.9,54.6,90.3,65.5,21.6,0,n/a,0,low
SYN_N_01370,SYNTHETIC_NER,2023-02-02,Nagaland,unspecified,28.33215,95.60557,2299.5,29.07,57.1,forest,colluvium,9.7,29.8,56.0,38.9,6.7,0,n/a,0,low
SYN_N_00185,SYNTHETIC_NER,2018-08-21,Arunachal Pradesh,unspecified,28.07014,96.18247,2340.6,36.66,239.9,forest,colluvium,17.7,52.1,83.1,60.7,19.2,0,n/a,0,low
SYN_N_00199,SYNTHETIC_NER,2024-09-14,Manipur,unspecified,25.11913,90.84881,1558.9,20.48,312.2,forest,colluvium,22.4,43.1,65.3,50.1,26.2,0,n/a,0,low
SYN_E_01195,SYNTHETIC_NER,2017-07-23,Tripura,unspecified,25.32406,94.10403,890.5,34.08,6.7,cropland,colluvium,54.9,134.1,204.4,153.4,49.9,1,mudslide,0,low
SYN_N_02188,SYNTHETIC_NER,2022-08-09,Sikkim,unspecified,27.60164,96.03108,2973.9,40.62,29.7,forest,residual_soil,16.5,32.5,49.6,37.9,34.2,0,n/a,0,low
SYN_N_01276,SYNTHETIC_NER,2024-03-11,Arunachal Pradesh,unspecified,25.85478,88.30186,764.1,3.32,122.2,forest,weathered_rock,25.6,74.6,127.3,91.1,26.0,0,n/a,0,low
SYN_N_01949,SYNTHETIC_NER,2021-09-16,Nagaland,unspecified,25.32459,94.69628,2861.0,20.02,135.3,grassland,colluvium,14.0,30.4,62.8,43.3,5.0,0,n/a,0,low
SYN_N_01267,SYNTHETIC_NER,2017-06-02,Nagaland,unspecified,25.83699,94.62217,1058.8,42.53,63.0,built-up,colluvium,15.8,37.2,80.7,54.6,18.3,0,n/a,0,low
SYN_E_00297,SYNTHETIC_NER,2020-07-09,Manipur,unspecified,25.73341,88.58073,932.4,28.07,300.0,forest,residual_soil,25.7,50.4,104.6,72.6,34.1,1,soil slide,0,low
SYN_N_00527,SYNTHETIC_NER,2022-07-02,Tripura,unspecified,26.35626,93.68089,148.3,11.6,259.3,forest,colluvium,19.0,54.0,94.2,67.1,18.9,0,n/a,0,low
SYN_N_00064,SYNTHETIC_NER,2021-06-26,Arunachal Pradesh,unspecified,28.69193,91.90693,4374.3,13.96,241.4,bare,weathered_rock,7.0,15.0,25.1,18.4,24.7,0,n/a,0,low
SYN_N_02107,SYNTHETIC_NER,2022-09-19,Manipur,unspecified,22.11263,97.25811,1865.1,9.33,163.3,forest,residual_soil,12.5,24.2,47.5,33.5,39.5,0,n/a,0,low
SYN_E_00958,SYNTHETIC_NER,2017-09-12,Arunachal Pradesh,unspecified,23.73573,88.05451,2593.1,26.44,7.0,built-up,colluvium,70.2,150.5,307.3,212.8,49.3,1,mudslide,0,low
SYN_N_00520,SYNTHETIC_NER,2018-06-26,Mizoram,unspecified,21.58697,95.25989,1021.5,22.48,258.4,cropland,residual_soil,24.8,71.9,146.4,99.8,22.3,0,n/a,0,low
SYN_N_00554,SYNTHETIC_NER,2016-08-07,Manipur,unspecified,23.26175,95.06772,1436.2,17.99,277.0,grassland,colluvium,12.1,30.4,66.7,44.9,18.9,0,n/a,0,low
SYN_N_00678,SYNTHETIC_NER,2015-06-01,Meghalaya,unspecified,24.23343,93.33225,1483.1,17.72,306.8,cropland,residual_soil,75.3,213.9,459.7,309.1,25.3,0,n/a,0,low
SYN_N_01520,SYNTHETIC_NER,2017-08-04,Manipur,unspecified,23.60809,95.83536,1516.2,21.21,45.5,forest,colluvium,9.0,22.5,33.5,25.3,16.8,0,n/a,0,low
SYN_N_00174,SYNTHETIC_NER,2016-06-25,Mizoram,unspecified,25.32411,93.24411,1782.2,2.0,44.2,grassland,colluvium,34.7,106.9,158.1,118.0,12.2,0,n/a,0,low
SYN_N_00086,SYNTHETIC_NER,2019-06-11,Tripura,unspecified,23.33184,92.75074,473.7,31.64,167.6,forest,weathered_rock,0.0,0.0,0.0,0.0,21.3,0,n/a,0,low
SYN_E_00349,SYNTHETIC_NER,2025-07-01,Meghalaya,unspecified,25.96663,88.14227,1291.5,30.68,310.0,cropland,weathered_rock,94.3,174.2,323.9,233.1,57.6,1,soil slide,0,low
SYN_N_00168,SYNTHETIC_NER,2024-09-11,Tripura,unspecified,28.27957,92.76793,357.9,25.04,203.2,cropland,residual_soil,20.3,51.9,83.7,61.5,19.3,0,n/a,0,low
SYN_N_00967,SYNTHETIC_NER,2016-10-23,Nagaland,unspecified,28.32769,91.56138,3048.4,28.38,211.9,forest,unknown,8.1,16.3,23.3,18.1,23.7,0,n/a,0,low
SYN_E_00643,SYNTHETIC_NER,2023-06-02,Manipur,unspecified,29.21604,88.81773,1585.6,22.48,233.6,grassland,residual_soil,33.8,81.5,125.1,93.8,24.4,1,debris flow,0,low
SYN_N_01828,SYNTHETIC_NER,2025-07-13,Meghalaya,unspecified,29.39535,93.40139,1115.2,14.91,285.9,cropland,residual_soil,40.2,89.9,195.3,132.7,17.8,0,n/a,0,low
SYN_N_00471,SYNTHETIC_NER,2024-08-12,Tripura,unspecified,25.52689,89.44292,525.1,13.81,291.4,cropland,unknown,9.1,25.6,40.5,29.8,24.3,0,n/a,0,low
SYN_E_00669,SYNTHETIC_NER,2016-07-20,Meghalaya,unspecified,29.12774,90.76123,1434.8,29.83,195.1,bare,colluvium,67.9,167.1,275.2,201.3,43.3,1,soil slide,0,low
SYN_N_01015,SYNTHETIC_NER,2021-06-21,Nagaland,unspecified,27.21333,91.19361,1937.3,19.92,83.5,cropland,residual_soil,19.6,38.5,78.6,54.7,20.9,0,n/a,0,low
SYN_N_02083,SYNTHETIC_NER,2025-06-16,Tripura,unspecified,22.63201,92.83629,651.1,30.72,123.0,forest,colluvium,21.1,38.5,84.3,57.9,16.8,0,n/a,0,low
SYN_N_02277,SYNTHETIC_NER,2022-06-05,Tripura,unspecified,28.0575,93.77605,691.7,11.92,357.0,forest,weathered_rock,28.8,53.3,77.5,60.5,22.7,0,n/a,0,low
SYN_E_01179,SYNTHETIC_NER,2018-08-02,Assam,unspecified,22.66843,88.86727,337.8,32.76,336.5,bare,colluvium,34.0,77.3,156.3,108.2,42.5,1,mudslide,0,low
SYN_N_01046,SYNTHETIC_NER,2016-07-18,Sikkim,unspecified,27.88136,91.86958,2025.1,35.31,194.0,forest,colluvium,0.0,0.0,0.0,0.0,28.1,0,n/a,0,low
SYN_N_01793,SYNTHETIC_NER,2022-06-04,Mizoram,unspecified,22.35944,91.58502,1320.5,2.0,178.6,forest,colluvium,21.9,40.2,82.2,57.6,15.1,0,n/a,0,low
SYN_N_01721,SYNTHETIC_NER,2017-01-18,Tripura,unspecified,27.42845,93.04964,943.6,20.18,92.1,forest,residual_soil,16.2,48.0,73.2,54.2,25.3,0,n/a,0,low
SYN_N_00816,SYNTHETIC_NER,2025-08-10,Assam,unspecified,23.33305,96.51208,456.0,20.61,264.7,forest,colluvium,9.3,18.0,30.5,22.5,18.6,0,n/a,0,low
SYN_N_01316,SYNTHETIC_NER,2025-06-23,Tripura,unspecified,26.95051,91.86465,271.4,2.58,357.7,forest,residual_soil,5.7,12.8,26.7,18.3,33.7,0,n/a,0,low
SYN_N_00157,SYNTHETIC_NER,2021-09-17,Tripura,unspecified,28.52268,92.91017,413.1,17.74,175.0,forest,colluvium,19.4,57.1,113.0,77.5,19.3,0,n/a,0,low
SYN_E_00786,SYNTHETIC_NER,2021-07-09,Assam,unspecified,24.75392,89.3686,449.7,35.9,219.9,cropland,unknown,56.7,130.5,257.0,179.0,19.2,1,rock slide,0,low
SYN_N_02027,SYNTHETIC_NER,2015-12-06,Tripura,unspecified,26.72187,90.88703,109.4,33.62,110.7,forest,residual_soil,15.1,28.4,45.4,34.2,12.5,0,n/a,0,low
SYN_E_00140,SYNTHETIC_NER,2019-03-23,Arunachal Pradesh,unspecified,22.85952,97.05544,4603.5,44.51,70.4,built-up,weathered_rock,38.1,89.4,143.7,106.3,37.2,1,soil slide,0,low
SYN_E_00788,SYNTHETIC_NER,2018-01-08,Nagaland,unspecified,26.39316,88.77776,2796.6,33.06,40.1,built-up,residual_soil,29.1,56.8,99.4,72.6,51.0,1,debris flow,0,low
SYN_E_00323,SYNTHETIC_NER,2018-08-10,Arunachal Pradesh,unspecified,25.66041,89.22596,2222.6,28.76,312.9,forest,colluvium,54.2,124.0,237.0,166.5,46.2,1,soil slide,0,low
SYN_N_01237,SYNTHETIC_NER,2015-08-13,Mizoram,unspecified,23.16925,93.26744,617.1,26.1,119.5,cropland,colluvium,12.5,22.7,33.3,26.0,24.4,0,n/a,0,low
SYN_E_00714,SYNTHETIC_NER,2016-07-09,Arunachal Pradesh,unspecified,22.42629,88.91689,1375.7,33.23,22.2,forest,residual_soil,55.8,155.2,222.4,168.9,43.2,1,mudslide,0,low
SYN_N_01335,SYNTHETIC_NER,2017-07-13,Nagaland,unspecified,26.80719,96.53586,3570.7,26.06,251.1,built-up,residual_soil,18.8,59.3,106.0,74.5,24.3,0,n/a,0,low
SYN_N_02281,SYNTHETIC_NER,2025-07-22,Mizoram,unspecified,23.49034,95.81369,885.4,22.29,286.3,bare,residual_soil,31.5,68.9,121.5,87.7,7.5,0,n/a,0,low
SYN_N_02122,SYNTHETIC_NER,2022-01-06,Nagaland,unspecified,22.57418,96.94036,494.9,28.36,291.2,forest,weathered_rock,17.0,38.1,80.6,55.1,24.9,0,n/a,0,low
SYN_N_00502,SYNTHETIC_NER,2025-07-10,Nagaland,unspecified,28.32533,94.34755,1588.0,33.96,321.7,cropland,weathered_rock,0.8,2.2,4.4,3.0,25.7,0,n/a,0,low
SYN_N_01830,SYNTHETIC_NER,2018-09-09,Nagaland,unspecified,28.43479,97.15771,3264.7,42.98,324.4,forest,residual_soil,27.8,73.4,131.8,93.5,15.6,0,n/a,0,low
SYN_N_01156,SYNTHETIC_NER,2019-09-09,Tripura,unspecified,22.97223,95.30066,884.9,22.23,107.1,forest,residual_soil,30.6,85.9,173.2,118.5,37.9,0,n/a,0,low
SYN_E_00618,SYNTHETIC_NER,2021-09-08,Assam,unspecified,23.90967,89.9876,112.6,27.34,352.2,forest,colluvium,25.5,69.9,143.8,98.0,29.4,1,soil slide,0,low
SYN_E_00406,SYNTHETIC_NER,2021-07-22,Manipur,unspecified,24.20037,90.47699,1194.7,24.67,258.8,grassland,residual_soil,38.3,106.2,200.0,139.5,37.8,1,debris flow,1,low
SYN_N_00484,SYNTHETIC_NER,2016-08-03,Manipur,unspecified,22.04567,91.17168,1472.9,32.64,263.0,cropland,colluvium,16.9,49.3,82.6,59.5,28.2,0,n/a,0,low
SYN_N_00467,SYNTHETIC_NER,2017-09-06,Mizoram,unspecified,25.1838,89.27826,859.0,11.71,86.1,grassland,weathered_rock,19.0,41.1,86.5,59.4,21.1,0,n/a,0,low
SYN_N_01768,SYNTHETIC_NER,2015-06-26,Meghalaya,unspecified,28.98969,90.56429,1800.4,9.63,284.7,grassland,residual_soil,25.2,66.0,125.2,87.4,39.9,0,n/a,0,low
SYN_N_00544,SYNTHETIC_NER,2016-08-13,Sikkim,unspecified,22.05442,96.19574,408.1,9.76,20.1,forest,weathered_rock,11.4,33.9,64.1,44.5,22.1,0,n/a,0,low
SYN_N_02249,SYNTHETIC_NER,2021-06-19,Mizoram,unspecified,26.58925,96.67697,585.4,19.64,109.5,grassland,colluvium,6.4,11.8,18.7,14.2,24.7,0,n/a,0,low
SYN_E_00497,SYNTHETIC_NER,2023-08-17,Mizoram,unspecified,26.19435,97.24714,813.2,39.02,315.8,forest,residual_soil,49.8,103.8,160.2,121.2,36.7,1,rock slide,0,low
SYN_N_00815,SYNTHETIC_NER,2025-09-02,Meghalaya,unspecified,22.90641,94.1223,456.9,34.18,168.1,forest,colluvium,50.2,136.8,209.5,155.8,29.2,0,n/a,0,low
SYN_E_00342,SYNTHETIC_NER,2019-11-23,Nagaland,unspecified,23.37283,93.91855,1823.8,36.63,352.5,forest,colluvium,14.6,41.1,75.9,53.2,28.9,1,debris flow,0,low
SYN_N_01133,SYNTHETIC_NER,2015-06-05,Nagaland,unspecified,26.22912,96.03377,1145.5,15.38,20.1,grassland,residual_soil,0.0,0.0,0.0,0.0,25.5,0,n/a,0,low
SYN_N_02048,SYNTHETIC_NER,2016-09-11,Tripura,unspecified,24.85544,97.29493,97.1,34.06,87.4,forest,colluvium,21.8,56.4,101.9,72.3,30.5,0,n/a,0,low
SYN_E_00782,SYNTHETIC_NER,2025-04-27,Assam,unspecified,22.19562,88.20747,573.3,34.25,105.8,forest,colluvium,39.4,98.6,141.1,108.0,32.3,1,soil slide,0,low
SYN_N_00123,SYNTHETIC_NER,2016-09-02,Mizoram,unspecified,24.91946,92.30544,1796.3,3.99,275.8,forest,colluvium,19.9,59.5,130.5,87.1,13.5,0,n/a,0,low
SYN_N_01084,SYNTHETIC_NER,2022-09-20,Tripura,unspecified,25.52731,89.17402,209.5,27.17,58.1,cropland,colluvium,11.9,32.1,46.3,35.1,30.9,0,n/a,0,low
SYN_N_01270,SYNTHETIC_NER,2024-06-22,Mizoram,unspecified,21.90521,93.38611,1821.7,26.72,287.0,forest,colluvium,14.1,40.1,60.2,44.9,18.7,0,n/a,0,low
SYN_E_00303,SYNTHETIC_NER,2023-08-26,Arunachal Pradesh,unspecified,22.75143,88.5791,2902.6,42.39,179.5,cropland,weathered_rock,48.8,96.0,178.0,127.6,41.7,1,mudslide,0,low
SYN_N_01736,SYNTHETIC_NER,2025-01-01,Tripura,unspecified,28.51887,89.77406,885.0,2.0,191.2,grassland,residual_soil,11.4,30.0,56.7,39.6,37.7,0,n/a,0,low
SYN_N_01352,SYNTHETIC_NER,2022-11-12,Manipur,unspecified,25.91732,89.48683,2761.3,25.88,9.0,cropland,residual_soil,15.3,42.7,89.8,60.8,19.8,0,n/a,0,low
SYN_E_00664,SYNTHETIC_NER,2023-09-12,Nagaland,unspecified,26.8361,93.75443,547.9,33.11,291.6,forest,residual_soil,18.5,45.8,70.1,52.5,33.3,1,soil slide,0,low
SYN_E_01177,SYNTHETIC_NER,2019-07-26,Meghalaya,unspecified,25.41938,88.69757,1480.5,26.46,311.1,cropland,colluvium,210.0,403.2,682.7,504.3,35.5,1,debris flow,0,low
SYN_N_00044,SYNTHETIC_NER,2022-04-23,Assam,unspecified,24.98554,95.64702,147.9,40.09,163.0,cropland,residual_soil,7.1,14.0,21.1,16.2,31.5,0,n/a,0,low
SYN_N_01929,SYNTHETIC_NER,2025-08-17,Sikkim,unspecified,27.38501,88.34012,4896.0,22.2,151.4,cropland,residual_soil,11.9,24.7,37.9,28.7,18.0,0,n/a,0,low
SYN_N_01446,SYNTHETIC_NER,2017-07-22,Manipur,unspecified,23.01947,95.14495,2552.0,5.61,35.9,grassland,weathered_rock,4.4,11.6,22.7,15.7,22.4,0,n/a,0,low
SYN_N_01522,SYNTHETIC_NER,2023-06-16,Sikkim,unspecified,22.76298,90.08833,3204.6,11.24,203.2,forest,residual_soil,13.1,25.4,42.3,31.4,39.6,0,n/a,0,low
SYN_N_02009,SYNTHETIC_NER,2016-03-01,Nagaland,unspecified,28.02629,93.19126,1860.1,37.3,292.5,bare,weathered_rock,19.0,47.5,85.8,61.0,18.9,0,n/a,0,low
SYN_N_01144,SYNTHETIC_NER,2019-07-01,Sikkim,unspecified,22.4537,95.82665,1902.2,17.29,221.1,cropland,colluvium,19.4,58.5,126.7,84.8,14.7,0,n/a,0,low
SYN_E_00084,SYNTHETIC_NER,2020-07-20,Tripura,unspecified,24.2412,88.3703,272.4,24.35,178.1,forest,residual_soil,47.8,100.4,212.8,146.1,40.9,1,mudslide,0,low
SYN_N_01456,SYNTHETIC_NER,2022-07-13,Tripura,unspecified,28.8659,91.71051,270.4,28.65,236.7,built-up,colluvium,17.8,46.5,87.5,61.3,27.0,0,n/a,0,low
SYN_E_00941,SYNTHETIC_NER,2020-03-01,Manipur,unspecified,21.87594,95.03813,2740.5,38.28,246.9,cropland,unknown,28.2,82.3,125.1,92.9,42.1,1,debris flow,0,low
SYN_E_00961,SYNTHETIC_NER,2022-08-16,Manipur,unspecified,28.5824,92.31276,2756.1,41.93,228.6,bare,weathered_rock,31.8,89.3,137.0,101.6,40.7,1,soil slide,0,low
SYN_E_00841,SYNTHETIC_NER,2020-09-09,Tripura,unspecified,26.83246,90.6435,520.3,32.32,77.8,cropland,residual_soil,19.2,43.9,85.6,59.8,31.1,1,soil slide,0,low
SYN_N_00738,SYNTHETIC_NER,2024-04-12,Sikkim,unspecified,26.32917,89.37918,3040.7,31.14,168.5,forest,colluvium,13.9,33.8,47.6,36.7,35.3,0,n/a,0,low
SYN_N_01645,SYNTHETIC_NER,2023-09-09,Mizoram,unspecified,21.51709,92.89879,1472.8,24.99,276.9,forest,weathered_rock,19.6,50.0,107.8,72.8,15.0,0,n/a,0,low
SYN_N_00721,SYNTHETIC_NER,2017-11-09,Tripura,unspecified,27.59828,90.21106,732.3,22.1,83.0,forest,colluvium,20.1,59.7,130.3,87.1,23.2,0,n/a,0,low
SYN_N_00896,SYNTHETIC_NER,2024-08-26,Nagaland,unspecified,27.03691,91.95568,380.1,23.37,359.0,forest,unknown,7.0,21.8,38.8,27.3,25.1,0,n/a,0,low
SYN_N_00639,SYNTHETIC_NER,2024-06-19,Mizoram,unspecified,25.43946,92.95709,273.0,31.88,143.0,cropland,weathered_rock,20.3,41.9,72.2,52.7,24.1,0,n/a,0,low
SYN_E_00290,SYNTHETIC_NER,2025-08-12,Sikkim,unspecified,23.44241,93.00671,3799.8,20.03,80.4,forest,weathered_rock,26.2,76.6,160.9,108.7,34.7,1,mudslide,2,low
SYN_N_01099,SYNTHETIC_NER,2024-07-08,Manipur,unspecified,23.52908,89.07663,2462.9,35.84,283.4,cropland,weathered_rock,6.1,14.2,28.4,19.7,27.4,0,n/a,0,low
SYN_N_00418,SYNTHETIC_NER,2021-09-04,Assam,unspecified,21.52706,88.30416,146.3,27.61,187.7,forest,weathered_rock,19.3,42.5,60.1,46.7,26.4,0,n/a,0,low
SYN_N_01814,SYNTHETIC_NER,2023-05-10,Nagaland,unspecified,24.68557,92.13575,2891.5,17.04,19.7,forest,unknown,9.4,22.1,40.6,28.8,8.2,0,n/a,0,low
SYN_E_00604,SYNTHETIC_NER,2017-08-22,Sikkim,unspecified,28.68525,90.85724,1107.0,40.16,214.9,forest,colluvium,34.2,64.6,93.9,73.2,30.8,1,soil slide,0,low
SYN_N_01746,SYNTHETIC_NER,2025-09-14,Tripura,unspecified,23.63366,91.55789,595.6,26.82,181.5,grassland,weathered_rock,12.7,27.6,58.7,40.2,9.3,0,n/a,0,low
SYN_E_00916,SYNTHETIC_NER,2023-07-05,Nagaland,unspecified,27.79126,93.43109,3665.4,43.23,306.4,forest,weathered_rock,27.2,72.4,135.8,95.1,30.4,1,debris flow,0,low
SYN_N_00601,SYNTHETIC_NER,2017-06-19,Sikkim,unspecified,25.63033,96.74392,4920.2,23.06,190.6,forest,residual_soil,27.4,55.4,121.1,82.6,16.5,0,n/a,0,low
SYN_N_01213,SYNTHETIC_NER,2018-07-13,Assam,unspecified,28.69443,89.29818,130.1,44.73,182.4,grassland,colluvium,9.9,29.0,53.1,37.2,18.6,0,n/a,0,low
SYN_E_01099,SYNTHETIC_NER,2020-08-02,Manipur,unspecified,27.14592,91.82885,986.4,24.67,24.8,cropland,weathered_rock,29.3,76.8,139.9,98.9,44.4,1,debris flow,0,low
SYN_E_01088,SYNTHETIC_NER,2020-08-24,Tripura,unspecified,29.46645,88.38928,76.9,32.07,88.2,cropland,colluvium,45.5,90.8,181.0,126.8,39.0,1,soil slide,0,low
SYN_N_01689,SYNTHETIC_NER,2024-07-04,Sikkim,unspecified,27.97457,88.75833,2143.9,31.63,89.1,forest,residual_soil,7.2,20.5,35.4,25.3,17.3,0,n/a,0,low
SYN_N_00673,SYNTHETIC_NER,2017-09-10,Sikkim,unspecified,26.84515,93.62362,4220.6,24.58,318.6,forest,unknown,14.4,39.8,77.7,53.7,29.8,0,n/a,0,low
SYN_E_00821,SYNTHETIC_NER,2015-07-25,Tripura,unspecified,26.33088,95.60876,843.7,39.35,32.5,built-up,weathered_rock,49.1,138.8,226.0,164.5,33.0,1,mudslide,0,low
SYN_N_00659,SYNTHETIC_NER,2023-06-23,Meghalaya,unspecified,27.66543,88.38671,1885.5,18.83,148.9,forest,residual_soil,41.3,81.3,143.4,104.4,22.4,0,n/a,0,low
SYN_N_02196,SYNTHETIC_NER,2017-08-18,Sikkim,unspecified,24.87433,92.88665,4156.1,20.23,293.8,grassland,residual_soil,2.0,4.9,10.4,7.0,15.2,0,n/a,0,low
SYN_N_01713,SYNTHETIC_NER,2018-03-16,Tripura,unspecified,29.02055,94.9423,586.8,23.69,138.8,forest,colluvium,15.4,36.9,53.0,40.6,27.1,0,n/a,0,low
SYN_N_01751,SYNTHETIC_NER,2019-08-03,Arunachal Pradesh,unspecified,24.31735,96.62507,2104.5,12.94,166.1,forest,residual_soil,11.1,30.7,55.8,39.3,29.3,0,n/a,0,low
SYN_N_00102,SYNTHETIC_NER,2017-07-05,Mizoram,unspecified,24.17698,93.91495,193.1,17.45,273.2,forest,residual_soil,18.7,40.0,71.8,51.6,20.7,0,n/a,0,low
SYN_E_01000,SYNTHETIC_NER,2021-08-26,Sikkim,unspecified,26.21353,96.15699,2107.2,35.44,220.0,forest,unknown,52.5,137.1,251.5,177.4,49.1,1,debris flow,0,low
SYN_N_02386,SYNTHETIC_NER,2015-08-03,Mizoram,unspecified,29.04962,91.46518,1073.8,24.72,339.5,bare,residual_soil,11.3,32.5,68.6,46.3,35.2,0,n/a,0,low
SYN_N_00756,SYNTHETIC_NER,2024-08-13,Nagaland,unspecified,24.79881,91.20642,2483.6,9.09,347.5,bare,residual_soil,24.7,50.6,75.2,57.7,23.8,0,n/a,0,low
SYN_N_00277,SYNTHETIC_NER,2019-06-27,Manipur,unspecified,25.03908,92.6232,2487.5,28.97,18.2,forest,weathered_rock,12.9,35.2,68.4,47.3,36.6,0,n/a,0,low
SYN_E_00018,SYNTHETIC_NER,2019-06-07,Sikkim,unspecified,24.73884,95.22014,3198.8,41.35,278.0,forest,unknown,41.6,92.1,156.3,114.1,54.5,1,mudslide,0,low
SYN_E_00493,SYNTHETIC_NER,2020-07-27,Nagaland,unspecified,23.41778,88.1228,819.4,40.46,226.6,grassland,colluvium,33.5,101.8,209.1,141.8,46.1,1,mudslide,0,low
SYN_E_01125,SYNTHETIC_NER,2020-06-23,Sikkim,unspecified,24.13213,91.09313,2037.6,51.54,163.7,forest,unknown,83.7,161.8,314.2,222.4,47.9,1,rock slide,0,low
SYN_N_00204,SYNTHETIC_NER,2021-02-09,Tripura,unspecified,26.14598,91.32158,363.1,34.13,167.1,forest,residual_soil,6.8,15.4,26.8,19.4,23.2,0,n/a,0,low
SYN_N_01994,SYNTHETIC_NER,2020-07-07,Arunachal Pradesh,unspecified,29.36469,91.85203,1705.9,22.22,8.6,forest,colluvium,12.4,28.6,48.0,35.1,22.0,0,n/a,0,low
SYN_N_00560,SYNTHETIC_NER,2015-07-12,Arunachal Pradesh,unspecified,25.34761,93.27424,1945.2,24.36,62.3,forest,unknown,13.2,32.4,65.9,45.3,25.5,0,n/a,0,low
SYN_N_01008,SYNTHETIC_NER,2017-05-13,Assam,unspecified,27.64341,92.25677,37.8,13.06,325.8,cropland,unknown,30.7,62.7,133.3,91.6,13.5,0,n/a,0,low
SYN_N_00985,SYNTHETIC_NER,2025-02-19,Manipur,unspecified,21.69566,94.61595,1869.5,19.05,38.5,bare,colluvium,0.0,0.0,0.0,0.0,39.3,0,n/a,0,low
SYN_N_01667,SYNTHETIC_NER,2018-01-19,Manipur,unspecified,26.50519,97.09847,1583.3,22.1,136.2,grassland,colluvium,18.0,52.1,81.1,59.8,16.0,0,n/a,0,low
SYN_E_00584,SYNTHETIC_NER,2021-06-24,Manipur,unspecified,25.63404,91.83334,2485.9,45.62,49.1,cropland,colluvium,36.4,115.3,214.0,148.9,42.4,1,rock slide,0,low
SYN_N_00902,SYNTHETIC_NER,2015-09-24,Sikkim,unspecified,21.67981,94.33144,2843.5,2.47,196.2,forest,residual_soil,22.9,50.4,78.6,59.0,17.1,0,n/a,0,low
SYN_E_00687,SYNTHETIC_NER,2021-06-21,Nagaland,unspecified,26.54503,88.36147,1738.3,39.74,27.8,grassland,colluvium,48.8,104.7,224.8,153.6,46.7,1,mudslide,0,low
SYN_N_01010,SYNTHETIC_NER,2017-08-13,Sikkim,unspecified,28.40056,94.38386,3182.5,37.21,295.3,forest,residual_soil,31.1,96.5,178.1,124.2,14.2,0,n/a,0,low
SYN_N_00907,SYNTHETIC_NER,2021-08-09,Manipur,unspecified,21.68362,92.83285,1024.4,30.12,265.1,cropland,colluvium,11.6,35.6,70.4,48.2,29.6,0,n/a,0,low
SYN_N_01221,SYNTHETIC_NER,2020-07-24,Assam,unspecified,28.90473,96.51066,101.3,31.15,234.3,cropland,residual_soil,27.3,78.3,133.3,95.6,32.7,0,n/a,0,low
SYN_N_00778,SYNTHETIC_NER,2016-08-11,Arunachal Pradesh,unspecified,27.59816,93.7356,3468.8,27.25,77.2,forest,residual_soil,27.8,86.4,181.0,122.0,32.2,0,n/a,0,low
SYN_E_01009,SYNTHETIC_NER,2015-07-05,Nagaland,unspecified,22.0693,89.73039,423.4,29.46,114.0,forest,residual_soil,24.1,51.3,74.5,57.5,43.8,1,debris flow,0,low
SYN_N_01692,SYNTHETIC_NER,2017-07-16,Assam,unspecified,24.82464,93.47552,327.2,35.84,329.7,cropland,residual_soil,20.2,43.4,68.9,51.5,22.3,0,n/a,0,low
SYN_E_00360,SYNTHETIC_NER,2023-07-20,Sikkim,unspecified,29.3937,97.30785,646.0,39.2,121.4,forest,residual_soil,54.6,100.4,185.0,133.6,35.6,1,soil slide,0,low
SYN_N_02203,SYNTHETIC_NER,2022-05-10,Tripura,unspecified,23.25503,95.81902,751.9,19.56,192.6,built-up,residual_soil,15.5,29.9,56.2,40.2,19.9,0,n/a,0,low
SYN_N_02082,SYNTHETIC_NER,2017-09-27,Arunachal Pradesh,unspecified,25.77282,94.04295,893.2,43.12,208.7,cropland,colluvium,20.5,44.4,73.8,54.3,24.2,0,n/a,0,low
SYN_N_01107,SYNTHETIC_NER,2021-04-23,Arunachal Pradesh,unspecified,26.3685,96.97635,4471.5,28.9,93.1,forest,unknown,19.3,47.1,103.0,69.5,9.9,0,n/a,0,low
SYN_N_00110,SYNTHETIC_NER,2018-07-08,Meghalaya,unspecified,25.83018,90.48821,1833.2,28.74,18.0,cropland,residual_soil,52.3,154.4,248.9,181.2,20.3,0,n/a,0,low
SYN_N_00549,SYNTHETIC_NER,2020-06-21,Nagaland,unspecified,26.24022,96.71429,1706.3,17.48,3.4,cropland,residual_soil,8.2,14.9,23.5,17.9,18.3,0,n/a,0,low
SYN_N_01730,SYNTHETIC_NER,2017-02-09,Nagaland,unspecified,28.85643,95.45707,949.4,19.96,341.3,bare,residual_soil,18.3,38.7,75.9,53.2,36.2,0,n/a,0,low
SYN_N_00614,SYNTHETIC_NER,2016-06-25,Tripura,unspecified,24.81922,96.06576,105.7,13.2,169.9,forest,residual_soil,17.5,52.2,108.1,73.2,18.0,0,n/a,0,low
SYN_N_00963,SYNTHETIC_NER,2025-08-17,Assam,unspecified,22.72017,88.14963,474.5,21.19,311.4,forest,residual_soil,3.0,6.9,14.4,9.9,17.5,0,n/a,0,low
SYN_E_00344,SYNTHETIC_NER,2015-06-21,Arunachal Pradesh,unspecified,29.31605,88.1401,2008.3,37.23,214.9,grassland,residual_soil,41.6,121.3,179.3,134.3,49.9,1,soil slide,0,low
SYN_E_00986,SYNTHETIC_NER,2023-09-13,Nagaland,unspecified,26.59197,89.32816,1565.2,28.22,130.4,cropland,colluvium,29.1,73.0,150.8,103.1,43.5,1,rock slide,0,low
SYN_N_00630,SYNTHETIC_NER,2015-07-06,Arunachal Pradesh,unspecified,22.26408,97.42294,4151.1,9.27,15.1,forest,colluvium,0.0,0.0,0.0,0.0,28.3,0,n/a,0,low
SYN_E_00743,SYNTHETIC_NER,2017-03-26,Mizoram,unspecified,24.39368,89.76317,1629.2,33.83,205.2,bare,residual_soil,27.7,68.7,110.9,81.6,37.3,1,mudslide,0,low
SYN_N_00725,SYNTHETIC_NER,2015-07-27,Sikkim,unspecified,27.90622,96.18575,4810.3,26.67,84.9,forest,colluvium,20.1,49.6,100.9,69.4,33.3,0,n/a,0,low
SYN_N_00455,SYNTHETIC_NER,2016-09-16,Sikkim,unspecified,28.30559,90.83204,4859.9,27.4,192.6,forest,colluvium,23.0,61.1,91.1,68.5,19.4,0,n/a,0,low
SYN_E_00113,SYNTHETIC_NER,2024-08-09,Manipur,unspecified,23.07986,96.17842,1250.0,30.96,296.3,bare,weathered_rock,31.8,69.2,124.3,89.2,48.6,1,debris flow,0,low
SYN_N_00237,SYNTHETIC_NER,2016-06-10,Meghalaya,unspecified,27.55994,91.13104,1229.0,30.28,126.3,forest,residual_soil,50.9,128.1,256.2,176.7,25.8,0,n/a,0,low
SYN_N_00377,SYNTHETIC_NER,2023-07-18,Assam,unspecified,28.17722,91.83811,575.2,25.94,321.3,forest,residual_soil,10.3,18.9,41.2,28.4,22.3,0,n/a,0,low
SYN_N_00041,SYNTHETIC_NER,2016-06-03,Tripura,unspecified,24.87098,95.45018,435.3,26.61,215.8,forest,weathered_rock,14.4,36.9,65.4,46.7,19.0,0,n/a,0,low
SYN_E_01142,SYNTHETIC_NER,2021-09-08,Arunachal Pradesh,unspecified,23.82299,92.98086,4589.8,31.81,40.5,grassland,colluvium,84.4,255.7,464.0,325.6,28.4,1,soil slide,0,low
SYN_N_00972,SYNTHETIC_NER,2016-08-17,Tripura,unspecified,21.65976,93.58473,165.6,17.92,95.2,cropland,weathered_rock,16.5,43.1,62.6,47.5,40.9,0,n/a,0,low
SYN_N_00016,SYNTHETIC_NER,2024-07-10,Tripura,unspecified,22.6034,91.41487,670.7,10.56,109.4,forest,colluvium,9.0,28.7,46.4,33.6,33.2,0,n/a,0,low
SYN_E_01198,SYNTHETIC_NER,2024-06-04,Sikkim,unspecified,29.08482,90.16559,1807.6,40.86,6.2,cropland,residual_soil,68.7,192.9,307.5,225.4,38.5,1,debris flow,0,low
SYN_E_00085,SYNTHETIC_NER,2025-07-19,Tripura,unspecified,26.40488,88.13418,588.0,46.06,334.0,forest,residual_soil,32.7,83.2,128.3,95.6,26.7,1,debris flow,0,low
SYN_N_00647,SYNTHETIC_NER,2023-07-14,Tripura,unspecified,23.2291,88.47937,302.5,29.28,47.7,cropland,residual_soil,20.6,61.5,124.3,84.7,27.5,0,n/a,0,low
SYN_N_01277,SYNTHETIC_NER,2017-07-09,Mizoram,unspecified,23.61505,94.61077,1535.1,23.2,120.2,forest,residual_soil,18.7,34.8,61.5,45.0,21.2,0,n/a,0,low
SYN_N_00181,SYNTHETIC_NER,2025-08-18,Sikkim,unspecified,23.11133,92.89805,2561.2,12.25,284.6,grassland,residual_soil,15.7,32.5,69.9,47.8,8.5,0,n/a,0,low
SYN_N_00535,SYNTHETIC_NER,2021-09-23,Sikkim,unspecified,23.82963,91.21622,1151.0,28.26,84.5,forest,colluvium,18.3,39.8,73.8,52.5,21.1,0,n/a,0,low
SYN_E_00668,SYNTHETIC_NER,2020-09-06,Arunachal Pradesh,unspecified,22.32929,89.92491,4287.2,29.73,144.3,cropland,unknown,38.9,98.1,163.0,118.7,30.6,1,soil slide,0,low
SYN_E_01014,SYNTHETIC_NER,2024-06-17,Nagaland,unspecified,25.58283,96.58485,2510.3,30.39,83.6,forest,weathered_rock,50.8,139.1,196.6,150.2,38.3,1,debris flow,0,low
SYN_E_00128,SYNTHETIC_NER,2016-09-06,Nagaland,unspecified,25.89739,91.12621,272.9,31.06,197.4,forest,residual_soil,32.7,66.3,97.8,75.3,43.4,1,debris flow,0,low
SYN_N_00164,SYNTHETIC_NER,2018-09-13,Manipur,unspecified,23.74546,95.46439,1280.2,22.77,302.1,bare,residual_soil,15.3,30.1,53.0,38.6,23.6,0,n/a,0,low
SYN_N_01641,SYNTHETIC_NER,2020-06-12,Arunachal Pradesh,unspecified,23.877,96.88306,2044.1,16.88,124.1,grassland,residual_soil,16.8,52.2,80.6,59.3,23.6,0,n/a,0,low
SYN_N_00470,SYNTHETIC_NER,2017-07-22,Nagaland,unspecified,24.29637,88.64713,1949.8,3.11,79.2,forest,weathered_rock,18.6,51.6,82.6,60.5,19.4,0,n/a,0,low
SYN_E_00891,SYNTHETIC_NER,2017-08-24,Tripura,unspecified,24.50387,92.37478,776.1,30.55,16.5,cropland,colluvium,39.1,124.2,223.9,157.0,43.7,1,debris flow,0,low
SYN_N_01119,SYNTHETIC_NER,2015-07-15,Tripura,unspecified,23.44899,92.75173,942.1,13.47,107.9,cropland,residual_soil,12.5,34.7,60.0,42.9,19.6,0,n/a,0,low
SYN_N_00159,SYNTHETIC_NER,2016-08-25,Manipur,unspecified,27.09529,94.74463,1669.0,25.18,304.0,cropland,residual_soil,13.8,44.1,78.6,55.3,35.4,0,n/a,0,low
SYN_E_00307,SYNTHETIC_NER,2025-06-10,Nagaland,unspecified,26.50675,91.39845,1014.3,38.14,24.7,bare,residual_soil,24.9,73.2,133.1,93.5,40.0,1,soil slide,0,low
SYN_E_00383,SYNTHETIC_NER,2016-07-06,Meghalaya,unspecified,22.99381,97.43019,521.0,41.69,58.1,cropland,unknown,141.5,353.0,705.7,487.1,30.2,1,soil slide,0,low
SYN_E_00150,SYNTHETIC_NER,2018-09-21,Sikkim,unspecified,27.13295,95.78821,1891.9,33.19,174.0,cropland,residual_soil,36.0,97.0,191.0,131.8,41.4,1,soil slide,0,low
SYN_N_00117,SYNTHETIC_NER,2022-06-14,Sikkim,unspecified,26.50484,94.69126,1031.6,42.26,43.1,forest,weathered_rock,1.9,3.9,5.6,4.3,18.5,0,n/a,0,low
SYN_N_00251,SYNTHETIC_NER,2021-09-12,Tripura,unspecified,28.82722,93.86622,859.8,30.85,207.8,bare,residual_soil,9.7,20.6,36.7,26.5,19.2,0,n/a,0,low
SYN_N_00444,SYNTHETIC_NER,2017-06-13,Sikkim,unspecified,26.45832,94.81102,3180.8,17.4,236.3,bare,weathered_rock,22.4,44.2,86.5,61.0,17.7,0,n/a,0,low
SYN_N_01151,SYNTHETIC_NER,2022-08-04,Manipur,unspecified,23.26127,89.18274,1075.0,37.52,53.7,built-up,residual_soil,9.9,25.5,48.0,33.6,22.5,0,n/a,0,low
SYN_E_00426,SYNTHETIC_NER,2022-12-11,Sikkim,unspecified,28.89674,96.58726,459.5,24.13,186.9,cropland,residual_soil,44.6,133.4,199.0,148.4,47.7,1,debris flow,1,low
SYN_E_00494,SYNTHETIC_NER,2017-12-19,Mizoram,unspecified,25.41984,89.20328,1258.3,29.64,252.7,cropland,residual_soil,54.0,151.0,285.1,198.7,51.1,1,debris flow,0,low
SYN_N_00007,SYNTHETIC_NER,2020-09-02,Assam,unspecified,22.75743,95.35093,462.8,8.29,193.5,cropland,unknown,18.9,40.8,60.5,46.3,23.6,0,n/a,0,low
SYN_N_00823,SYNTHETIC_NER,2016-09-02,Sikkim,unspecified,27.91862,89.62245,1502.1,27.46,166.2,forest,colluvium,19.8,62.2,110.7,78.0,20.5,0,n/a,0,low
SYN_N_01030,SYNTHETIC_NER,2025-08-10,Sikkim,unspecified,23.895,88.10992,1732.5,26.75,191.0,forest,residual_soil,27.5,57.0,92.5,68.8,31.5,0,n/a,0,low
SYN_N_00008,SYNTHETIC_NER,2015-09-16,Sikkim,unspecified,25.53314,90.41444,850.0,2.0,14.1,cropland,colluvium,24.3,48.1,79.2,58.9,25.0,0,n/a,0,low
SYN_N_01636,SYNTHETIC_NER,2017-06-01,Mizoram,unspecified,23.93478,93.78557,1892.3,24.48,188.2,forest,weathered_rock,6.1,15.3,33.4,22.5,34.9,0,n/a,0,low
SYN_N_01707,SYNTHETIC_NER,2018-09-01,Nagaland,unspecified,28.08532,96.41082,1465.9,41.22,63.8,cropland,colluvium,9.6,21.6,30.5,23.7,24.3,0,n/a,0,low
SYN_N_01439,SYNTHETIC_NER,2018-08-22,Arunachal Pradesh,unspecified,24.79143,94.51141,945.5,32.39,266.5,forest,weathered_rock,20.4,46.5,82.1,59.1,23.9,0,n/a,0,low
SYN_N_00412,SYNTHETIC_NER,2025-09-24,Meghalaya,unspecified,24.98175,90.71247,1605.7,39.88,56.8,cropland,residual_soil,29.5,59.9,116.5,82.1,29.0,0,n/a,0,low
SYN_N_00039,SYNTHETIC_NER,2018-08-16,Nagaland,unspecified,24.1782,95.59,2170.4,10.17,137.5,forest,unknown,14.3,36.0,60.3,43.8,24.3,0,n/a,0,low
SYN_N_01566,SYNTHETIC_NER,2015-02-27,Assam,unspecified,24.00729,91.43357,217.9,31.55,23.7,forest,weathered_rock,6.4,17.3,27.3,20.1,19.5,0,n/a,0,low
SYN_N_02053,SYNTHETIC_NER,2019-06-02,Sikkim,unspecified,24.55569,97.30127,4413.8,2.0,292.2,forest,residual_soil,15.6,48.8,91.6,63.6,16.5,0,n/a,0,low
SYN_E_00275,SYNTHETIC_NER,2025-09-25,Manipur,unspecified,22.40173,93.94746,1445.4,39.25,315.0,forest,residual_soil,22.2,45.2,81.6,58.8,36.0,1,mudslide,0,low
SYN_E_00489,SYNTHETIC_NER,2017-07-03,Nagaland,unspecified,27.7133,88.90729,2512.8,44.19,266.5,forest,residual_soil,20.7,62.9,105.0,75.5,42.4,1,soil slide,0,low
SYN_N_01109,SYNTHETIC_NER,2020-09-01,Mizoram,unspecified,25.26815,88.89306,1816.1,2.51,338.8,forest,colluvium,25.7,69.7,107.0,79.5,20.8,0,n/a,0,low
SYN_N_00029,SYNTHETIC_NER,2025-06-11,Manipur,unspecified,22.8968,90.50377,2004.5,32.58,3.0,cropland,weathered_rock,0.0,0.0,0.0,0.0,17.0,0,n/a,0,low
SYN_E_00690,SYNTHETIC_NER,2023-07-26,Arunachal Pradesh,unspecified,25.5604,90.71481,1287.4,35.25,104.3,bare,residual_soil,57.8,129.5,183.5,142.2,45.1,1,soil slide,0,low
SYN_N_00709,SYNTHETIC_NER,2018-07-24,Assam,unspecified,27.4326,92.4733,583.7,11.6,231.6,grassland,colluvium,7.0,12.9,23.7,17.1,44.6,0,n/a,0,low
SYN_N_01200,SYNTHETIC_NER,2025-09-08,Manipur,unspecified,27.40049,91.93882,2529.5,31.28,287.0,forest,unknown,19.3,56.9,124.6,83.3,17.8,0,n/a,0,low
SYN_N_01380,SYNTHETIC_NER,2015-08-21,Sikkim,unspecified,23.95921,92.26506,3593.6,22.91,39.9,cropland,colluvium,9.0,22.5,39.9,28.5,13.6,0,n/a,0,low
SYN_N_00532,SYNTHETIC_NER,2024-08-11,Assam,unspecified,29.09863,95.28145,520.0,29.75,289.5,forest,unknown,15.3,45.2,77.5,55.4,28.2,0,n/a,0,low
SYN_N_01447,SYNTHETIC_NER,2024-05-27,Mizoram,unspecified,27.26027,90.46598,1767.7,24.29,59.1,forest,colluvium,13.2,35.4,76.9,51.7,22.5,0,n/a,0,low
SYN_N_02238,SYNTHETIC_NER,2019-09-02,Nagaland,unspecified,25.43886,89.57735,533.1,24.2,306.9,cropland,unknown,14.6,30.9,57.3,40.8,30.3,0,n/a,0,low
SYN_E_01058,SYNTHETIC_NER,2019-07-02,Manipur,unspecified,24.56982,95.38187,954.1,19.1,156.7,forest,residual_soil,35.8,98.6,161.8,117.6,51.8,1,soil slide,0,low
SYN_E_00118,SYNTHETIC_NER,2025-09-11,Meghalaya,unspecified,25.24724,96.4786,448.6,29.9,82.8,forest,colluvium,157.1,461.5,908.1,623.9,57.1,1,debris flow,0,low
SYN_E_01024,SYNTHETIC_NER,2016-09-13,Sikkim,unspecified,23.42023,95.63572,4781.8,41.14,256.3,forest,unknown,23.9,61.7,133.8,90.2,49.9,1,mudslide,0,low
SYN_N_00745,SYNTHETIC_NER,2024-12-15,Tripura,unspecified,22.71296,93.4667,37.8,21.3,107.5,grassland,unknown,15.7,42.4,77.7,54.7,10.1,0,n/a,0,low
SYN_E_00281,SYNTHETIC_NER,2024-09-08,Manipur,unspecified,24.93321,94.73591,1771.2,30.65,17.0,grassland,residual_soil,26.8,50.4,94.7,67.8,33.7,1,soil slide,0,low
SYN_N_00910,SYNTHETIC_NER,2016-09-20,Arunachal Pradesh,unspecified,28.71438,95.06678,4331.9,16.24,65.2,grassland,weathered_rock,11.7,30.9,45.8,34.5,19.4,0,n/a,0,low
SYN_N_00116,SYNTHETIC_NER,2022-09-01,Nagaland,unspecified,29.13393,97.40928,3702.8,23.22,299.9,forest,colluvium,8.6,17.5,33.5,23.7,23.8,0,n/a,0,low
SYN_N_01594,SYNTHETIC_NER,2021-07-27,Nagaland,unspecified,21.89627,91.58404,2979.5,27.92,186.1,forest,colluvium,17.0,53.8,83.5,61.3,18.4,0,n/a,0,low
SYN_E_00968,SYNTHETIC_NER,2017-09-20,Arunachal Pradesh,unspecified,23.82261,89.84817,3663.7,25.75,246.6,grassland,unknown,40.8,125.5,235.8,163.7,35.6,1,debris flow,0,low
SYN_N_00472,SYNTHETIC_NER,2018-02-24,Meghalaya,unspecified,22.10827,90.42687,1068.3,4.84,33.1,cropland,unknown,48.8,129.7,267.9,182.6,21.6,0,n/a,0,low
SYN_N_02257,SYNTHETIC_NER,2021-07-25,Meghalaya,unspecified,24.73339,88.55794,767.1,7.54,176.9,cropland,weathered_rock,33.1,76.3,144.0,101.5,24.7,0,n/a,0,low
SYN_N_01345,SYNTHETIC_NER,2024-03-26,Nagaland,unspecified,29.17875,91.39831,768.1,18.33,217.7,forest,weathered_rock,0.0,0.0,0.0,0.0,23.7,0,n/a,0,low
SYN_E_00619,SYNTHETIC_NER,2023-06-05,Meghalaya,unspecified,24.74095,93.78362,404.6,25.67,212.5,forest,colluvium,132.4,373.3,545.4,411.2,50.0,1,debris flow,0,low
SYN_N_01950,SYNTHETIC_NER,2016-09-15,Mizoram,unspecified,23.31203,90.0693,2003.3,25.04,240.8,built-up,residual_soil,22.5,54.9,103.1,72.5,16.1,0,n/a,0,low
SYN_E_00155,SYNTHETIC_NER,2022-09-16,Tripura,unspecified,24.0176,91.13802,357.8,30.1,249.9,cropland,residual_soil,28.2,73.8,138.5,97.0,34.0,1,mudslide,1,low
SYN_N_02398,SYNTHETIC_NER,2016-07-08,Manipur,unspecified,23.08477,94.57939,861.9,29.3,154.0,bare,weathered_rock,19.8,49.9,98.4,68.1,23.8,0,n/a,0,low
SYN_N_01497,SYNTHETIC_NER,2024-09-22,Arunachal Pradesh,unspecified,28.338,93.01856,3994.2,19.63,95.7,cropland,colluvium,6.2,14.8,27.8,19.6,29.6,0,n/a,0,low
SYN_E_00304,SYNTHETIC_NER,2022-08-04,Nagaland,unspecified,28.64627,89.2628,2731.7,30.49,316.2,grassland,weathered_rock,41.6,130.0,283.9,189.3,40.9,1,debris flow,0,low
SYN_N_01137,SYNTHETIC_NER,2022-07-06,Assam,unspecified,25.79762,92.64965,580.8,2.0,328.0,bare,unknown,10.9,33.0,47.1,35.6,26.5,0,n/a,0,low
SYN_N_01854,SYNTHETIC_NER,2017-06-19,Mizoram,unspecified,22.96554,92.17322,1917.8,9.13,97.0,forest,residual_soil,20.4,50.9,87.5,63.1,23.8,0,n/a,0,low
SYN_N_00777,SYNTHETIC_NER,2018-07-25,Mizoram,unspecified,25.55842,88.60183,872.7,7.91,37.2,bare,residual_soil,5.8,15.7,31.1,21.4,30.8,0,n/a,0,low
SYN_N_02395,SYNTHETIC_NER,2019-07-17,Sikkim,unspecified,21.72986,95.17933,924.5,11.15,88.2,forest,weathered_rock,10.4,19.7,34.8,25.4,19.3,0,n/a,0,low
SYN_N_01484,SYNTHETIC_NER,2016-06-12,Nagaland,unspecified,27.31527,95.13282,620.6,32.16,47.5,forest,residual_soil,14.5,40.0,73.8,51.8,18.5,0,n/a,0,low
SYN_N_00107,SYNTHETIC_NER,2025-06-07,Arunachal Pradesh,unspecified,26.68275,90.47893,2523.7,32.73,298.4,grassland,residual_soil,17.3,45.5,72.1,53.2,20.1,0,n/a,0,low
SYN_N_02226,SYNTHETIC_NER,2024-08-26,Arunachal Pradesh,unspecified,26.36183,93.99328,272.4,5.86,7.6,grassland,residual_soil,14.3,36.3,79.5,53.5,25.8,0,n/a,0,low
SYN_E_00575,SYNTHETIC_NER,2024-08-17,Mizoram,unspecified,24.86409,93.76299,600.7,29.27,260.8,bare,residual_soil,34.4,86.3,152.0,108.8,37.2,1,soil slide,0,low
SYN_N_01252,SYNTHETIC_NER,2024-02-04,Sikkim,unspecified,25.46401,94.25165,697.0,10.6,255.1,forest,colluvium,8.0,21.0,40.6,28.2,22.8,0,n/a,0,low
SYN_N_01879,SYNTHETIC_NER,2022-08-09,Mizoram,unspecified,23.16951,89.5971,1136.7,31.62,258.7,forest,colluvium,25.9,54.7,114.1,78.6,18.1,0,n/a,0,low
SYN_N_01942,SYNTHETIC_NER,2017-06-01,Assam,unspecified,27.81179,95.18858,373.4,27.24,66.1,grassland,weathered_rock,23.7,64.3,112.0,80.0,24.8,0,n/a,0,low
SYN_N_00099,SYNTHETIC_NER,2024-08-12,Manipur,unspecified,27.24399,88.08082,2600.9,28.94,184.9,forest,colluvium,2.8,6.2,11.3,8.1,27.7,0,n/a,0,low
SYN_E_00132,SYNTHETIC_NER,2022-01-26,Assam,unspecified,24.19105,89.49174,268.4,36.12,4.3,forest,unknown,43.7,134.4,243.9,171.0,32.7,1,rock slide,1,low
SYN_N_01410,SYNTHETIC_NER,2017-06-21,Arunachal Pradesh,unspecified,22.46135,94.42608,829.7,18.2,147.6,cropland,weathered_rock,14.7,39.8,82.6,56.2,25.1,0,n/a,0,low
SYN_N_01685,SYNTHETIC_NER,2020-08-19,Manipur,unspecified,22.37413,96.60951,1829.4,23.2,233.2,forest,colluvium,20.4,63.2,91.6,68.8,21.2,0,n/a,0,low
SYN_N_00521,SYNTHETIC_NER,2022-07-07,Assam,unspecified,26.98753,88.48011,450.8,27.26,50.0,grassland,residual_soil,13.5,31.5,54.0,39.2,31.6,0,n/a,0,low
SYN_E_00843,SYNTHETIC_NER,2022-07-16,Assam,unspecified,27.26324,90.32566,386.2,35.73,155.0,forest,residual_soil,35.1,100.3,214.3,144.2,33.5,1,debris flow,1,low
SYN_N_01973,SYNTHETIC_NER,2023-11-05,Tripura,unspecified,23.69965,96.17393,683.3,24.4,21.7,built-up,colluvium,22.9,71.2,147.7,99.8,21.2,0,n/a,0,low
SYN_N_00625,SYNTHETIC_NER,2023-02-26,Meghalaya,unspecified,26.00601,96.23418,1178.3,33.84,255.5,grassland,unknown,66.3,190.4,370.1,255.4,18.2,0,n/a,0,low
SYN_E_00269,SYNTHETIC_NER,2019-08-12,Nagaland,unspecified,24.10556,94.53445,1839.9,23.45,14.7,cropland,residual_soil,45.0,106.8,176.2,129.1,39.0,1,debris flow,0,low
SYN_E_00629,SYNTHETIC_NER,2020-09-24,Mizoram,unspecified,23.39812,88.44735,505.5,41.07,163.2,grassland,residual_soil,70.9,199.6,382.3,265.2,36.3,1,soil slide,0,low
SYN_E_01033,SYNTHETIC_NER,2022-07-12,Mizoram,unspecified,23.28145,96.15116,290.8,28.38,167.2,cropland,colluvium,60.1,133.5,206.3,155.2,29.4,1,soil slide,0,low
SYN_N_00884,SYNTHETIC_NER,2015-07-25,Meghalaya,unspecified,22.60063,91.67396,167.6,33.49,128.5,cropland,colluvium,47.2,90.4,180.3,126.7,18.1,0,n/a,0,low
SYN_E_00286,SYNTHETIC_NER,2017-06-03,Meghalaya,unspecified,28.33271,88.5103,1534.8,24.6,296.5,forest,residual_soil,203.1,400.7,849.7,585.7,37.0,1,soil slide,0,low
SYN_N_00126,SYNTHETIC_NER,2024-06-27,Meghalaya,unspecified,22.581,90.34947,891.5,19.21,22.3,forest,weathered_rock,0.0,0.0,0.0,0.0,28.2,0,n/a,0,low
SYN_N_01454,SYNTHETIC_NER,2020-09-26,Manipur,unspecified,28.91664,88.90993,1632.9,8.33,290.5,grassland,colluvium,7.6,24.0,35.2,26.3,19.8,0,n/a,0,low
SYN_E_00300,SYNTHETIC_NER,2020-11-02,Mizoram,unspecified,25.14593,92.35063,1318.4,30.06,16.4,forest,colluvium,53.3,144.6,242.7,175.4,41.5,1,debris flow,0,low
SYN_N_01966,SYNTHETIC_NER,2022-09-26,Tripura,unspecified,27.51209,92.36878,198.5,42.01,225.7,forest,residual_soil,29.8,57.4,117.1,81.7,26.4,0,n/a,0,low
SYN_N_00247,SYNTHETIC_NER,2025-08-13,Sikkim,unspecified,25.46118,92.87228,4536.8,39.03,358.4,forest,residual_soil,12.1,32.2,64.9,44.5,13.1,0,n/a,0,low
SYN_N_00272,SYNTHETIC_NER,2025-12-24,Assam,unspecified,24.47691,95.60365,566.3,19.88,106.8,forest,residual_soil,4.5,9.5,16.9,12.2,25.9,0,n/a,0,low
SYN_N_01355,SYNTHETIC_NER,2024-08-14,Manipur,unspecified,21.99424,88.51546,998.6,22.4,166.5,grassland,residual_soil,15.6,50.0,72.2,54.2,28.8,0,n/a,0,low
SYN_N_01028,SYNTHETIC_NER,2020-06-18,Sikkim,unspecified,22.92387,91.52439,714.7,49.06,85.7,forest,colluvium,21.3,56.2,95.2,68.7,28.4,0,n/a,0,low
SYN_N_00915,SYNTHETIC_NER,2019-08-27,Sikkim,unspecified,26.09411,92.98118,1459.2,20.33,58.5,forest,colluvium,2.2,5.2,8.2,6.1,28.3,0,n/a,0,low
SYN_E_00065,SYNTHETIC_NER,2018-03-02,Mizoram,unspecified,24.1573,89.60678,513.1,38.49,76.2,forest,residual_soil,27.4,84.0,179.5,120.4,32.7,1,rock slide,0,low
SYN_N_01463,SYNTHETIC_NER,2023-09-02,Manipur,unspecified,23.27789,96.85375,1567.7,35.14,188.2,forest,colluvium,6.2,17.8,34.3,23.8,28.4,0,n/a,0,low
SYN_E_00890,SYNTHETIC_NER,2017-09-21,Assam,unspecified,23.2144,97.00361,113.2,42.62,184.5,grassland,weathered_rock,28.8,67.2,136.0,93.9,48.5,1,mudslide,0,low
SYN_N_01581,SYNTHETIC_NER,2019-06-04,Tripura,unspecified,28.95845,89.77692,897.5,32.81,320.3,built-up,colluvium,16.9,48.7,96.6,66.3,23.4,0,n/a,0,low
SYN_N_01923,SYNTHETIC_NER,2019-09-08,Nagaland,unspecified,25.91366,93.38394,3042.0,24.72,141.5,forest,colluvium,16.1,48.0,91.0,63.1,21.6,0,n/a,0,low
SYN_N_02153,SYNTHETIC_NER,2015-08-22,Sikkim,unspecified,28.94215,93.94054,488.4,34.86,353.2,grassland,colluvium,28.2,89.4,173.3,119.1,40.2,0,n/a,0,low
SYN_N_01800,SYNTHETIC_NER,2016-08-18,Tripura,unspecified,27.2295,92.98442,418.1,17.18,152.6,forest,residual_soil,11.6,25.0,53.1,36.4,33.2,0,n/a,0,low
SYN_E_00230,SYNTHETIC_NER,2020-09-21,Manipur,unspecified,24.92315,89.58989,1610.5,44.51,124.7,grassland,residual_soil,22.0,48.7,71.5,54.7,44.9,1,rock slide,0,low
SYN_E_00503,SYNTHETIC_NER,2020-09-05,Sikkim,unspecified,26.72579,93.28869,396.5,29.38,88.5,grassland,residual_soil,42.1,79.1,150.4,107.3,39.2,1,debris flow,0,low
SYN_N_01421,SYNTHETIC_NER,2021-10-26,Nagaland,unspecified,26.36287,97.33267,3631.9,43.44,303.2,bare,weathered_rock,29.8,87.4,140.5,102.4,12.1,0,n/a,0,low
SYN_N_01702,SYNTHETIC_NER,2020-08-23,Mizoram,unspecified,28.44693,89.95233,1251.3,26.84,10.6,cropland,unknown,3.6,7.2,14.4,10.1,27.0,0,n/a,0,low
SYN_N_01298,SYNTHETIC_NER,2017-09-26,Arunachal Pradesh,unspecified,23.58743,96.72303,2612.3,2.0,84.8,cropland,weathered_rock,52.1,145.5,292.1,200.1,15.2,0,n/a,0,low
SYN_N_00325,SYNTHETIC_NER,2025-07-22,Nagaland,unspecified,24.5898,94.6407,1133.9,29.14,283.6,forest,unknown,0.0,0.0,0.0,0.0,22.1,0,n/a,0,low
SYN_N_00867,SYNTHETIC_NER,2019-08-04,Assam,unspecified,22.31024,90.827,529.3,19.74,343.6,forest,unknown,24.6,61.9,131.5,89.2,23.2,0,n/a,0,low
SYN_N_02090,SYNTHETIC_NER,2025-08-17,Assam,unspecified,26.56578,96.23711,86.2,22.28,185.4,forest,colluvium,28.5,76.4,117.2,87.2,14.9,0,n/a,0,low
SYN_E_01004,SYNTHETIC_NER,2017-08-25,Meghalaya,unspecified,26.81725,95.14325,1402.4,44.29,113.9,forest,unknown,64.8,127.3,246.1,174.2,44.2,1,soil slide,0,low
SYN_E_00836,SYNTHETIC_NER,2019-09-22,Sikkim,unspecified,29.48519,91.56017,2258.1,38.57,58.7,forest,colluvium,59.3,113.9,214.4,153.2,30.1,1,debris flow,0,low
SYN_N_01858,SYNTHETIC_NER,2023-09-10,Manipur,unspecified,25.72496,88.39615,2260.9,26.13,53.5,forest,weathered_rock,12.2,35.3,53.9,39.9,15.8,0,n/a,0,low
SYN_E_00374,SYNTHETIC_NER,2025-06-23,Arunachal Pradesh,unspecified,28.8033,91.39906,3587.5,33.39,309.6,bare,residual_soil,31.8,71.5,136.1,95.9,47.9,1,mudslide,0,low
SYN_N_01978,SYNTHETIC_NER,2021-08-11,Meghalaya,unspecified,23.75398,97.25888,589.9,39.88,8.9,forest,weathered_rock,75.9,138.1,262.8,188.0,24.0,0,n/a,0,low
SYN_N_01336,SYNTHETIC_NER,2023-09-22,Nagaland,unspecified,29.1522,88.2427,736.9,15.15,81.7,bare,residual_soil,25.2,50.5,95.7,68.0,24.5,0,n/a,0,low
SYN_N_02255,SYNTHETIC_NER,2017-10-21,Mizoram,unspecified,22.42333,92.01488,1835.6,21.66,58.2,forest,colluvium,59.1,115.2,208.8,150.8,31.6,0,n/a,0,low
SYN_E_00939,SYNTHETIC_NER,2015-08-03,Nagaland,unspecified,23.66351,93.21606,1550.6,32.98,192.4,forest,colluvium,31.9,63.9,89.5,70.3,55.3,1,soil slide,0,low
SYN_N_00121,SYNTHETIC_NER,2018-07-18,Mizoram,unspecified,22.43139,96.28968,2038.1,24.33,183.5,forest,residual_soil,23.7,62.8,106.4,76.8,32.2,0,n/a,0,low
SYN_N_01494,SYNTHETIC_NER,2016-06-10,Manipur,unspecified,25.75914,95.06021,1787.2,22.17,173.6,forest,colluvium,12.3,39.0,60.5,44.4,6.4,0,n/a,0,low
SYN_N_01288,SYNTHETIC_NER,2025-07-10,Sikkim,unspecified,24.41374,91.68291,2768.6,21.4,303.8,grassland,colluvium,33.8,60.8,105.8,77.9,30.4,0,n/a,0,low
SYN_E_00751,SYNTHETIC_NER,2018-07-23,Meghalaya,unspecified,25.23152,93.4848,1456.1,34.65,256.0,cropland,residual_soil,57.6,140.4,224.5,165.9,40.5,1,mudslide,0,low
SYN_E_00099,SYNTHETIC_NER,2020-06-01,Meghalaya,unspecified,28.59068,94.31953,917.2,43.04,246.7,forest,colluvium,139.3,260.7,464.7,338.4,55.9,1,soil slide,0,low
SYN_N_00343,SYNTHETIC_NER,2023-09-17,Meghalaya,unspecified,24.98989,90.33887,971.2,26.22,274.4,forest,colluvium,8.1,18.0,25.7,19.9,28.4,0,n/a,0,low
SYN_N_01179,SYNTHETIC_NER,2017-09-09,Nagaland,unspecified,28.83439,96.50923,3158.2,34.24,6.7,forest,weathered_rock,18.5,57.8,100.4,71.2,29.3,0,n/a,0,low
SYN_E_00866,SYNTHETIC_NER,2020-06-26,Sikkim,unspecified,24.15281,96.5565,1729.0,40.37,278.1,grassland,colluvium,45.3,121.7,215.6,153.4,42.9,1,mudslide,0,low
SYN_E_00910,SYNTHETIC_NER,2018-12-01,Sikkim,unspecified,27.01156,89.24356,4989.7,36.0,296.7,bare,colluvium,33.3,90.2,146.1,106.8,37.4,1,soil slide,0,low
SYN_N_00726,SYNTHETIC_NER,2016-09-11,Mizoram,unspecified,22.69093,96.22257,2148.1,24.73,230.8,forest,residual_soil,12.1,29.0,56.6,39.4,16.2,0,n/a,0,low
SYN_N_00375,SYNTHETIC_NER,2025-07-17,Assam,unspecified,26.22674,88.81454,359.0,26.93,156.1,bare,residual_soil,18.8,55.8,107.2,74.1,24.2,0,n/a,0,low
SYN_E_00529,SYNTHETIC_NER,2016-09-05,Arunachal Pradesh,unspecified,22.38421,97.49493,1151.4,34.14,339.1,bare,colluvium,33.0,94.2,186.6,128.2,34.9,1,soil slide,0,low
SYN_N_00060,SYNTHETIC_NER,2015-03-23,Mizoram,unspecified,21.65989,96.36116,273.1,31.88,14.9,grassland,colluvium,22.6,47.2,99.6,68.5,19.7,0,n/a,0,low
SYN_N_00531,SYNTHETIC_NER,2019-07-13,Sikkim,unspecified,26.53426,93.75731,776.0,21.63,355.2,grassland,unknown,11.7,32.3,61.8,42.9,29.6,0,n/a,0,low
SYN_N_01155,SYNTHETIC_NER,2019-08-22,Meghalaya,unspecified,27.96206,96.88234,369.2,21.61,153.2,forest,residual_soil,7.3,13.6,19.5,15.3,19.9,0,n/a,0,low
SYN_E_00636,SYNTHETIC_NER,2019-09-24,Meghalaya,unspecified,25.13977,90.27874,1222.9,33.49,88.5,forest,colluvium,88.5,248.8,455.8,320.3,35.6,1,soil slide,0,low
SYN_N_00069,SYNTHETIC_NER,2025-06-14,Assam,unspecified,29.23251,90.25624,510.1,44.59,53.5,forest,colluvium,21.8,52.4,96.7,68.4,32.8,0,n/a,0,low
SYN_E_00185,SYNTHETIC_NER,2021-01-26,Manipur,unspecified,27.98233,94.6963,1859.1,28.18,190.9,forest,colluvium,25.3,52.4,79.3,60.4,32.1,1,mudslide,0,low
SYN_N_01310,SYNTHETIC_NER,2023-07-03,Assam,unspecified,27.92606,88.91439,87.4,12.69,203.2,forest,weathered_rock,18.1,56.5,102.8,72.0,23.7,0,n/a,0,low
SYN_N_00529,SYNTHETIC_NER,2021-07-01,Nagaland,unspecified,23.52599,96.03828,812.5,22.26,272.9,cropland,weathered_rock,15.6,42.0,68.4,49.9,17.6,0,n/a,0,low
SYN_N_00944,SYNTHETIC_NER,2015-06-18,Mizoram,unspecified,24.42989,88.76065,1185.7,13.57,195.0,grassland,residual_soil,0.4,1.1,1.6,1.2,26.2,0,n/a,0,low
SYN_E_00931,SYNTHETIC_NER,2017-08-14,Tripura,unspecified,22.72377,90.00339,174.5,35.45,311.1,bare,residual_soil,50.6,96.0,184.6,131.2,41.3,1,mudslide,0,low
SYN_N_00241,SYNTHETIC_NER,2024-03-07,Nagaland,unspecified,26.07597,94.90072,3707.6,12.63,55.8,forest,residual_soil,14.3,36.9,71.7,49.7,26.9,0,n/a,0,low
SYN_N_00804,SYNTHETIC_NER,2021-10-03,Arunachal Pradesh,unspecified,21.51651,96.79388,2607.0,15.27,11.9,grassland,residual_soil,11.6,35.7,60.6,43.3,22.9,0,n/a,0,low
SYN_N_01550,SYNTHETIC_NER,2019-09-09,Meghalaya,unspecified,28.93308,91.50778,503.9,13.26,58.6,bare,residual_soil,30.9,77.3,125.3,92.0,11.1,0,n/a,0,low
SYN_N_00335,SYNTHETIC_NER,2020-07-23,Sikkim,unspecified,25.27658,94.42775,4539.9,7.94,93.9,grassland,colluvium,7.2,22.4,43.2,29.8,22.3,0,n/a,0,low
SYN_N_00822,SYNTHETIC_NER,2023-09-06,Arunachal Pradesh,unspecified,24.4452,92.21872,2494.6,13.14,26.7,forest,residual_soil,58.5,153.1,327.0,221.1,20.3,0,n/a,0,low
SYN_N_01673,SYNTHETIC_NER,2025-08-07,Manipur,unspecified,22.04957,92.77642,827.9,33.51,103.1,forest,colluvium,8.5,16.6,24.8,19.1,32.9,0,n/a,0,low
SYN_N_00073,SYNTHETIC_NER,2016-09-21,Arunachal Pradesh,unspecified,28.76026,89.80575,880.2,44.26,238.7,grassland,residual_soil,31.3,59.9,129.5,89.0,27.9,0,n/a,0,low
SYN_N_02020,SYNTHETIC_NER,2024-08-16,Tripura,unspecified,27.01681,94.15603,892.5,22.22,250.4,bare,residual_soil,17.5,40.7,77.1,54.2,28.2,0,n/a,0,low
SYN_N_00895,SYNTHETIC_NER,2018-07-23,Tripura,unspecified,28.59658,90.82651,751.0,33.64,257.8,forest,residual_soil,22.6,44.3,94.3,65.0,25.4,0,n/a,0,low
SYN_E_00607,SYNTHETIC_NER,2022-07-15,Nagaland,unspecified,22.09319,96.42197,3591.4,56.39,47.6,forest,weathered_rock,35.0,103.8,158.5,117.3,33.5,1,soil slide,0,low
SYN_N_00760,SYNTHETIC_NER,2024-07-20,Meghalaya,unspecified,24.34699,92.98447,646.4,7.56,176.6,forest,weathered_rock,39.5,119.3,233.2,160.3,19.5,0,n/a,0,low
SYN_N_00864,SYNTHETIC_NER,2016-09-21,Mizoram,unspecified,27.63263,95.15394,406.7,30.9,156.8,forest,residual_soil,15.7,45.1,75.3,54.3,25.2,0,n/a,0,low
SYN_E_00151,SYNTHETIC_NER,2021-09-01,Mizoram,unspecified,26.13221,92.66987,293.2,38.93,175.3,built-up,weathered_rock,34.0,77.9,154.0,107.1,24.7,1,soil slide,1,low
SYN_N_00666,SYNTHETIC_NER,2023-06-22,Tripura,unspecified,27.65768,94.84657,903.8,14.81,1.3,grassland,colluvium,20.9,58.4,102.8,73.1,34.5,0,n/a,0,low
SYN_N_01373,SYNTHETIC_NER,2020-08-09,Meghalaya,unspecified,27.33972,97.17152,259.2,23.37,241.8,cropland,unknown,111.7,248.3,531.4,362.5,19.6,0,n/a,0,low
SYN_N_01822,SYNTHETIC_NER,2019-09-27,Manipur,unspecified,25.47864,91.33025,1250.6,27.51,88.8,forest,colluvium,0.3,0.6,1.0,0.7,32.9,0,n/a,0,low
SYN_N_01104,SYNTHETIC_NER,2017-07-05,Manipur,unspecified,27.119,91.93754,778.5,16.98,65.9,forest,colluvium,5.0,13.6,20.0,15.1,29.1,0,n/a,0,low
SYN_E_00731,SYNTHETIC_NER,2017-01-14,Manipur,unspecified,27.41238,91.86042,2777.3,33.46,53.5,forest,weathered_rock,10.8,21.6,32.5,24.9,46.3,1,mudslide,0,low
SYN_N_00752,SYNTHETIC_NER,2025-07-03,Mizoram,unspecified,25.10634,91.69254,1936.7,13.91,148.3,forest,colluvium,11.2,31.6,58.6,41.0,9.2,0,n/a,0,low
SYN_N_01090,SYNTHETIC_NER,2025-09-17,Assam,unspecified,23.99484,88.73197,561.5,15.9,145.0,forest,residual_soil,15.8,49.7,74.5,55.3,15.9,0,n/a,0,low
SYN_N_02070,SYNTHETIC_NER,2020-08-24,Meghalaya,unspecified,26.05229,92.22174,1235.5,25.7,333.2,forest,weathered_rock,19.6,37.1,81.2,55.6,39.0,0,n/a,0,low
SYN_E_00023,SYNTHETIC_NER,2018-01-15,Arunachal Pradesh,unspecified,28.6399,95.12138,3038.5,35.61,357.1,cropland,colluvium,60.3,112.0,197.0,144.2,45.0,1,rock slide,0,low
SYN_N_01818,SYNTHETIC_NER,2017-06-03,Nagaland,unspecified,25.46591,88.93578,2597.9,15.74,84.6,bare,weathered_rock,2.9,8.2,12.6,9.3,22.3,0,n/a,0,low
SYN_E_00158,SYNTHETIC_NER,2020-08-14,Nagaland,unspecified,28.30227,96.17729,562.9,37.42,123.2,cropland,colluvium,20.3,58.8,85.0,64.2,39.4,1,soil slide,3,low
SYN_E_00861,SYNTHETIC_NER,2021-06-19,Arunachal Pradesh,unspecified,23.75187,89.18353,3845.3,26.16,271.1,cropland,colluvium,50.6,142.0,272.7,189.1,48.3,1,debris flow,0,low
SYN_N_00890,SYNTHETIC_NER,2025-07-09,Manipur,unspecified,23.50014,93.33557,1315.4,6.93,317.2,forest,residual_soil,12.1,21.9,39.8,28.9,23.9,0,n/a,0,low
SYN_E_00902,SYNTHETIC_NER,2022-08-10,Meghalaya,unspecified,27.29546,89.50593,830.7,36.98,286.5,cropland,residual_soil,127.1,276.8,500.4,358.7,17.1,1,soil slide,0,low
SYN_E_00352,SYNTHETIC_NER,2016-06-10,Mizoram,unspecified,22.00313,94.1957,1496.0,33.99,143.2,grassland,unknown,26.6,73.1,108.7,81.6,28.8,1,soil slide,0,low
SYN_N_00030,SYNTHETIC_NER,2019-07-16,Assam,unspecified,26.78705,94.6898,437.4,40.83,218.8,forest,residual_soil,21.6,39.8,73.0,52.7,14.1,0,n/a,0,low
SYN_N_01506,SYNTHETIC_NER,2020-04-25,Nagaland,unspecified,21.61775,93.94477,810.5,6.62,149.3,cropland,colluvium,14.1,32.9,66.5,45.9,13.9,0,n/a,0,low
SYN_E_00444,SYNTHETIC_NER,2018-07-08,Nagaland,unspecified,25.50506,97.12022,783.0,24.22,141.9,cropland,unknown,38.6,85.0,154.9,110.7,33.1,1,soil slide,1,low
SYN_N_02322,SYNTHETIC_NER,2018-06-01,Meghalaya,unspecified,22.46942,89.01512,1748.0,7.24,118.7,cropland,residual_soil,17.6,49.2,106.4,71.5,25.9,0,n/a,0,low
SYN_E_00754,SYNTHETIC_NER,2015-05-08,Nagaland,unspecified,29.10696,95.90088,2803.3,28.67,142.8,forest,colluvium,40.9,91.0,188.3,129.7,37.8,1,debris flow,0,low
SYN_E_00923,SYNTHETIC_NER,2017-06-07,Meghalaya,unspecified,22.63692,95.68189,1398.1,36.7,204.2,bare,residual_soil,128.3,311.6,681.2,459.8,40.7,1,debris flow,0,low
SYN_N_00466,SYNTHETIC_NER,2025-08-12,Nagaland,unspecified,22.4667,95.15604,2456.2,24.63,328.1,built-up,residual_soil,24.6,63.7,114.2,81.1,19.9,0,n/a,0,low
SYN_N_02362,SYNTHETIC_NER,2021-09-05,Manipur,unspecified,21.69508,96.78401,2111.1,14.72,5.5,bare,residual_soil,10.7,24.5,43.6,31.3,27.5,0,n/a,0,low
SYN_N_01328,SYNTHETIC_NER,2022-07-21,Sikkim,unspecified,25.90939,90.26035,4736.5,21.9,288.1,forest,unknown,7.8,24.9,41.2,29.6,24.9,0,n/a,0,low
SYN_E_00311,SYNTHETIC_NER,2022-07-13,Tripura,unspecified,27.36564,95.64473,204.2,24.32,259.5,forest,residual_soil,36.6,82.6,176.4,120.3,41.3,1,debris flow,0,low
SYN_N_00175,SYNTHETIC_NER,2016-09-03,Tripura,unspecified,23.59876,88.82277,564.9,18.3,199.8,forest,weathered_rock,17.2,46.9,90.1,62.6,29.5,0,n/a,0,low
SYN_E_00548,SYNTHETIC_NER,2015-05-12,Nagaland,unspecified,27.30736,95.37031,477.6,43.66,203.6,forest,colluvium,25.6,50.1,80.0,60.1,40.0,1,soil slide,0,low
SYN_N_01681,SYNTHETIC_NER,2018-09-18,Nagaland,unspecified,22.32529,90.03138,808.7,27.64,265.5,forest,colluvium,15.6,42.5,82.5,57.1,32.6,0,n/a,0,low
SYN_N_01220,SYNTHETIC_NER,2016-07-09,Tripura,unspecified,28.26927,95.2185,472.0,25.24,303.7,forest,residual_soil,3.7,8.5,18.0,12.3,23.2,0,n/a,0,low
SYN_N_01619,SYNTHETIC_NER,2021-08-21,Assam,unspecified,26.1352,93.38334,297.7,9.16,12.0,bare,colluvium,10.8,22.6,49.1,33.5,34.2,0,n/a,0,low
SYN_E_00306,SYNTHETIC_NER,2023-06-23,Mizoram,unspecified,28.59445,94.03358,1129.4,35.42,145.1,forest,colluvium,27.2,70.6,144.5,98.9,51.7,1,mudslide,0,low
SYN_E_00287,SYNTHETIC_NER,2021-08-17,Nagaland,unspecified,23.08638,95.84933,3453.9,33.42,358.8,forest,residual_soil,37.7,104.2,154.5,116.0,39.3,1,debris flow,3,low
SYN_E_00694,SYNTHETIC_NER,2023-08-23,Assam,unspecified,27.49606,93.7772,65.3,37.25,142.0,cropland,unknown,38.3,80.5,117.7,90.6,41.3,1,soil slide,0,low
SYN_E_00308,SYNTHETIC_NER,2015-09-10,Mizoram,unspecified,24.4964,88.61824,1740.8,27.78,193.5,cropland,residual_soil,53.7,142.4,310.1,208.5,30.7,1,debris flow,0,low
SYN_N_01448,SYNTHETIC_NER,2017-09-22,Meghalaya,unspecified,22.83106,96.0237,537.2,17.03,244.4,forest,residual_soil,35.2,96.6,200.3,136.2,15.5,0,n/a,0,low
SYN_N_01576,SYNTHETIC_NER,2019-11-18,Arunachal Pradesh,unspecified,29.05416,89.33183,2686.6,10.96,350.9,grassland,colluvium,4.6,11.6,19.1,14.0,23.7,0,n/a,0,low
SYN_N_01482,SYNTHETIC_NER,2025-06-23,Manipur,unspecified,27.70967,89.58471,2854.8,23.59,26.1,cropland,residual_soil,8.0,18.2,31.3,22.7,12.5,0,n/a,0,low
SYN_E_00749,SYNTHETIC_NER,2021-09-10,Meghalaya,unspecified,23.14223,96.32176,1771.2,22.13,174.1,grassland,unknown,145.5,293.8,629.9,432.2,43.3,1,soil slide,0,low
SYN_N_00390,SYNTHETIC_NER,2018-07-13,Meghalaya,unspecified,28.96577,88.44915,1547.0,11.32,28.7,grassland,weathered_rock,26.6,53.4,108.8,75.8,20.3,0,n/a,0,low
SYN_E_01170,SYNTHETIC_NER,2017-08-20,Tripura,unspecified,28.89427,89.12335,487.8,38.42,71.6,grassland,weathered_rock,43.3,127.3,214.9,154.3,27.2,1,debris flow,0,low
SYN_N_01602,SYNTHETIC_NER,2022-01-27,Nagaland,unspecified,28.62266,90.33019,829.9,16.46,154.0,forest,colluvium,6.5,17.2,36.7,24.8,30.0,0,n/a,0,low
SYN_N_00066,SYNTHETIC_NER,2024-07-16,Manipur,unspecified,26.8871,93.33492,1933.9,23.23,110.7,forest,residual_soil,2.3,6.6,13.7,9.3,17.4,0,n/a,0,low
SYN_N_00642,SYNTHETIC_NER,2022-06-01,Assam,unspecified,22.03241,88.78176,302.3,17.3,342.1,forest,residual_soil,7.4,19.9,34.3,24.6,9.3,0,n/a,0,low
SYN_N_02023,SYNTHETIC_NER,2024-06-08,Sikkim,unspecified,21.72845,94.34153,3802.7,7.32,351.7,forest,residual_soil,15.1,43.8,79.7,56.0,8.2,0,n/a,0,low
SYN_E_00908,SYNTHETIC_NER,2019-03-07,Mizoram,unspecified,25.9602,92.14274,803.9,38.86,154.8,forest,colluvium,38.9,107.8,200.2,140.2,44.4,1,debris flow,0,low
SYN_N_01450,SYNTHETIC_NER,2025-08-21,Meghalaya,unspecified,22.94623,93.23061,1427.6,30.62,88.5,forest,weathered_rock,33.6,78.7,121.5,91.1,32.9,0,n/a,0,low
SYN_E_00086,SYNTHETIC_NER,2019-09-11,Assam,unspecified,27.5532,97.41269,48.7,18.91,334.3,cropland,colluvium,33.5,61.5,96.1,73.2,33.0,1,mudslide,0,low
SYN_N_01839,SYNTHETIC_NER,2025-08-27,Nagaland,unspecified,27.37945,94.81002,3221.4,28.65,311.5,forest,residual_soil,15.3,38.0,55.4,42.2,28.8,0,n/a,0,low
SYN_N_01242,SYNTHETIC_NER,2017-07-24,Tripura,unspecified,22.14612,90.5901,714.4,29.92,291.7,forest,colluvium,19.4,60.1,92.7,68.3,20.0,0,n/a,0,low
SYN_N_01781,SYNTHETIC_NER,2020-05-13,Assam,unspecified,27.70082,91.05813,52.4,17.11,233.0,forest,weathered_rock,22.5,48.5,105.2,71.7,28.9,0,n/a,0,low
SYN_E_00970,SYNTHETIC_NER,2025-07-26,Mizoram,unspecified,29.24697,89.75428,2074.3,31.03,278.3,forest,colluvium,42.5,105.7,190.1,135.3,40.0,1,mudslide,0,low
SYN_E_00013,SYNTHETIC_NER,2025-01-20,Sikkim,unspecified,24.76369,88.89368,3711.1,31.77,320.3,forest,colluvium,45.6,132.9,241.4,169.7,40.2,1,rock slide,0,low
SYN_E_00873,SYNTHETIC_NER,2015-06-18,Assam,unspecified,27.83548,88.73587,170.1,27.97,146.6,forest,unknown,39.6,85.7,184.1,125.7,29.8,1,soil slide,0,low
SYN_N_00523,SYNTHETIC_NER,2016-09-09,Mizoram,unspecified,28.48464,94.85155,1790.8,20.29,333.8,grassland,colluvium,21.0,66.6,107.0,77.7,28.1,0,n/a,0,low
SYN_E_00808,SYNTHETIC_NER,2017-08-24,Manipur,unspecified,24.00106,97.05902,1997.5,46.35,155.5,forest,residual_soil,13.9,34.5,53.0,39.6,42.1,1,mudslide,0,low
SYN_N_01885,SYNTHETIC_NER,2020-01-02,Manipur,unspecified,22.51201,91.96405,1833.4,5.3,148.2,built-up,weathered_rock,13.1,25.2,51.9,36.1,27.1,0,n/a,0,low
SYN_E_00514,SYNTHETIC_NER,2021-09-17,Arunachal Pradesh,unspecified,27.39336,90.77346,4469.5,19.87,163.0,cropland,residual_soil,44.6,135.4,193.6,146.3,32.9,1,soil slide,0,low
SYN_N_01686,SYNTHETIC_NER,2025-06-05,Sikkim,unspecified,22.66197,91.21393,604.9,22.21,340.5,forest,residual_soil,8.1,15.9,34.9,23.9,16.7,0,n/a,0,low
SYN_E_00409,SYNTHETIC_NER,2015-06-03,Assam,unspecified,25.78395,96.65236,46.8,40.64,37.1,forest,residual_soil,38.7,107.8,207.8,144.0,34.7,1,soil slide,1,low
SYN_N_01559,SYNTHETIC_NER,2015-07-26,Tripura,unspecified,21.8262,88.14173,646.3,18.43,211.0,forest,weathered_rock,0.0,0.0,0.0,0.0,38.7,0,n/a,0,low
SYN_N_00137,SYNTHETIC_NER,2015-02-11,Arunachal Pradesh,unspecified,26.72631,90.63181,820.4,17.36,226.7,forest,weathered_rock,30.4,57.4,119.2,82.9,27.1,0,n/a,0,low
SYN_N_00213,SYNTHETIC_NER,2025-11-13,Sikkim,unspecified,21.76004,94.10831,4765.2,2.0,323.1,cropland,colluvium,27.6,71.6,125.0,89.5,9.5,0,n/a,0,low
SYN_N_01512,SYNTHETIC_NER,2019-07-02,Meghalaya,unspecified,24.99868,96.58585,478.1,17.31,333.8,built-up,residual_soil,49.2,97.9,148.5,113.4,14.4,0,n/a,0,low
SYN_N_00702,SYNTHETIC_NER,2025-09-25,Meghalaya,unspecified,22.96249,91.06839,1214.1,33.84,50.5,cropland,residual_soil,15.0,35.3,63.1,45.1,30.9,0,n/a,0,low
SYN_N_01095,SYNTHETIC_NER,2022-01-13,Assam,unspecified,28.11508,88.63854,449.9,18.38,26.0,forest,colluvium,11.2,31.8,64.7,44.1,15.0,0,n/a,0,low
SYN_N_02103,SYNTHETIC_NER,2023-06-24,Tripura,unspecified,27.67186,90.09689,885.7,17.64,9.2,forest,weathered_rock,10.8,24.5,39.5,29.3,21.5,0,n/a,0,low
SYN_E_00006,SYNTHETIC_NER,2022-07-22,Assam,unspecified,29.1428,92.87095,301.5,30.95,155.9,forest,unknown,47.3,92.0,176.8,125.5,31.4,1,debris flow,0,low
SYN_E_00382,SYNTHETIC_NER,2016-07-07,Arunachal Pradesh,unspecified,26.21327,90.00898,4999.3,32.72,275.4,grassland,residual_soil,65.9,207.0,385.2,267.9,32.6,1,soil slide,0,low
SYN_N_02391,SYNTHETIC_NER,2025-08-01,Meghalaya,unspecified,25.37878,93.10133,468.8,34.46,109.4,forest,residual_soil,26.5,81.6,153.2,106.4,30.7,0,n/a,0,low
SYN_N_01428,SYNTHETIC_NER,2018-08-11,Manipur,unspecified,24.45333,88.00467,2318.1,16.83,226.3,forest,residual_soil,13.5,33.9,74.2,50.0,21.6,0,n/a,0,low
SYN_N_02128,SYNTHETIC_NER,2022-09-25,Sikkim,unspecified,26.74752,91.05988,4951.5,17.75,9.3,grassland,residual_soil,12.3,39.1,79.0,53.7,38.9,0,n/a,0,low
SYN_N_00737,SYNTHETIC_NER,2024-06-08,Sikkim,unspecified,28.51364,91.82373,2741.6,35.23,183.0,forest,colluvium,12.9,35.0,62.8,44.5,15.1,0,n/a,0,low
SYN_N_01018,SYNTHETIC_NER,2015-06-02,Arunachal Pradesh,unspecified,28.98025,95.00855,1960.5,25.78,260.9,forest,colluvium,28.1,82.1,153.4,106.9,41.8,0,n/a,0,low
SYN_N_00513,SYNTHETIC_NER,2015-07-10,Meghalaya,unspecified,26.42632,88.07563,856.2,7.62,93.9,forest,weathered_rock,66.5,201.2,367.5,257.4,23.7,0,n/a,0,low
SYN_N_01314,SYNTHETIC_NER,2015-06-14,Sikkim,unspecified,26.97138,94.87254,4293.7,18.83,208.7,forest,unknown,2.2,5.7,12.6,8.5,22.2,0,n/a,0,low
SYN_N_01420,SYNTHETIC_NER,2016-09-12,Sikkim,unspecified,22.25781,94.82556,3717.0,19.38,131.8,forest,residual_soil,8.8,24.0,35.0,26.5,15.3,0,n/a,0,low
SYN_N_00193,SYNTHETIC_NER,2016-09-12,Sikkim,unspecified,22.93067,95.2097,1547.2,18.47,127.2,built-up,residual_soil,20.1,61.4,110.1,77.5,32.7,0,n/a,0,low
SYN_E_00552,SYNTHETIC_NER,2020-06-25,Sikkim,unspecified,25.85824,88.34122,1699.3,40.1,305.2,forest,residual_soil,55.0,175.2,332.0,229.6,36.0,1,soil slide,0,low
SYN_N_02140,SYNTHETIC_NER,2019-09-02,Nagaland,unspecified,21.50781,92.86124,1258.9,39.84,72.4,grassland,unknown,11.8,34.4,60.0,42.7,18.5,0,n/a,0,low
SYN_E_00222,SYNTHETIC_NER,2020-11-21,Tripura,unspecified,28.00821,89.52377,651.7,36.84,237.8,grassland,residual_soil,53.7,114.9,186.0,138.2,33.1,1,soil slide,0,low
SYN_N_00182,SYNTHETIC_NER,2019-09-10,Tripura,unspecified,25.01581,88.72599,915.1,37.64,202.5,cropland,residual_soil,15.5,31.5,44.2,34.7,5.0,0,n/a,0,low
SYN_E_01096,SYNTHETIC_NER,2022-06-01,Sikkim,unspecified,28.04085,88.65118,1505.1,42.02,265.1,cropland,colluvium,52.1,94.2,174.7,126.1,34.4,1,rock slide,0,low
SYN_N_01911,SYNTHETIC_NER,2018-06-26,Assam,unspecified,28.74824,95.63988,557.9,34.3,314.3,cropland,residual_soil,8.5,16.2,34.7,23.9,11.2,0,n/a,0,low
SYN_E_00008,SYNTHETIC_NER,2020-08-22,Meghalaya,unspecified,23.32602,91.14199,1031.1,33.33,334.9,forest,colluvium,49.9,123.4,240.1,167.1,41.6,1,debris flow,0,low
SYN_E_00634,SYNTHETIC_NER,2020-09-26,Meghalaya,unspecified,26.44275,95.7219,766.7,41.47,145.8,cropland,weathered_rock,85.4,187.0,368.7,257.5,47.3,1,rock slide,0,low
SYN_E_00316,SYNTHETIC_NER,2019-10-07,Tripura,unspecified,26.62058,89.68404,865.3,24.39,13.4,grassland,residual_soil,39.3,116.8,216.5,151.1,46.1,1,rock slide,0,low
SYN_N_00128,SYNTHETIC_NER,2015-07-12,Mizoram,unspecified,22.94601,94.13985,1176.2,4.26,332.5,forest,residual_soil,10.9,32.3,66.1,44.9,22.6,0,n/a,0,low
SYN_E_00427,SYNTHETIC_NER,2019-07-20,Sikkim,unspecified,26.84238,93.76779,3087.6,22.12,85.4,forest,weathered_rock,31.8,76.4,166.3,112.4,26.3,1,soil slide,0,low
SYN_N_01630,SYNTHETIC_NER,2017-08-21,Sikkim,unspecified,21.65903,92.90537,1941.3,10.34,282.7,forest,residual_soil,16.3,47.2,93.3,64.1,20.3,0,n/a,0,low
SYN_E_00105,SYNTHETIC_NER,2023-08-01,Sikkim,unspecified,28.41287,94.87154,724.9,41.77,187.1,forest,residual_soil,44.7,101.6,178.5,128.6,38.8,1,debris flow,0,low
SYN_N_00808,SYNTHETIC_NER,2016-08-14,Nagaland,unspecified,22.64502,91.84551,3338.9,13.21,42.1,forest,colluvium,26.2,53.0,85.8,64.0,37.7,0,n/a,0,low
SYN_E_00142,SYNTHETIC_NER,2021-07-04,Mizoram,unspecified,27.27095,95.2297,490.4,26.03,303.5,forest,weathered_rock,32.8,63.6,91.3,71.3,38.0,1,debris flow,0,low
SYN_E_00121,SYNTHETIC_NER,2022-07-01,Tripura,unspecified,27.08743,94.40445,487.3,25.04,189.0,cropland,unknown,23.0,67.0,140.4,94.9,44.9,1,debris flow,1,low
SYN_N_01360,SYNTHETIC_NER,2017-07-18,Tripura,unspecified,22.39435,96.78172,905.4,27.14,331.5,forest,residual_soil,20.4,63.4,108.2,77.2,27.7,0,n/a,0,low
SYN_N_01868,SYNTHETIC_NER,2021-09-10,Sikkim,unspecified,21.62935,88.31069,2094.7,26.4,222.9,grassland,colluvium,4.9,13.8,23.2,16.7,22.5,0,n/a,0,low
SYN_N_02236,SYNTHETIC_NER,2018-06-04,Mizoram,unspecified,23.615,92.10757,769.8,10.73,160.7,built-up,residual_soil,21.2,55.7,84.6,63.2,22.3,0,n/a,0,low
SYN_E_01189,SYNTHETIC_NER,2016-08-17,Assam,unspecified,27.35172,95.41614,465.8,18.78,56.1,forest,weathered_rock,61.4,138.2,254.7,181.1,54.0,1,soil slide,0,low
SYN_N_01946,SYNTHETIC_NER,2022-06-08,Mizoram,unspecified,22.30958,91.47857,411.7,3.05,357.3,cropland,unknown,15.4,36.3,70.0,48.9,31.6,0,n/a,0,low
SYN_N_01913,SYNTHETIC_NER,2015-09-19,Meghalaya,unspecified,23.44824,88.55293,442.4,24.43,191.0,forest,residual_soil,14.8,37.9,54.4,41.5,13.4,0,n/a,0,low
SYN_N_01927,SYNTHETIC_NER,2020-06-21,Sikkim,unspecified,23.46563,92.21193,4332.7,19.3,237.0,forest,residual_soil,24.3,77.4,131.9,94.0,12.7,0,n/a,0,low
SYN_N_00489,SYNTHETIC_NER,2022-09-16,Sikkim,unspecified,26.13547,96.13077,3245.4,22.87,287.7,grassland,residual_soil,15.3,46.3,100.2,67.1,35.5,0,n/a,0,low
SYN_E_00115,SYNTHETIC_NER,2024-07-23,Nagaland,unspecified,24.8613,95.7322,2269.5,43.87,268.0,forest,unknown,52.1,155.6,341.4,227.8,40.3,1,soil slide,0,low
SYN_N_01626,SYNTHETIC_NER,2022-08-11,Tripura,unspecified,27.2012,88.83812,136.9,9.14,183.6,cropland,colluvium,20.2,44.4,78.2,56.5,16.3,0,n/a,0,low
SYN_N_01997,SYNTHETIC_NER,2022-07-01,Arunachal Pradesh,unspecified,27.14218,90.79876,2107.8,21.65,58.6,forest,colluvium,14.5,37.7,60.1,44.3,29.3,0,n/a,0,low
SYN_N_00640,SYNTHETIC_NER,2024-06-07,Nagaland,unspecified,22.13227,89.50472,3294.5,12.22,117.5,forest,residual_soil,11.9,25.1,49.2,34.5,10.5,0,n/a,0,low
SYN_N_01374,SYNTHETIC_NER,2022-09-18,Manipur,unspecified,23.74498,90.03028,2572.0,25.34,351.5,forest,unknown,11.7,36.7,61.7,44.2,32.3,0,n/a,0,low
SYN_N_02155,SYNTHETIC_NER,2024-06-26,Sikkim,unspecified,23.86701,96.16813,3727.4,32.43,150.9,grassland,colluvium,6.3,15.6,22.3,17.1,24.4,0,n/a,0,low
SYN_N_02336,SYNTHETIC_NER,2021-06-26,Nagaland,unspecified,28.93688,88.50025,2415.6,30.88,42.3,bare,residual_soil,1.8,3.5,6.5,4.7,19.4,0,n/a,0,low
SYN_N_01228,SYNTHETIC_NER,2021-06-07,Tripura,unspecified,21.87751,91.44598,341.0,26.22,291.6,bare,residual_soil,12.1,37.5,54.9,41.1,28.1,0,n/a,0,low
SYN_N_01445,SYNTHETIC_NER,2020-09-26,Assam,unspecified,27.21299,92.96107,184.0,32.31,137.8,forest,weathered_rock,15.5,40.9,70.2,50.5,32.1,0,n/a,0,low
SYN_E_00672,SYNTHETIC_NER,2018-06-17,Tripura,unspecified,27.66521,94.08275,461.4,34.84,313.7,grassland,residual_soil,25.7,63.1,113.7,80.9,39.1,1,mudslide,0,low
SYN_N_01259,SYNTHETIC_NER,2017-08-26,Tripura,unspecified,24.75326,89.18065,399.1,28.27,172.6,cropland,residual_soil,13.5,26.1,51.4,36.3,22.0,0,n/a,0,low
SYN_E_00091,SYNTHETIC_NER,2025-08-21,Sikkim,unspecified,24.34132,92.29828,2440.2,42.73,149.8,forest,weathered_rock,26.6,83.1,137.3,98.9,38.4,1,mudslide,0,low
SYN_E_01109,SYNTHETIC_NER,2016-01-09,Assam,unspecified,23.26142,92.36982,135.5,30.99,243.1,forest,weathered_rock,48.6,132.3,198.6,148.7,42.5,1,soil slide,0,low
SYN_N_00921,SYNTHETIC_NER,2021-06-07,Mizoram,unspecified,27.34768,96.80078,823.6,16.81,132.5,forest,residual_soil,10.5,19.1,34.7,25.2,34.1,0,n/a,0,low
SYN_E_00591,SYNTHETIC_NER,2023-06-10,Arunachal Pradesh,unspecified,24.11504,90.77829,1485.2,30.41,258.2,forest,residual_soil,51.7,127.8,196.4,146.9,33.7,1,debris flow,0,low
SYN_N_00887,SYNTHETIC_NER,2015-06-12,Sikkim,unspecified,21.99623,89.15604,1262.2,35.44,241.7,cropland,weathered_rock,48.5,148.0,220.7,164.4,13.2,0,n/a,0,low
SYN_N_02300,SYNTHETIC_NER,2019-08-17,Assam,unspecified,23.54727,93.53565,277.7,12.17,99.2,forest,weathered_rock,15.4,31.7,51.9,38.5,20.4,0,n/a,0,low
SYN_N_00829,SYNTHETIC_NER,2019-09-19,Manipur,unspecified,23.52396,92.89416,1937.1,24.26,164.2,bare,colluvium,15.0,35.7,57.8,42.6,24.4,0,n/a,0,low
SYN_E_00888,SYNTHETIC_NER,2024-07-21,Assam,unspecified,28.85169,92.60196,101.1,40.22,136.4,forest,unknown,45.8,127.8,225.9,160.4,31.2,1,mudslide,0,low
SYN_N_01081,SYNTHETIC_NER,2018-06-18,Tripura,unspecified,22.76809,92.15613,839.6,32.21,235.2,bare,colluvium,30.5,76.5,152.6,105.4,30.4,0,n/a,0,low
SYN_N_00788,SYNTHETIC_NER,2023-04-11,Nagaland,unspecified,28.18852,92.03496,283.3,3.28,84.3,forest,weathered_rock,16.3,50.1,81.8,59.2,13.0,0,n/a,0,low
SYN_N_00376,SYNTHETIC_NER,2015-07-21,Sikkim,unspecified,24.76181,97.25573,1980.5,41.8,251.9,cropland,residual_soil,31.6,64.7,96.9,74.2,29.3,0,n/a,0,low
SYN_N_01141,SYNTHETIC_NER,2022-12-22,Tripura,unspecified,25.33253,91.32824,134.7,44.55,137.6,forest,unknown,5.3,14.2,27.6,19.1,40.2,0,n/a,0,low
SYN_N_00514,SYNTHETIC_NER,2016-06-04,Tripura,unspecified,21.93278,93.17578,561.2,12.32,215.6,cropland,colluvium,24.9,70.3,137.3,94.7,27.2,0,n/a,0,low
SYN_E_00213,SYNTHETIC_NER,2019-09-15,Manipur,unspecified,27.47281,88.18452,1865.7,42.97,98.3,forest,colluvium,37.1,107.1,218.4,148.7,33.2,1,soil slide,0,low
SYN_E_00778,SYNTHETIC_NER,2017-09-26,Mizoram,unspecified,25.10349,95.97044,367.8,36.17,17.1,forest,weathered_rock,31.7,74.9,152.7,105.2,33.6,1,mudslide,0,low
SYN_N_01383,SYNTHETIC_NER,2016-06-14,Manipur,unspecified,23.63723,88.74175,2419.7,2.0,323.8,cropland,unknown,7.1,16.5,28.4,20.6,24.4,0,n/a,0,low
SYN_N_00248,SYNTHETIC_NER,2021-07-26,Manipur,unspecified,24.03203,93.56061,1529.5,15.82,286.0,forest,weathered_rock,10.4,28.8,63.0,42.2,37.4,0,n/a,0,low
SYN_N_01199,SYNTHETIC_NER,2020-06-17,Nagaland,unspecified,24.16225,95.628,1046.8,2.0,41.0,forest,colluvium,11.2,25.0,39.1,29.3,19.8,0,n/a,0,low
SYN_E_00800,SYNTHETIC_NER,2022-09-07,Assam,unspecified,22.51782,92.17763,378.7,22.53,1.1,cropland,residual_soil,55.2,111.2,169.1,129.0,33.1,1,rock slide,0,low
SYN_N_01765,SYNTHETIC_NER,2018-08-20,Tripura,unspecified,25.45306,95.45029,189.3,27.01,334.4,forest,unknown,20.0,63.9,98.5,72.4,7.4,0,n/a,0,low
SYN_N_02344,SYNTHETIC_NER,2019-06-14,Tripura,unspecified,29.49728,92.39701,726.9,22.79,31.3,forest,unknown,0.9,2.5,5.0,3.4,31.7,0,n/a,0,low
SYN_N_00927,SYNTHETIC_NER,2023-04-15,Tripura,unspecified,29.42814,97.04026,631.5,42.94,40.4,built-up,weathered_rock,8.8,21.0,38.5,27.3,16.6,0,n/a,0,low
SYN_N_00367,SYNTHETIC_NER,2017-09-10,Mizoram,unspecified,26.85573,96.42639,1400.2,31.18,206.6,cropland,colluvium,26.6,48.0,78.8,59.2,26.8,0,n/a,0,low
SYN_N_01821,SYNTHETIC_NER,2017-06-02,Mizoram,unspecified,21.55305,95.6084,2120.6,27.37,100.9,forest,residual_soil,16.6,34.3,67.0,47.1,22.7,0,n/a,0,low
SYN_N_02067,SYNTHETIC_NER,2025-05-08,Mizoram,unspecified,29.29108,93.99794,1721.6,10.35,58.1,forest,colluvium,9.5,20.7,42.6,29.4,14.6,0,n/a,0,low
SYN_N_00318,SYNTHETIC_NER,2022-07-08,Nagaland,unspecified,28.13575,90.62023,3141.7,2.35,91.9,forest,weathered_rock,10.6,24.0,50.8,34.7,22.8,0,n/a,0,low
SYN_N_00919,SYNTHETIC_NER,2018-01-04,Meghalaya,unspecified,26.75123,93.62045,1478.7,33.17,359.2,forest,residual_soil,24.6,65.4,109.5,79.3,12.1,0,n/a,0,low
SYN_N_02049,SYNTHETIC_NER,2022-08-17,Meghalaya,unspecified,23.97028,91.60249,189.0,18.45,12.6,cropland,colluvium,61.5,126.9,179.6,140.2,33.7,0,n/a,0,low
SYN_N_00143,SYNTHETIC_NER,2024-08-07,Sikkim,unspecified,24.84149,94.31078,4758.4,23.69,116.9,grassland,colluvium,11.4,28.7,52.8,37.3,26.5,0,n/a,0,low
SYN_E_00273,SYNTHETIC_NER,2016-09-18,Arunachal Pradesh,unspecified,22.63115,92.92462,1040.4,39.57,34.8,cropland,residual_soil,42.0,123.2,251.0,170.8,28.5,1,debris flow,0,low
SYN_N_00612,SYNTHETIC_NER,2022-09-06,Nagaland,unspecified,29.18679,90.77185,981.0,28.86,84.2,cropland,colluvium,12.9,39.2,70.7,49.7,23.9,0,n/a,0,low
SYN_E_00071,SYNTHETIC_NER,2021-09-18,Meghalaya,unspecified,28.96347,89.93668,666.4,38.65,190.3,grassland,residual_soil,130.0,350.2,731.3,496.7,44.9,1,rock slide,0,low
SYN_E_00720,SYNTHETIC_NER,2022-07-09,Meghalaya,unspecified,23.85809,97.00841,1047.4,31.89,45.6,bare,residual_soil,77.1,229.0,394.6,281.4,43.6,1,soil slide,0,low
SYN_N_00540,SYNTHETIC_NER,2022-07-09,Mizoram,unspecified,23.07427,89.21275,975.9,8.45,317.3,forest,weathered_rock,13.8,30.5,63.0,43.4,31.0,0,n/a,0,low
SYN_E_01087,SYNTHETIC_NER,2018-08-21,Arunachal Pradesh,unspecified,25.63757,94.09774,908.0,39.46,157.7,grassland,colluvium,35.1,88.6,172.7,120.0,29.4,1,soil slide,0,low
SYN_E_00394,SYNTHETIC_NER,2020-05-08,Tripura,unspecified,22.60449,91.96469,412.0,44.11,19.9,bare,unknown,38.2,108.3,160.9,120.6,42.2,1,mudslide,0,low
SYN_E_00583,SYNTHETIC_NER,2017-11-09,Assam,unspecified,28.27641,95.86574,156.3,33.08,125.9,grassland,colluvium,43.5,112.4,173.6,129.2,40.0,1,mudslide,3,low
SYN_N_02280,SYNTHETIC_NER,2016-08-02,Nagaland,unspecified,26.30239,93.94982,3564.0,23.3,246.0,bare,colluvium,15.9,32.9,68.1,47.1,24.6,0,n/a,0,low
SYN_N_01216,SYNTHETIC_NER,2015-06-27,Tripura,unspecified,25.2675,89.06789,742.8,22.93,333.6,bare,residual_soil,18.0,53.1,87.9,63.5,35.1,0,n/a,0,low
SYN_N_01223,SYNTHETIC_NER,2020-12-15,Arunachal Pradesh,unspecified,25.65084,89.5915,4393.2,21.5,286.9,bare,colluvium,6.4,18.1,38.5,26.0,14.4,0,n/a,0,low
SYN_E_00500,SYNTHETIC_NER,2024-09-16,Assam,unspecified,24.99007,90.37772,392.8,29.2,290.7,forest,unknown,21.6,41.2,77.1,55.2,37.1,1,soil slide,0,low
SYN_N_01295,SYNTHETIC_NER,2025-07-02,Mizoram,unspecified,26.35993,91.80264,1249.4,5.03,136.1,grassland,unknown,18.7,42.6,66.8,49.9,19.9,0,n/a,0,low
SYN_N_01466,SYNTHETIC_NER,2017-02-03,Sikkim,unspecified,25.83571,89.67493,2102.7,32.4,83.6,grassland,colluvium,11.0,25.7,52.3,36.1,26.3,0,n/a,0,low
SYN_N_01147,SYNTHETIC_NER,2025-09-26,Arunachal Pradesh,unspecified,24.28982,93.04202,659.7,15.63,205.1,cropland,weathered_rock,36.2,111.7,159.8,120.7,23.7,0,n/a,0,low
SYN_N_02372,SYNTHETIC_NER,2020-05-10,Mizoram,unspecified,23.2432,88.66509,274.4,17.69,319.8,forest,residual_soil,20.2,45.3,67.0,51.1,20.5,0,n/a,0,low
SYN_N_02086,SYNTHETIC_NER,2019-11-22,Mizoram,unspecified,26.65294,94.03763,1735.8,10.84,69.7,forest,residual_soil,13.2,31.8,53.6,39.0,23.0,0,n/a,0,low
SYN_N_01164,SYNTHETIC_NER,2023-06-11,Arunachal Pradesh,unspecified,28.62363,92.58069,4786.7,6.32,88.5,forest,residual_soil,13.8,38.0,59.0,43.7,30.4,0,n/a,0,low
SYN_N_02263,SYNTHETIC_NER,2017-08-05,Assam,unspecified,26.6841,90.08397,278.4,25.5,1.4,grassland,weathered_rock,5.0,9.2,15.6,11.6,37.7,0,n/a,0,low
SYN_N_00563,SYNTHETIC_NER,2016-07-21,Mizoram,unspecified,29.13476,89.64055,763.8,4.18,128.7,forest,residual_soil,16.3,40.1,76.8,53.7,5.1,0,n/a,0,low
SYN_N_00059,SYNTHETIC_NER,2015-07-19,Nagaland,unspecified,27.79274,88.85032,962.7,32.38,246.3,forest,weathered_rock,1.4,2.7,3.9,3.0,20.1,0,n/a,0,low
SYN_N_00986,SYNTHETIC_NER,2016-11-24,Tripura,unspecified,29.20757,92.75889,774.2,26.6,79.9,forest,colluvium,18.1,49.0,90.8,63.7,16.9,0,n/a,0,low
SYN_N_01071,SYNTHETIC_NER,2024-07-25,Arunachal Pradesh,unspecified,23.52525,93.50986,2929.5,19.58,115.6,forest,colluvium,22.3,57.7,84.7,64.1,30.2,0,n/a,0,low
SYN_E_00205,SYNTHETIC_NER,2024-09-01,Mizoram,unspecified,29.17336,96.43297,407.2,41.37,101.9,grassland,colluvium,17.3,54.3,88.1,63.8,37.2,1,soil slide,0,low
SYN_E_00733,SYNTHETIC_NER,2025-05-09,Sikkim,unspecified,24.14724,93.10398,3237.8,18.96,23.2,forest,residual_soil,35.3,112.7,201.9,141.8,36.0,1,mudslide,0,low
SYN_E_01176,SYNTHETIC_NER,2023-07-03,Mizoram,unspecified,28.49417,93.40329,1368.2,46.19,144.5,grassland,residual_soil,30.6,84.4,161.9,112.4,36.6,1,debris flow,0,low
SYN_E_00526,SYNTHETIC_NER,2025-08-18,Arunachal Pradesh,unspecified,21.59549,97.36749,560.9,40.31,215.4,cropland,unknown,77.9,154.0,250.2,186.9,51.6,1,mudslide,0,low
SYN_N_01621,SYNTHETIC_NER,2025-05-26,Arunachal Pradesh,unspecified,24.90691,89.37775,2299.4,16.8,177.4,bare,residual_soil,15.9,35.7,59.8,43.8,19.0,0,n/a,0,low
SYN_N_00938,SYNTHETIC_NER,2019-08-03,Meghalaya,unspecified,27.09255,94.77072,1655.7,26.92,344.6,forest,colluvium,36.3,112.1,184.6,133.2,26.7,0,n/a,0,low
SYN_E_00898,SYNTHETIC_NER,2015-08-10,Assam,unspecified,28.5393,93.91433,189.1,45.03,280.5,cropland,colluvium,27.9,82.4,156.9,108.8,33.7,1,soil slide,1,low
SYN_E_00377,SYNTHETIC_NER,2018-06-09,Tripura,unspecified,21.87986,88.35009,287.6,30.09,141.4,bare,weathered_rock,47.4,115.6,192.2,140.2,42.5,1,rock slide,0,low
SYN_N_01325,SYNTHETIC_NER,2020-09-15,Meghalaya,unspecified,22.57662,90.65063,1061.7,20.41,200.4,grassland,residual_soil,15.9,40.7,72.7,51.7,31.9,0,n/a,0,low
SYN_N_00359,SYNTHETIC_NER,2016-07-25,Mizoram,unspecified,25.81113,92.35575,570.7,25.0,97.4,forest,colluvium,28.1,86.2,182.9,122.9,24.8,0,n/a,0,low
SYN_N_01773,SYNTHETIC_NER,2025-08-10,Arunachal Pradesh,unspecified,24.88312,96.01782,4863.8,28.12,104.6,forest,residual_soil,17.1,43.0,87.2,59.9,22.1,0,n/a,0,low
SYN_N_02013,SYNTHETIC_NER,2022-08-11,Sikkim,unspecified,24.77435,95.82242,4275.8,25.65,151.4,bare,colluvium,17.6,38.3,80.4,55.2,20.0,0,n/a,0,low
SYN_E_00348,SYNTHETIC_NER,2018-07-18,Meghalaya,unspecified,24.89492,95.48669,1150.3,34.54,60.5,forest,residual_soil,98.4,249.5,538.9,364.0,33.3,1,soil slide,0,low
SYN_E_00386,SYNTHETIC_NER,2018-09-22,Assam,unspecified,24.89645,96.6292,475.3,28.04,181.0,bare,colluvium,41.9,103.6,167.8,123.3,39.3,1,debris flow,0,low
SYN_E_00198,SYNTHETIC_NER,2020-08-22,Mizoram,unspecified,21.66295,92.77894,412.8,49.39,308.1,grassland,weathered_rock,40.5,101.8,184.0,130.6,36.7,1,soil slide,0,low
SYN_N_02318,SYNTHETIC_NER,2019-02-01,Meghalaya,unspecified,23.71335,93.13215,457.5,8.92,278.0,grassland,residual_soil,52.2,104.6,203.6,143.6,11.2,0,n/a,0,low
SYN_N_00509,SYNTHETIC_NER,2017-08-02,Manipur,unspecified,22.94339,88.60025,2181.8,25.99,293.6,forest,unknown,13.9,40.3,58.0,43.9,19.0,0,n/a,0,low
SYN_E_01050,SYNTHETIC_NER,2017-06-10,Nagaland,unspecified,27.32476,94.12273,1090.3,33.48,261.4,forest,weathered_rock,43.9,92.4,203.1,138.0,38.8,1,mudslide,0,low
SYN_E_00590,SYNTHETIC_NER,2016-07-18,Sikkim,unspecified,25.903,94.4255,2743.8,35.71,27.8,built-up,residual_soil,27.4,75.1,159.2,107.6,15.0,1,debris flow,1,low
SYN_E_00519,SYNTHETIC_NER,2017-07-15,Nagaland,unspecified,23.53268,94.63282,963.7,36.16,129.7,forest,residual_soil,39.3,91.6,130.9,100.8,53.0,1,soil slide,0,low
SYN_N_01226,SYNTHETIC_NER,2021-08-19,Manipur,unspecified,27.50414,92.22289,1099.9,41.75,285.0,bare,colluvium,12.0,36.9,67.2,47.0,9.3,0,n/a,0,low
SYN_N_00428,SYNTHETIC_NER,2018-09-23,Nagaland,unspecified,23.50088,89.61664,762.0,17.64,96.7,forest,weathered_rock,15.5,34.7,49.3,38.2,19.2,0,n/a,0,low
SYN_N_01709,SYNTHETIC_NER,2015-09-16,Meghalaya,unspecified,28.61562,95.28776,1732.9,19.08,320.1,forest,colluvium,19.0,54.1,96.1,68.1,22.4,0,n/a,0,low
SYN_N_01247,SYNTHETIC_NER,2024-06-08,Meghalaya,unspecified,29.21611,88.32934,632.3,20.85,68.9,forest,weathered_rock,25.6,58.8,93.8,69.7,15.7,0,n/a,0,low
SYN_E_00429,SYNTHETIC_NER,2025-07-01,Tripura,unspecified,22.08489,91.71706,644.9,13.72,18.8,forest,residual_soil,39.1,79.6,121.3,92.4,32.9,1,mudslide,0,low
SYN_E_01083,SYNTHETIC_NER,2021-02-14,Nagaland,unspecified,23.42525,95.77921,952.0,41.34,79.2,grassland,residual_soil,57.3,107.0,186.7,136.9,33.6,1,debris flow,0,low
SYN_N_01217,SYNTHETIC_NER,2024-09-19,Manipur,unspecified,29.14394,95.6882,1563.5,19.62,79.0,forest,weathered_rock,9.7,17.8,32.6,23.6,12.1,0,n/a,0,low
SYN_N_01820,SYNTHETIC_NER,2022-07-07,Mizoram,unspecified,23.17461,90.50442,1858.4,10.03,28.7,bare,colluvium,23.3,61.7,132.1,89.3,21.8,0,n/a,0,low
SYN_E_00207,SYNTHETIC_NER,2021-10-25,Arunachal Pradesh,unspecified,24.7237,92.22594,4558.0,39.75,212.1,cropland,colluvium,21.9,57.6,118.0,80.6,22.1,1,mudslide,0,low
SYN_E_00491,SYNTHETIC_NER,2024-08-09,Sikkim,unspecified,27.31508,94.51762,3262.2,26.85,111.8,built-up,colluvium,29.0,72.9,122.3,88.8,46.7,1,debris flow,0,low
SYN_N_00747,SYNTHETIC_NER,2018-06-23,Nagaland,unspecified,25.65831,88.81188,267.0,26.03,274.2,cropland,colluvium,11.6,32.0,45.6,34.7,35.0,0,n/a,0,low
SYN_N_00609,SYNTHETIC_NER,2022-06-16,Assam,unspecified,22.29302,92.91871,285.2,33.94,55.6,forest,colluvium,19.0,51.9,86.3,62.5,27.8,0,n/a,0,low
SYN_N_00834,SYNTHETIC_NER,2017-10-10,Arunachal Pradesh,unspecified,28.26306,95.17699,4814.1,24.62,18.8,grassland,residual_soil,8.5,26.1,39.2,29.2,25.1,0,n/a,0,low
SYN_N_02291,SYNTHETIC_NER,2025-09-16,Sikkim,unspecified,26.54503,92.72745,4972.5,28.85,253.4,forest,colluvium,11.3,23.8,40.5,29.7,17.3,0,n/a,0,low
SYN_E_00792,SYNTHETIC_NER,2025-08-15,Tripura,unspecified,26.39791,89.55503,200.2,32.0,267.0,cropland,residual_soil,33.7,71.3,141.1,98.7,43.0,1,soil slide,0,low
SYN_N_01780,SYNTHETIC_NER,2020-07-19,Manipur,unspecified,22.83445,91.52089,2198.5,34.8,207.4,forest,residual_soil,7.2,19.6,42.6,28.6,16.8,0,n/a,0,low
SYN_N_01330,SYNTHETIC_NER,2018-08-07,Nagaland,unspecified,28.62895,90.75339,3504.6,30.38,23.0,forest,weathered_rock,17.8,46.0,77.3,56.0,18.5,0,n/a,0,low
SYN_E_01186,SYNTHETIC_NER,2016-08-26,Meghalaya,unspecified,25.66718,95.4936,208.1,29.08,226.6,cropland,unknown,57.0,141.0,301.6,204.5,30.7,1,mudslide,2,low
SYN_E_01185,SYNTHETIC_NER,2024-08-13,Mizoram,unspecified,28.29857,97.06723,924.9,37.4,245.6,forest,colluvium,41.5,88.7,125.0,97.4,42.8,1,mudslide,1,low
SYN_N_00350,SYNTHETIC_NER,2017-09-06,Mizoram,unspecified,23.81323,94.47485,943.9,14.63,277.4,bare,unknown,11.2,23.4,44.2,31.4,28.9,0,n/a,0,low
SYN_N_01917,SYNTHETIC_NER,2019-09-23,Tripura,unspecified,22.62779,90.69101,733.5,27.68,192.6,forest,colluvium,9.5,30.4,57.2,39.6,19.5,0,n/a,0,low
SYN_N_00715,SYNTHETIC_NER,2025-09-02,Sikkim,unspecified,24.20154,93.94178,1223.7,35.59,195.5,bare,weathered_rock,16.5,36.6,74.6,51.6,6.8,0,n/a,0,low
SYN_N_01684,SYNTHETIC_NER,2020-04-25,Tripura,unspecified,24.95043,91.26326,824.2,15.03,62.0,grassland,colluvium,22.8,67.1,106.2,77.8,21.1,0,n/a,0,low
SYN_N_02184,SYNTHETIC_NER,2024-09-21,Manipur,unspecified,25.2676,88.40071,2168.5,29.57,289.9,forest,colluvium,7.6,20.4,32.2,23.7,24.6,0,n/a,0,low
SYN_N_00330,SYNTHETIC_NER,2023-06-03,Sikkim,unspecified,21.74502,95.30727,1540.9,16.5,225.1,forest,unknown,5.7,15.6,25.5,18.6,26.2,0,n/a,0,low
SYN_N_00210,SYNTHETIC_NER,2025-06-15,Assam,unspecified,25.76339,90.7423,419.0,16.83,278.5,cropland,colluvium,3.5,7.2,15.0,10.3,29.1,0,n/a,0,low
SYN_N_00276,SYNTHETIC_NER,2015-07-12,Arunachal Pradesh,unspecified,23.85056,96.50772,2247.1,41.59,269.0,cropland,residual_soil,35.6,65.2,98.2,75.8,20.4,0,n/a,0,low
SYN_N_01658,SYNTHETIC_NER,2022-07-01,Meghalaya,unspecified,24.394,91.5729,1171.4,27.58,334.7,cropland,weathered_rock,25.5,81.5,166.4,112.7,35.3,0,n/a,0,low
SYN_N_00597,SYNTHETIC_NER,2015-08-04,Mizoram,unspecified,27.44032,97.20966,777.2,21.83,72.2,forest,weathered_rock,15.1,37.5,72.6,50.6,30.3,0,n/a,0,low
SYN_E_00083,SYNTHETIC_NER,2019-04-05,Sikkim,unspecified,22.99187,90.86331,1516.5,37.96,11.2,forest,residual_soil,56.3,143.2,312.3,210.4,34.3,1,debris flow,0,low
SYN_N_01633,SYNTHETIC_NER,2017-08-16,Mizoram,unspecified,26.86484,95.0926,1314.5,40.21,205.1,forest,residual_soil,24.9,73.2,149.1,101.5,39.3,0,n/a,0,low
SYN_N_01469,SYNTHETIC_NER,2023-09-12,Manipur,unspecified,27.59784,93.73199,1266.6,20.18,20.1,forest,unknown,7.4,15.9,28.9,20.7,25.9,0,n/a,0,low
SYN_E_00020,SYNTHETIC_NER,2018-09-12,Nagaland,unspecified,25.93533,89.97331,1966.2,34.04,91.1,forest,residual_soil,53.5,167.7,256.7,189.3,39.7,1,debris flow,0,low
SYN_N_01175,SYNTHETIC_NER,2017-07-14,Mizoram,unspecified,22.12134,91.16359,1259.3,19.57,277.0,bare,residual_soil,26.9,76.4,165.1,110.8,25.4,0,n/a,0,low
SYN_N_00427,SYNTHETIC_NER,2024-09-15,Sikkim,unspecified,24.15834,95.98554,3260.5,36.86,146.2,cropland,colluvium,9.3,28.8,45.7,33.3,12.3,0,n/a,0,low
SYN_N_00929,SYNTHETIC_NER,2022-06-03,Meghalaya,unspecified,27.51297,92.96732,1065.6,15.88,0.7,cropland,residual_soil,0.0,0.0,0.0,0.0,9.9,0,n/a,0,low
SYN_N_01432,SYNTHETIC_NER,2019-08-24,Meghalaya,unspecified,23.59388,94.46559,1177.8,37.43,100.2,grassland,weathered_rock,51.4,107.9,157.1,121.2,33.2,0,n/a,0,low
SYN_N_00205,SYNTHETIC_NER,2024-08-12,Meghalaya,unspecified,29.31998,92.68332,1124.5,22.61,89.8,forest,unknown,38.0,103.0,200.2,138.6,24.5,0,n/a,0,low
SYN_N_02378,SYNTHETIC_NER,2022-01-16,Meghalaya,unspecified,27.8263,94.4659,606.4,17.06,186.1,grassland,weathered_rock,90.7,215.2,386.5,276.0,31.1,0,n/a,0,low
SYN_N_00530,SYNTHETIC_NER,2020-11-20,Meghalaya,unspecified,24.21917,91.0202,1831.4,30.59,269.5,bare,colluvium,54.3,130.1,246.8,173.3,34.0,0,n/a,0,low
SYN_N_00362,SYNTHETIC_NER,2019-08-16,Assam,unspecified,29.2854,96.95045,67.8,17.93,333.7,cropland,colluvium,22.0,53.2,90.4,65.6,18.9,0,n/a,0,low
SYN_N_02387,SYNTHETIC_NER,2017-07-12,Sikkim,unspecified,27.63094,95.31967,1089.2,14.8,183.9,grassland,residual_soil,32.6,76.7,121.0,90.0,26.0,0,n/a,0,low
SYN_N_02026,SYNTHETIC_NER,2022-07-27,Assam,unspecified,25.28342,94.62294,142.4,21.6,22.9,cropland,unknown,11.7,27.2,46.7,33.9,21.6,0,n/a,0,low
SYN_N_01190,SYNTHETIC_NER,2023-06-12,Manipur,unspecified,27.00054,93.82883,1565.5,12.17,357.4,forest,residual_soil,12.2,27.6,44.4,32.9,14.0,0,n/a,0,low
SYN_E_00973,SYNTHETIC_NER,2017-07-04,Manipur,unspecified,29.42405,90.17916,2531.3,34.22,241.4,bare,weathered_rock,32.4,62.4,109.3,79.9,52.0,1,soil slide,0,low
SYN_N_00510,SYNTHETIC_NER,2022-09-01,Meghalaya,unspecified,26.42497,92.72756,1787.2,39.28,86.1,built-up,residual_soil,49.7,89.7,144.8,109.2,12.8,0,n/a,0,low
SYN_N_02146,SYNTHETIC_NER,2019-08-17,Tripura,unspecified,27.07865,94.37929,488.3,23.5,24.2,forest,weathered_rock,13.4,41.9,91.7,61.1,32.2,0,n/a,0,low
SYN_N_01926,SYNTHETIC_NER,2020-07-24,Assam,unspecified,26.01246,94.87711,484.5,22.26,201.9,forest,weathered_rock,29.9,60.4,103.9,76.0,26.8,0,n/a,0,low
SYN_E_00883,SYNTHETIC_NER,2018-07-04,Meghalaya,unspecified,29.49078,91.51788,330.9,33.39,7.2,forest,residual_soil,126.0,303.3,624.6,428.5,37.5,1,mudslide,0,low
SYN_E_01098,SYNTHETIC_NER,2015-09-26,Assam,unspecified,23.91215,95.07105,351.3,29.06,50.2,grassland,weathered_rock,41.3,113.3,231.4,157.9,36.4,1,debris flow,0,low
SYN_E_00156,SYNTHETIC_NER,2020-08-25,Meghalaya,unspecified,23.12142,94.50985,1063.0,40.58,197.6,bare,colluvium,154.8,478.6,883.2,616.1,36.6,1,debris flow,0,low
SYN_N_01530,SYNTHETIC_NER,2017-04-24,Mizoram,unspecified,22.53249,94.83504,1487.1,20.33,58.4,cropland,residual_soil,19.7,52.6,95.0,67.2,10.9,0,n/a,0,low
SYN_E_00886,SYNTHETIC_NER,2017-01-02,Assam,unspecified,28.03483,93.30101,545.8,33.5,176.6,forest,residual_soil,32.0,97.9,158.8,115.2,41.2,1,mudslide,0,low
SYN_N_02396,SYNTHETIC_NER,2019-06-01,Sikkim,unspecified,23.64509,88.55759,4449.7,15.82,133.9,forest,residual_soil,41.1,130.8,286.1,190.5,30.4,0,n/a,0,low
SYN_N_00979,SYNTHETIC_NER,2015-08-15,Manipur,unspecified,21.83492,97.10478,2565.7,30.39,200.2,forest,residual_soil,20.8,60.1,116.4,80.4,18.6,0,n/a,0,low
SYN_N_00312,SYNTHETIC_NER,2023-07-05,Tripura,unspecified,26.63834,92.68953,561.8,30.72,92.4,cropland,weathered_rock,27.4,55.0,115.3,79.6,27.4,0,n/a,0,low
SYN_N_01763,SYNTHETIC_NER,2023-05-03,Tripura,unspecified,23.46621,88.47811,408.3,17.46,39.5,forest,weathered_rock,18.6,34.5,52.9,40.5,34.0,0,n/a,0,low
SYN_N_02031,SYNTHETIC_NER,2022-07-18,Assam,unspecified,27.74114,89.51444,529.2,7.28,332.9,bare,residual_soil,14.4,35.5,57.9,42.5,21.7,0,n/a,0,low
SYN_N_01832,SYNTHETIC_NER,2015-07-12,Sikkim,unspecified,23.62393,95.58645,596.0,25.1,358.2,cropland,residual_soil,14.7,46.1,70.8,52.2,31.9,0,n/a,0,low
SYN_N_01414,SYNTHETIC_NER,2016-07-20,Manipur,unspecified,28.18691,95.53541,2318.6,16.22,18.5,forest,weathered_rock,10.9,22.7,42.6,30.3,46.3,0,n/a,0,low
SYN_E_00737,SYNTHETIC_NER,2021-09-14,Mizoram,unspecified,22.84829,93.47823,1400.1,51.01,223.5,cropland,weathered_rock,43.7,131.3,230.2,163.2,51.7,1,debris flow,0,low
SYN_N_00253,SYNTHETIC_NER,2018-06-09,Assam,unspecified,27.41274,89.83908,499.4,2.0,314.7,forest,weathered_rock,15.0,32.7,57.0,41.3,23.6,0,n/a,0,low
SYN_N_00305,SYNTHETIC_NER,2017-09-07,Sikkim,unspecified,22.88392,95.1719,2641.7,48.99,108.8,forest,colluvium,9.7,19.6,30.4,23.0,8.1,0,n/a,0,low
SYN_N_01825,SYNTHETIC_NER,2021-06-04,Assam,unspecified,26.37591,94.18398,400.5,13.59,70.0,forest,residual_soil,9.3,16.8,27.9,20.9,22.8,0,n/a,0,low
SYN_N_01975,SYNTHETIC_NER,2023-06-04,Meghalaya,unspecified,22.06775,93.83054,1899.9,13.42,135.4,bare,unknown,29.1,91.6,144.3,105.4,30.9,0,n/a,0,low
SYN_E_00458,SYNTHETIC_NER,2016-07-05,Sikkim,unspecified,24.68836,92.0039,945.3,40.6,287.3,built-up,colluvium,29.8,64.8,125.3,88.1,39.7,1,debris flow,0,low
SYN_N_02338,SYNTHETIC_NER,2024-09-02,Mizoram,unspecified,27.08673,92.88685,2110.3,10.51,249.7,built-up,unknown,23.8,72.5,103.8,78.4,17.0,0,n/a,0,low
SYN_N_00751,SYNTHETIC_NER,2017-06-12,Arunachal Pradesh,unspecified,27.5297,93.40719,2666.9,4.95,66.4,grassland,weathered_rock,19.1,52.7,104.8,72.0,15.7,0,n/a,0,low
SYN_E_00078,SYNTHETIC_NER,2023-06-23,Nagaland,unspecified,22.70479,88.83982,974.9,28.39,242.7,forest,residual_soil,51.9,143.7,314.6,210.8,54.0,1,mudslide,0,low
SYN_N_02293,SYNTHETIC_NER,2018-09-09,Tripura,unspecified,26.70157,96.27961,399.9,22.19,302.5,bare,colluvium,7.1,18.3,31.3,22.6,27.3,0,n/a,0,low
SYN_N_01296,SYNTHETIC_NER,2020-08-11,Assam,unspecified,26.86534,94.20702,266.2,24.78,295.7,forest,colluvium,25.8,71.9,105.4,79.4,24.6,0,n/a,0,low
SYN_E_01056,SYNTHETIC_NER,2022-08-11,Manipur,unspecified,27.5977,94.10363,957.9,48.57,221.3,forest,residual_soil,45.3,83.9,175.3,121.9,36.1,1,debris flow,0,low
SYN_E_00906,SYNTHETIC_NER,2023-07-10,Manipur,unspecified,28.31013,96.4962,1944.6,29.36,273.3,forest,residual_soil,22.6,57.2,101.2,72.3,33.4,1,rock slide,1,low
SYN_N_00962,SYNTHETIC_NER,2018-10-16,Arunachal Pradesh,unspecified,25.4631,96.45324,1520.9,34.74,241.6,forest,weathered_rock,5.4,15.1,23.8,17.5,17.2,0,n/a,0,low
SYN_N_01457,SYNTHETIC_NER,2017-07-04,Tripura,unspecified,24.87455,94.55375,922.2,28.24,93.9,forest,colluvium,21.1,42.1,74.1,53.9,33.5,0,n/a,0,low
SYN_N_02029,SYNTHETIC_NER,2015-08-04,Arunachal Pradesh,unspecified,22.0646,89.15054,1454.6,21.92,306.9,built-up,colluvium,11.9,37.9,58.4,42.9,12.9,0,n/a,0,low
SYN_E_00380,SYNTHETIC_NER,2024-09-05,Assam,unspecified,28.08233,93.20947,499.3,30.3,52.5,forest,unknown,48.1,143.1,261.7,183.4,44.8,1,soil slide,0,low
SYN_E_00947,SYNTHETIC_NER,2020-06-07,Meghalaya,unspecified,25.57662,90.4869,1242.1,33.93,331.7,grassland,residual_soil,202.1,584.0,851.6,641.4,46.9,1,soil slide,0,low
SYN_N_02123,SYNTHETIC_NER,2024-06-27,Manipur,unspecified,23.7185,92.29844,1996.7,17.95,87.4,bare,residual_soil,20.8,64.3,99.2,73.1,33.3,0,n/a,0,low
SYN_N_01209,SYNTHETIC_NER,2025-07-25,Assam,unspecified,28.55181,88.37164,579.4,17.62,158.9,grassland,residual_soil,4.2,9.0,15.7,11.4,40.3,0,n/a,0,low
SYN_N_01660,SYNTHETIC_NER,2022-02-01,Meghalaya,unspecified,25.5349,93.45032,1069.1,39.2,154.2,grassland,residual_soil,110.2,245.5,479.9,335.6,23.8,0,n/a,0,low
SYN_E_00715,SYNTHETIC_NER,2024-06-24,Sikkim,unspecified,22.17634,91.98091,3189.1,49.83,33.0,forest,residual_soil,73.1,188.4,295.9,219.1,44.2,1,rock slide,0,low
SYN_N_01198,SYNTHETIC_NER,2023-06-20,Manipur,unspecified,24.1214,89.26422,2780.4,43.51,127.4,bare,colluvium,13.1,33.8,69.0,47.3,15.0,0,n/a,0,low
SYN_E_00686,SYNTHETIC_NER,2016-08-14,Manipur,unspecified,25.50937,97.46708,2347.5,35.27,204.0,forest,unknown,18.0,56.0,91.3,66.0,29.0,1,debris flow,0,low
SYN_N_01871,SYNTHETIC_NER,2015-06-17,Meghalaya,unspecified,22.39353,90.83511,729.9,26.27,174.3,forest,residual_soil,65.6,148.1,239.6,177.4,21.2,0,n/a,0,low
SYN_N_00093,SYNTHETIC_NER,2019-06-22,Sikkim,unspecified,26.63957,91.10302,2178.4,13.26,342.5,forest,weathered_rock,10.7,32.7,52.3,38.1,18.3,0,n/a,0,low
SYN_E_00305,SYNTHETIC_NER,2016-06-08,Meghalaya,unspecified,23.26081,92.04573,462.9,32.24,163.2,forest,weathered_rock,140.7,432.9,704.6,510.3,36.7,1,soil slide,0,low
SYN_E_00209,SYNTHETIC_NER,2017-07-23,Sikkim,unspecified,22.31415,96.92734,2888.9,36.93,24.3,forest,weathered_rock,50.7,151.0,322.6,216.7,42.8,1,debris flow,0,low
SYN_E_01143,SYNTHETIC_NER,2020-09-23,Sikkim,unspecified,25.37708,95.53684,607.3,34.06,359.0,grassland,weathered_rock,88.5,171.2,323.0,230.6,37.7,1,soil slide,0,low
SYN_N_01464,SYNTHETIC_NER,2019-08-21,Tripura,unspecified,25.63115,93.61815,873.8,33.14,359.0,grassland,residual_soil,16.3,42.3,91.9,61.9,17.5,0,n/a,0,low
SYN_N_02367,SYNTHETIC_NER,2019-08-11,Tripura,unspecified,23.91796,94.91418,749.8,23.93,10.9,cropland,colluvium,12.9,27.1,47.2,34.3,29.1,0,n/a,0,low
SYN_N_02329,SYNTHETIC_NER,2020-09-11,Meghalaya,unspecified,22.33682,96.38178,1726.1,21.02,193.6,forest,weathered_rock,44.2,91.2,193.0,132.7,38.3,0,n/a,0,low
SYN_E_00885,SYNTHETIC_NER,2018-06-12,Tripura,unspecified,22.18622,92.36727,624.5,31.72,126.5,forest,residual_soil,26.2,59.2,123.5,84.8,36.1,1,soil slide,0,low
SYN_N_00729,SYNTHETIC_NER,2024-09-03,Meghalaya,unspecified,21.87677,88.14168,1206.8,39.78,181.5,bare,residual_soil,34.2,106.9,201.6,139.7,9.9,0,n/a,0,low
SYN_N_01002,SYNTHETIC_NER,2018-07-15,Sikkim,unspecified,29.15835,90.23276,2188.6,17.27,75.8,cropland,colluvium,24.6,66.2,140.6,95.1,37.3,0,n/a,0,low
SYN_E_00917,SYNTHETIC_NER,2019-11-09,Sikkim,unspecified,28.28602,94.00748,4716.8,27.31,51.2,forest,colluvium,64.3,190.0,415.2,277.4,42.2,1,debris flow,0,low
SYN_N_02202,SYNTHETIC_NER,2025-08-05,Tripura,unspecified,22.61102,92.22057,904.0,24.54,245.4,forest,residual_soil,6.4,20.0,40.8,27.7,10.4,0,n/a,0,low
SYN_N_01022,SYNTHETIC_NER,2018-09-22,Sikkim,unspecified,24.26003,96.00554,4513.1,26.13,235.6,forest,colluvium,21.5,57.6,115.9,79.5,14.4,0,n/a,0,low
SYN_E_00191,SYNTHETIC_NER,2017-03-12,Tripura,unspecified,26.39779,90.50597,688.8,30.67,62.1,bare,residual_soil,14.4,29.1,44.5,33.9,29.2,1,soil slide,0,low
SYN_N_01076,SYNTHETIC_NER,2025-07-20,Sikkim,unspecified,27.92423,97.28843,1200.2,14.62,137.2,forest,weathered_rock,11.5,36.3,72.4,49.4,7.0,0,n/a,0,low
SYN_N_02210,SYNTHETIC_NER,2025-09-24,Nagaland,unspecified,24.92089,92.06016,506.6,27.95,76.8,forest,colluvium,14.7,41.3,82.1,56.4,24.0,0,n/a,0,low
SYN_N_00065,SYNTHETIC_NER,2020-08-21,Sikkim,unspecified,23.26001,90.25218,1043.6,8.98,201.7,bare,residual_soil,27.1,66.7,135.4,93.2,5.0,0,n/a,0,low
SYN_E_00483,SYNTHETIC_NER,2019-07-26,Sikkim,unspecified,22.37356,88.06044,437.2,22.51,267.8,built-up,unknown,81.5,190.1,286.7,216.7,41.9,1,debris flow,0,low
SYN_N_01508,SYNTHETIC_NER,2016-09-27,Tripura,unspecified,26.95324,94.08671,770.5,29.3,220.3,cropland,weathered_rock,18.7,41.1,85.3,58.7,32.3,0,n/a,0,low
SYN_E_00915,SYNTHETIC_NER,2019-09-13,Manipur,unspecified,21.51096,89.07595,2303.8,31.98,59.3,cropland,weathered_rock,27.5,59.8,90.4,68.6,48.1,1,mudslide,0,low
SYN_N_02376,SYNTHETIC_NER,2018-06-27,Assam,unspecified,25.01812,94.006,276.2,17.37,265.3,forest,colluvium,20.3,50.4,96.2,67.3,19.8,0,n/a,0,low
SYN_E_00277,SYNTHETIC_NER,2024-06-13,Sikkim,unspecified,26.35343,91.50921,4786.5,31.82,0.4,built-up,colluvium,38.0,108.3,177.4,128.8,44.2,1,soil slide,0,low
SYN_E_00988,SYNTHETIC_NER,2016-07-25,Meghalaya,unspecified,27.73945,89.35027,1529.3,40.42,323.3,forest,weathered_rock,68.6,146.1,283.2,199.1,40.0,1,soil slide,1,low
SYN_N_02219,SYNTHETIC_NER,2025-07-17,Sikkim,unspecified,21.51377,88.9561,1452.1,22.95,317.3,forest,unknown,19.8,63.3,90.7,68.3,36.6,0,n/a,0,low
SYN_N_00045,SYNTHETIC_NER,2020-09-09,Manipur,unspecified,23.85262,89.15118,1079.3,26.45,23.3,forest,residual_soil,11.2,35.5,75.3,50.6,25.0,0,n/a,0,low
SYN_N_01128,SYNTHETIC_NER,2018-08-04,Meghalaya,unspecified,25.61718,93.72068,1409.4,28.16,306.1,grassland,residual_soil,22.7,62.5,100.8,73.7,20.0,0,n/a,0,low
SYN_E_00571,SYNTHETIC_NER,2019-07-05,Manipur,unspecified,27.45315,92.6054,2461.7,38.69,167.4,cropland,residual_soil,10.3,31.2,55.6,39.2,49.4,1,mudslide,0,low
SYN_N_00235,SYNTHETIC_NER,2019-08-12,Nagaland,unspecified,24.67488,89.85312,1517.9,24.58,351.2,forest,residual_soil,11.1,32.8,57.1,40.6,18.4,0,n/a,0,low
SYN_N_01231,SYNTHETIC_NER,2020-06-27,Tripura,unspecified,23.74925,91.2066,536.6,31.74,180.1,bare,weathered_rock,16.3,36.4,63.9,46.1,27.4,0,n/a,0,low
SYN_E_00993,SYNTHETIC_NER,2023-09-10,Manipur,unspecified,23.71614,91.07063,1027.7,31.2,215.6,forest,residual_soil,22.8,54.2,86.6,64.1,45.7,1,debris flow,0,low
SYN_N_00831,SYNTHETIC_NER,2024-07-03,Nagaland,unspecified,27.05526,95.79275,1605.0,33.12,162.6,forest,colluvium,6.7,15.5,22.0,17.0,16.2,0,n/a,0,low
SYN_N_01921,SYNTHETIC_NER,2024-06-11,Manipur,unspecified,24.62839,89.20775,1487.3,43.32,136.0,cropland,residual_soil,4.2,13.1,28.7,19.1,20.9,0,n/a,0,low
SYN_E_00585,SYNTHETIC_NER,2024-08-26,Arunachal Pradesh,unspecified,25.74542,96.20023,1288.2,38.82,328.0,cropland,colluvium,78.1,169.3,371.8,252.3,42.0,1,mudslide,0,low
SYN_N_02326,SYNTHETIC_NER,2017-09-27,Tripura,unspecified,28.69621,92.1084,730.7,2.49,158.8,forest,residual_soil,5.9,14.8,23.0,17.1,10.0,0,n/a,0,low
SYN_E_00413,SYNTHETIC_NER,2016-07-12,Meghalaya,unspecified,22.78615,95.73425,1370.2,23.89,183.7,grassland,residual_soil,78.5,217.2,427.5,294.6,29.4,1,soil slide,0,low
SYN_N_02390,SYNTHETIC_NER,2016-11-10,Meghalaya,unspecified,26.42993,89.17177,1002.8,3.49,270.1,forest,colluvium,65.4,120.0,227.9,163.0,25.2,0,n/a,0,low
SYN_N_00149,SYNTHETIC_NER,2016-08-22,Mizoram,unspecified,25.21346,94.50346,935.6,24.49,119.9,forest,residual_soil,22.0,52.1,108.5,74.3,24.0,0,n/a,0,low
SYN_E_01007,SYNTHETIC_NER,2024-09-01,Nagaland,unspecified,24.78683,94.95873,1409.3,47.01,111.4,forest,colluvium,41.5,93.0,186.3,129.3,51.2,1,soil slide,0,low
SYN_E_00674,SYNTHETIC_NER,2019-09-13,Nagaland,unspecified,29.01759,93.5463,770.5,40.31,187.2,forest,residual_soil,46.9,134.8,251.7,175.7,48.4,1,debris flow,0,low
SYN_N_01044,SYNTHETIC_NER,2018-08-04,Sikkim,unspecified,28.81542,94.29469,2781.2,17.87,201.9,cropland,colluvium,14.3,43.7,70.0,51.0,30.2,0,n/a,0,low
SYN_E_00855,SYNTHETIC_NER,2025-09-17,Sikkim,unspecified,24.29546,90.47005,3129.7,44.02,289.9,forest,unknown,39.2,124.9,269.1,179.8,41.2,1,mudslide,2,low
SYN_E_00447,SYNTHETIC_NER,2017-07-12,Arunachal Pradesh,unspecified,25.14189,94.59593,1569.8,46.59,285.9,cropland,unknown,56.8,131.6,278.8,190.2,33.8,1,soil slide,0,low
SYN_N_01322,SYNTHETIC_NER,2019-12-27,Meghalaya,unspecified,26.34031,93.1331,1265.8,24.08,138.9,forest,unknown,89.7,221.8,440.6,304.8,5.0,0,n/a,0,low
SYN_E_00865,SYNTHETIC_NER,2022-10-07,Tripura,unspecified,25.47645,96.71754,196.5,22.32,299.1,forest,residual_soil,49.0,156.7,297.8,205.7,37.3,1,mudslide,0,low
SYN_N_01399,SYNTHETIC_NER,2017-07-25,Arunachal Pradesh,unspecified,24.7646,93.51202,4761.0,11.99,172.3,cropland,residual_soil,1.9,3.4,5.2,4.0,18.9,0,n/a,0,low
SYN_N_01511,SYNTHETIC_NER,2025-08-21,Manipur,unspecified,23.5137,93.0638,2188.4,30.6,340.7,forest,residual_soil,0.9,2.6,5.0,3.5,21.4,0,n/a,0,low
SYN_N_02004,SYNTHETIC_NER,2015-06-11,Tripura,unspecified,28.13589,94.99358,160.7,28.5,356.0,forest,residual_soil,0.1,0.4,0.6,0.4,18.7,0,n/a,0,low
SYN_N_01655,SYNTHETIC_NER,2016-07-24,Tripura,unspecified,25.88922,90.11643,652.3,24.81,38.5,cropland,colluvium,4.6,8.8,14.5,10.8,26.9,0,n/a,0,low
SYN_N_01057,SYNTHETIC_NER,2025-09-13,Manipur,unspecified,26.02005,91.54389,991.3,8.78,287.7,grassland,weathered_rock,19.0,55.4,87.5,64.2,17.4,0,n/a,0,low
SYN_N_00490,SYNTHETIC_NER,2022-09-23,Meghalaya,unspecified,29.17676,95.76698,1025.3,18.99,270.7,forest,colluvium,58.8,157.3,280.1,199.0,30.1,0,n/a,0,low
SYN_N_02000,SYNTHETIC_NER,2022-07-20,Assam,unspecified,26.83726,96.73058,340.3,2.67,276.9,cropland,weathered_rock,13.2,31.0,46.4,35.1,22.1,0,n/a,0,low
SYN_N_02058,SYNTHETIC_NER,2021-09-14,Arunachal Pradesh,unspecified,26.8943,89.95223,3375.4,19.15,192.3,forest,weathered_rock,16.1,38.8,55.2,42.4,24.6,0,n/a,0,low
SYN_N_00047,SYNTHETIC_NER,2019-07-08,Arunachal Pradesh,unspecified,25.06411,95.92292,640.9,4.7,190.3,cropland,colluvium,28.3,86.8,180.1,121.7,27.5,0,n/a,0,low
SYN_N_00785,SYNTHETIC_NER,2023-07-22,Manipur,unspecified,25.9253,96.34744,1734.4,30.93,249.1,forest,colluvium,20.1,56.5,121.1,81.5,23.0,0,n/a,0,low
SYN_E_00294,SYNTHETIC_NER,2015-09-13,Nagaland,unspecified,28.61358,96.94277,547.0,34.14,79.0,forest,weathered_rock,37.1,96.4,170.6,121.6,58.6,1,mudslide,0,low
SYN_N_00347,SYNTHETIC_NER,2020-07-24,Tripura,unspecified,25.30194,94.95492,550.4,18.68,86.3,cropland,weathered_rock,23.9,57.1,113.4,78.6,20.3,0,n/a,0,low
SYN_N_00812,SYNTHETIC_NER,2024-09-15,Mizoram,unspecified,26.71765,91.78642,2137.1,9.61,129.6,bare,residual_soil,19.9,41.0,88.9,60.7,24.1,0,n/a,0,low
SYN_E_00588,SYNTHETIC_NER,2017-08-21,Sikkim,unspecified,27.35414,93.60891,689.5,37.64,312.2,cropland,colluvium,43.8,98.0,215.5,145.9,18.5,1,soil slide,0,low
SYN_N_00541,SYNTHETIC_NER,2018-03-02,Nagaland,unspecified,22.04893,89.91837,3164.1,5.82,176.1,forest,colluvium,16.7,38.2,71.6,50.6,27.6,0,n/a,0,low
SYN_N_00081,SYNTHETIC_NER,2024-06-01,Mizoram,unspecified,26.64898,95.88375,1754.7,19.9,254.6,cropland,residual_soil,18.3,54.5,112.1,76.1,15.6,0,n/a,0,low
SYN_N_02015,SYNTHETIC_NER,2016-09-22,Assam,unspecified,22.89095,94.09852,440.6,5.44,138.9,forest,weathered_rock,16.3,40.8,81.0,56.0,9.5,0,n/a,0,low
SYN_N_01123,SYNTHETIC_NER,2019-09-04,Assam,unspecified,23.85305,89.24384,161.8,26.47,104.0,cropland,colluvium,11.8,25.2,47.5,33.7,22.3,0,n/a,0,low
SYN_N_00750,SYNTHETIC_NER,2022-08-02,Assam,unspecified,27.98475,95.88507,73.3,25.14,142.1,forest,weathered_rock,14.9,35.5,50.3,38.8,19.5,0,n/a,0,low
SYN_N_02295,SYNTHETIC_NER,2018-10-07,Tripura,unspecified,21.69732,89.73317,144.5,6.9,190.9,forest,weathered_rock,25.0,65.4,142.6,95.9,37.3,0,n/a,0,low
SYN_N_01898,SYNTHETIC_NER,2018-08-05,Tripura,unspecified,23.30689,90.80642,536.3,43.01,326.0,forest,residual_soil,26.3,80.8,151.6,105.3,15.7,0,n/a,0,low
SYN_N_01415,SYNTHETIC_NER,2025-07-20,Assam,unspecified,21.58252,90.85597,392.8,30.41,313.3,cropland,colluvium,11.9,33.9,49.0,37.0,13.5,0,n/a,0,low
SYN_N_00857,SYNTHETIC_NER,2017-07-10,Meghalaya,unspecified,22.87785,94.18865,1417.2,28.95,59.4,grassland,residual_soil,35.5,94.7,181.7,126.4,17.6,0,n/a,0,low
SYN_N_01732,SYNTHETIC_NER,2015-09-03,Meghalaya,unspecified,28.94642,90.01849,1800.3,2.0,60.1,forest,unknown,50.1,138.8,213.6,158.4,26.4,0,n/a,0,low
SYN_N_00217,SYNTHETIC_NER,2022-05-09,Sikkim,unspecified,23.36033,88.83997,2634.4,32.86,352.0,forest,residual_soil,0.0,0.0,0.0,0.0,11.9,0,n/a,0,low
SYN_E_00425,SYNTHETIC_NER,2019-08-05,Meghalaya,unspecified,28.64699,93.9423,1388.6,46.11,205.8,cropland,residual_soil,218.3,557.8,814.7,618.4,37.4,1,mudslide,0,low
SYN_E_01054,SYNTHETIC_NER,2022-06-13,Assam,unspecified,26.74229,96.83402,202.9,27.11,276.3,cropland,colluvium,33.6,100.6,175.0,124.4,46.9,1,mudslide,0,low
SYN_N_01795,SYNTHETIC_NER,2016-11-17,Meghalaya,unspecified,29.27232,92.35832,1498.8,11.96,175.8,forest,weathered_rock,0.0,0.0,0.0,0.0,25.4,0,n/a,0,low
SYN_E_00556,SYNTHETIC_NER,2020-07-01,Tripura,unspecified,22.87278,88.58451,725.6,37.09,235.2,cropland,unknown,48.8,115.8,247.2,168.1,32.1,1,mudslide,0,low
SYN_N_01989,SYNTHETIC_NER,2025-08-08,Arunachal Pradesh,unspecified,22.71162,92.70676,286.2,23.28,314.6,forest,residual_soil,26.4,53.7,111.5,77.2,8.9,0,n/a,0,low
SYN_N_01986,SYNTHETIC_NER,2021-07-11,Arunachal Pradesh,unspecified,28.11587,90.29048,247.2,7.02,336.6,built-up,residual_soil,29.0,59.2,108.5,77.8,27.3,0,n/a,0,low
SYN_N_01810,SYNTHETIC_NER,2023-05-22,Nagaland,unspecified,21.53428,95.70306,843.0,16.43,78.5,forest,colluvium,11.0,25.8,44.9,32.4,20.4,0,n/a,0,low
SYN_E_01193,SYNTHETIC_NER,2024-07-08,Tripura,unspecified,24.31728,95.50492,222.9,33.57,70.0,bare,colluvium,44.8,130.7,280.7,188.5,35.2,1,mudslide,0,low
SYN_N_00516,SYNTHETIC_NER,2023-08-26,Nagaland,unspecified,27.0562,96.54344,719.8,7.37,337.1,forest,weathered_rock,6.0,18.2,29.3,21.3,24.3,0,n/a,0,low
SYN_N_01251,SYNTHETIC_NER,2020-07-25,Assam,unspecified,24.81652,94.51038,501.9,4.52,18.9,forest,weathered_rock,19.1,38.9,57.8,44.4,20.0,0,n/a,0,low
SYN_N_02045,SYNTHETIC_NER,2017-09-07,Tripura,unspecified,22.59027,97.09366,59.3,21.79,346.4,forest,unknown,12.9,38.4,76.3,52.2,19.0,0,n/a,0,low
SYN_N_01723,SYNTHETIC_NER,2023-09-16,Tripura,unspecified,28.42306,91.93517,199.5,12.9,348.5,forest,residual_soil,12.9,33.9,74.3,49.9,24.4,0,n/a,0,low
SYN_N_00085,SYNTHETIC_NER,2023-06-06,Sikkim,unspecified,28.37105,89.17594,3633.1,29.06,121.1,grassland,unknown,25.4,69.4,140.1,95.9,23.1,0,n/a,0,low
SYN_N_01048,SYNTHETIC_NER,2017-08-04,Sikkim,unspecified,22.36314,94.53253,4231.2,23.82,65.9,grassland,residual_soil,18.6,56.2,97.1,69.1,24.3,0,n/a,0,low
SYN_N_01073,SYNTHETIC_NER,2016-03-24,Tripura,unspecified,22.83621,90.29938,687.9,30.08,301.7,forest,colluvium,12.7,32.3,64.9,44.7,13.4,0,n/a,0,low
SYN_N_01682,SYNTHETIC_NER,2015-08-25,Assam,unspecified,23.27843,96.66299,250.2,21.14,215.1,forest,weathered_rock,13.4,39.2,62.7,45.8,27.6,0,n/a,0,low
SYN_N_00689,SYNTHETIC_NER,2022-09-25,Tripura,unspecified,27.81188,93.04024,569.2,23.67,22.0,bare,colluvium,20.3,50.9,100.1,69.4,36.7,0,n/a,0,low
SYN_N_00391,SYNTHETIC_NER,2025-08-23,Nagaland,unspecified,28.76902,90.36173,1860.3,8.25,129.3,forest,residual_soil,14.7,45.7,66.3,49.8,28.1,0,n/a,0,low
SYN_N_02399,SYNTHETIC_NER,2017-08-10,Mizoram,unspecified,27.10551,91.67452,1659.1,32.36,91.6,cropland,residual_soil,8.7,21.0,31.2,23.6,19.3,0,n/a,0,low
SYN_N_01430,SYNTHETIC_NER,2019-06-19,Assam,unspecified,24.7701,88.58059,160.0,20.01,167.4,forest,residual_soil,10.0,26.4,42.8,31.3,22.0,0,n/a,0,low
SYN_N_01706,SYNTHETIC_NER,2022-07-16,Mizoram,unspecified,26.3116,92.88573,1947.3,35.53,324.9,forest,residual_soil,0.0,0.0,0.0,0.0,26.9,0,n/a,0,low
SYN_E_01137,SYNTHETIC_NER,2015-07-19,Mizoram,unspecified,23.33495,93.31663,354.7,31.36,144.2,bare,unknown,42.6,89.3,160.5,115.6,41.6,1,debris flow,0,low
SYN_N_01102,SYNTHETIC_NER,2016-10-08,Assam,unspecified,29.39241,89.97053,535.7,25.96,150.1,forest,colluvium,23.1,56.2,86.7,64.8,18.2,0,n/a,0,low
SYN_N_02183,SYNTHETIC_NER,2022-09-01,Arunachal Pradesh,unspecified,26.39726,96.8333,4950.1,15.12,330.9,grassland,residual_soil,19.1,46.9,70.8,53.3,32.6,0,n/a,0,low
SYN_N_02201,SYNTHETIC_NER,2016-06-18,Arunachal Pradesh,unspecified,22.86622,92.96346,4835.4,21.27,191.7,grassland,residual_soil,8.9,22.9,46.3,31.8,25.6,0,n/a,0,low
SYN_N_00511,SYNTHETIC_NER,2023-07-25,Nagaland,unspecified,26.09657,88.1475,617.2,25.97,35.0,forest,residual_soil,7.8,24.4,38.4,28.1,26.9,0,n/a,0,low
SYN_N_02168,SYNTHETIC_NER,2022-09-20,Arunachal Pradesh,unspecified,28.6418,91.10368,2775.4,14.02,293.1,forest,weathered_rock,24.2,56.5,92.2,67.9,29.7,0,n/a,0,low
SYN_E_00453,SYNTHETIC_NER,2022-07-14,Assam,unspecified,22.95828,89.20967,73.3,24.6,262.4,grassland,colluvium,60.2,137.9,301.7,204.3,40.4,1,soil slide,1,low
SYN_E_00913,SYNTHETIC_NER,2015-09-07,Arunachal Pradesh,unspecified,23.78686,93.06316,3473.7,40.1,94.0,cropland,weathered_rock,43.3,80.2,151.9,108.7,24.2,1,mudslide,0,low
SYN_N_01229,SYNTHETIC_NER,2017-06-10,Sikkim,unspecified,26.348,89.48233,4539.2,9.41,7.5,forest,residual_soil,17.0,47.7,80.7,58.0,6.1,0,n/a,0,low
SYN_E_01199,SYNTHETIC_NER,2018-08-24,Nagaland,unspecified,21.70596,90.15338,846.3,29.31,172.9,forest,unknown,35.7,72.6,106.5,82.2,35.1,1,debris flow,0,low
SYN_N_00074,SYNTHETIC_NER,2020-12-02,Assam,unspecified,24.17222,95.58033,514.8,14.49,147.6,cropland,colluvium,9.8,30.0,45.9,33.9,33.6,0,n/a,0,low
SYN_E_00037,SYNTHETIC_NER,2015-01-12,Sikkim,unspecified,22.86273,97.29702,4153.1,37.67,179.5,forest,unknown,35.4,92.2,188.6,129.1,38.7,1,soil slide,0,low
SYN_E_00974,SYNTHETIC_NER,2024-09-21,Meghalaya,unspecified,23.60437,96.33541,860.5,37.55,331.3,bare,colluvium,160.0,469.4,890.7,618.2,47.5,1,mudslide,1,low
SYN_E_00983,SYNTHETIC_NER,2020-08-19,Tripura,unspecified,21.56235,89.72749,497.9,37.85,128.4,built-up,residual_soil,30.8,78.6,145.4,102.4,40.8,1,rock slide,0,low
SYN_N_01211,SYNTHETIC_NER,2021-01-01,Manipur,unspecified,29.44104,97.03791,1809.0,28.61,266.0,cropland,residual_soil,0.0,0.0,0.0,0.0,34.9,0,n/a,0,low
SYN_N_00218,SYNTHETIC_NER,2020-08-10,Assam,unspecified,25.48905,88.98756,120.3,27.21,13.9,forest,weathered_rock,6.9,20.2,43.0,29.0,30.1,0,n/a,0,low
SYN_N_00360,SYNTHETIC_NER,2018-08-18,Mizoram,unspecified,21.82263,95.71786,1655.1,17.8,291.0,forest,weathered_rock,17.1,42.8,72.8,52.7,11.6,0,n/a,0,low
SYN_E_00039,SYNTHETIC_NER,2019-09-02,Tripura,unspecified,26.00138,95.17763,540.0,46.18,92.7,grassland,unknown,33.3,78.1,122.8,91.5,43.2,1,soil slide,1,low
SYN_N_00286,SYNTHETIC_NER,2023-06-16,Arunachal Pradesh,unspecified,29.31185,92.60621,1517.9,11.7,288.0,forest,weathered_rock,30.6,60.0,109.6,78.9,14.8,0,n/a,0,low
SYN_N_01098,SYNTHETIC_NER,2022-06-02,Mizoram,unspecified,28.74736,92.27319,1588.4,26.34,36.7,forest,residual_soil,31.1,84.1,144.3,103.6,12.7,0,n/a,0,low
SYN_E_00169,SYNTHETIC_NER,2022-09-10,Assam,unspecified,24.42403,89.51752,170.5,24.73,115.4,built-up,colluvium,35.2,93.1,182.1,126.1,35.3,1,soil slide,0,low
SYN_N_00155,SYNTHETIC_NER,2022-02-18,Meghalaya,unspecified,24.29982,91.89357,352.9,14.15,268.4,built-up,unknown,59.8,172.3,347.6,237.4,6.5,0,n/a,0,low
SYN_N_02358,SYNTHETIC_NER,2022-02-21,Tripura,unspecified,22.30651,89.41511,337.7,24.01,324.3,cropland,residual_soil,12.5,28.6,56.3,39.2,39.6,0,n/a,0,low
SYN_N_02047,SYNTHETIC_NER,2023-05-04,Arunachal Pradesh,unspecified,23.93176,93.7478,3366.7,34.78,101.8,grassland,residual_soil,36.6,66.1,130.1,92.2,19.2,0,n/a,0,low
SYN_N_01167,SYNTHETIC_NER,2018-06-12,Mizoram,unspecified,28.13428,96.18648,1703.1,18.37,329.0,forest,weathered_rock,23.9,49.8,106.8,73.1,31.3,0,n/a,0,low
SYN_N_01178,SYNTHETIC_NER,2015-09-19,Meghalaya,unspecified,22.37663,95.22836,1208.5,19.02,285.6,bare,residual_soil,24.2,76.5,166.6,111.1,10.9,0,n/a,0,low
SYN_N_00440,SYNTHETIC_NER,2019-06-20,Nagaland,unspecified,24.43707,95.37326,1423.2,31.86,264.9,cropland,residual_soil,0.0,0.0,0.0,0.0,18.7,0,n/a,0,low
SYN_N_00090,SYNTHETIC_NER,2018-06-14,Tripura,unspecified,27.3424,92.69496,83.8,32.71,144.6,forest,residual_soil,10.8,29.6,57.2,39.7,16.6,0,n/a,0,low
SYN_N_00180,SYNTHETIC_NER,2015-07-25,Manipur,unspecified,25.0178,96.3466,2643.5,15.76,186.0,forest,colluvium,17.7,50.8,96.9,67.2,32.0,0,n/a,0,low
SYN_N_00733,SYNTHETIC_NER,2020-07-25,Mizoram,unspecified,29.19918,89.50678,1322.3,34.23,37.9,forest,residual_soil,0.0,0.0,0.0,0.0,16.4,0,n/a,0,low
SYN_E_00579,SYNTHETIC_NER,2021-06-17,Assam,unspecified,24.45032,90.80862,561.1,29.9,65.6,cropland,unknown,26.9,72.9,144.0,99.2,36.0,1,soil slide,0,low
SYN_N_00830,SYNTHETIC_NER,2021-06-12,Tripura,unspecified,25.78215,94.90492,384.9,24.44,220.2,grassland,colluvium,21.8,46.8,99.5,68.1,23.1,0,n/a,0,low
SYN_E_00892,SYNTHETIC_NER,2022-07-23,Nagaland,unspecified,23.20555,93.21359,3056.9,33.18,41.5,forest,residual_soil,56.1,163.2,265.4,192.8,34.0,1,mudslide,1,low
SYN_E_00780,SYNTHETIC_NER,2019-08-21,Arunachal Pradesh,unspecified,26.56629,93.24842,4475.9,34.15,218.7,cropland,residual_soil,82.1,259.0,496.4,342.3,47.9,1,soil slide,0,low
SYN_E_00159,SYNTHETIC_NER,2015-06-21,Sikkim,unspecified,23.61227,89.78466,2920.7,30.33,14.6,forest,weathered_rock,58.0,105.1,197.2,141.7,35.7,1,soil slide,0,low
SYN_E_00002,SYNTHETIC_NER,2023-01-24,Tripura,unspecified,21.536,92.88898,651.3,39.0,243.8,forest,colluvium,23.1,61.8,128.9,87.6,34.7,1,soil slide,0,low
SYN_E_00849,SYNTHETIC_NER,2025-09-25,Nagaland,unspecified,26.37686,88.73273,3214.5,19.09,64.7,cropland,colluvium,45.1,115.1,231.0,159.1,34.9,1,soil slide,1,low
SYN_N_00964,SYNTHETIC_NER,2016-07-17,Sikkim,unspecified,25.34151,93.73845,4528.0,24.01,72.4,forest,residual_soil,21.6,64.4,90.6,69.0,17.9,0,n/a,0,low
SYN_N_00396,SYNTHETIC_NER,2019-07-19,Meghalaya,unspecified,22.84603,94.10777,1772.7,16.15,322.1,forest,residual_soil,19.6,40.4,68.3,50.2,20.3,0,n/a,0,low
SYN_N_00576,SYNTHETIC_NER,2017-09-14,Sikkim,unspecified,26.39541,88.80308,1539.1,12.7,44.8,built-up,residual_soil,41.5,81.1,158.9,112.1,20.7,0,n/a,0,low
SYN_N_00713,SYNTHETIC_NER,2024-07-08,Assam,unspecified,21.61061,93.95023,103.2,11.97,9.3,bare,residual_soil,14.1,42.3,71.0,51.0,12.9,0,n/a,0,low
SYN_E_01043,SYNTHETIC_NER,2021-08-27,Mizoram,unspecified,26.53617,91.695,2027.5,21.81,283.3,forest,weathered_rock,53.1,135.2,221.8,162.1,41.4,1,rock slide,0,low
SYN_N_00344,SYNTHETIC_NER,2021-09-09,Sikkim,unspecified,23.14403,88.98144,1271.6,29.73,44.6,bare,unknown,13.5,43.0,72.6,51.9,22.6,0,n/a,0,low
SYN_N_01959,SYNTHETIC_NER,2017-11-10,Nagaland,unspecified,25.49564,91.86854,1434.8,28.68,283.6,bare,colluvium,23.3,58.2,106.9,75.6,23.0,0,n/a,0,low
SYN_E_00053,SYNTHETIC_NER,2020-07-07,Manipur,unspecified,22.54712,92.16881,1267.6,37.49,109.1,forest,residual_soil,20.5,45.9,74.3,55.0,39.7,1,rock slide,0,low
SYN_N_02266,SYNTHETIC_NER,2021-09-12,Arunachal Pradesh,unspecified,24.5141,92.84705,1903.8,12.78,271.3,forest,unknown,36.4,88.4,140.5,104.0,22.6,0,n/a,0,low
SYN_N_00711,SYNTHETIC_NER,2015-06-27,Arunachal Pradesh,unspecified,28.68688,97.34223,796.0,22.36,213.7,grassland,residual_soil,15.3,45.3,84.8,59.0,13.2,0,n/a,0,low
SYN_N_01222,SYNTHETIC_NER,2022-07-08,Meghalaya,unspecified,22.74357,92.25695,1839.3,26.8,159.4,cropland,residual_soil,17.0,37.5,70.1,49.7,14.9,0,n/a,0,low
SYN_E_00824,SYNTHETIC_NER,2025-02-05,Nagaland,unspecified,28.70303,89.78978,964.4,35.99,39.4,forest,residual_soil,42.6,120.0,217.1,153.1,35.5,1,debris flow,0,low
SYN_N_02017,SYNTHETIC_NER,2024-07-04,Sikkim,unspecified,27.26794,97.08474,2281.5,19.91,12.0,forest,weathered_rock,18.0,44.8,79.4,56.8,17.2,0,n/a,0,low
SYN_N_00189,SYNTHETIC_NER,2017-04-13,Tripura,unspecified,29.16868,95.68159,889.8,26.63,266.2,forest,residual_soil,12.2,29.5,45.4,34.0,31.4,0,n/a,0,low
SYN_N_01748,SYNTHETIC_NER,2017-07-20,Meghalaya,unspecified,23.31468,93.62728,853.9,2.0,241.8,bare,weathered_rock,22.4,61.8,129.7,87.9,17.8,0,n/a,0,low
SYN_N_01054,SYNTHETIC_NER,2019-09-08,Tripura,unspecified,29.28022,91.32109,938.8,18.52,1.7,built-up,residual_soil,9.4,28.7,49.1,35.0,29.2,0,n/a,0,low
SYN_N_00407,SYNTHETIC_NER,2020-08-23,Tripura,unspecified,28.56222,91.0429,704.8,23.66,196.9,cropland,weathered_rock,4.2,10.7,21.5,14.8,29.1,0,n/a,0,low
SYN_N_00394,SYNTHETIC_NER,2015-09-07,Assam,unspecified,28.34236,97.02849,489.0,32.5,76.7,forest,unknown,8.4,24.7,38.8,28.5,15.9,0,n/a,0,low
SYN_E_00771,SYNTHETIC_NER,2024-06-09,Arunachal Pradesh,unspecified,22.2534,96.86216,1775.2,41.49,279.4,forest,unknown,60.6,172.7,321.0,224.5,38.2,1,soil slide,0,low
SYN_N_00668,SYNTHETIC_NER,2024-06-04,Assam,unspecified,21.83907,94.59826,375.2,26.22,17.2,forest,colluvium,20.2,58.9,105.4,74.4,20.7,0,n/a,0,low
SYN_E_01085,SYNTHETIC_NER,2016-06-27,Sikkim,unspecified,24.18416,96.57696,2109.5,30.46,297.7,cropland,colluvium,52.4,143.8,207.9,157.6,26.8,1,mudslide,0,low
SYN_N_01258,SYNTHETIC_NER,2020-09-03,Mizoram,unspecified,28.60258,92.63426,503.7,24.63,68.6,forest,residual_soil,22.0,58.8,101.0,72.5,31.3,0,n/a,0,low
SYN_N_00125,SYNTHETIC_NER,2021-07-14,Tripura,unspecified,27.98839,91.7284,235.1,42.42,130.9,grassland,colluvium,16.8,47.8,97.1,66.3,16.9,0,n/a,0,low
SYN_N_00263,SYNTHETIC_NER,2017-07-12,Arunachal Pradesh,unspecified,24.94137,89.87158,1055.2,28.35,86.4,cropland,residual_soil,14.0,29.4,57.5,40.3,25.2,0,n/a,0,low
SYN_E_00806,SYNTHETIC_NER,2015-05-15,Nagaland,unspecified,27.19387,92.10622,680.3,36.32,302.9,forest,weathered_rock,25.2,79.4,158.3,108.0,29.6,1,soil slide,0,low
SYN_N_01012,SYNTHETIC_NER,2015-06-17,Tripura,unspecified,25.51081,92.68198,524.0,27.05,308.4,cropland,residual_soil,6.0,18.8,33.6,23.6,17.1,0,n/a,0,low
SYN_N_01034,SYNTHETIC_NER,2021-09-23,Tripura,unspecified,29.43277,97.09745,119.1,15.92,89.0,bare,weathered_rock,19.3,53.9,107.7,73.9,13.9,0,n/a,0,low
SYN_N_00908,SYNTHETIC_NER,2020-06-17,Assam,unspecified,29.04343,91.01678,528.2,24.3,19.9,forest,residual_soil,14.1,34.5,55.4,40.9,5.0,0,n/a,0,low
SYN_N_01364,SYNTHETIC_NER,2016-07-11,Arunachal Pradesh,unspecified,22.33116,90.84063,859.8,30.93,345.8,cropland,residual_soil,24.2,44.6,66.0,51.2,27.6,0,n/a,0,low
SYN_N_02335,SYNTHETIC_NER,2020-03-12,Arunachal Pradesh,unspecified,27.90735,88.54035,1099.8,17.09,270.0,bare,residual_soil,0.0,0.1,0.1,0.1,31.2,0,n/a,0,low
SYN_E_00963,SYNTHETIC_NER,2022-09-15,Meghalaya,unspecified,22.03922,91.0368,1140.6,44.56,76.3,bare,residual_soil,202.5,528.9,867.5,632.9,31.2,1,soil slide,0,low
SYN_E_00398,SYNTHETIC_NER,2018-09-14,Mizoram,unspecified,23.47859,93.54933,1844.0,18.79,114.4,grassland,residual_soil,32.1,76.2,120.3,89.4,28.3,1,debris flow,0,low
SYN_N_02171,SYNTHETIC_NER,2018-09-04,Arunachal Pradesh,unspecified,23.23618,94.09853,352.0,18.31,263.2,grassland,colluvium,13.8,33.4,67.3,46.4,18.9,0,n/a,0,low
SYN_E_00704,SYNTHETIC_NER,2019-07-25,Meghalaya,unspecified,23.14636,95.86241,1548.1,31.95,55.2,forest,colluvium,106.7,197.2,279.7,220.4,31.9,1,debris flow,0,low
SYN_E_00431,SYNTHETIC_NER,2019-08-23,Tripura,unspecified,24.64675,92.78972,698.0,51.36,38.1,forest,colluvium,38.6,95.0,178.1,125.2,34.8,1,debris flow,0,low
SYN_E_00292,SYNTHETIC_NER,2021-09-16,Arunachal Pradesh,unspecified,25.61008,88.70958,2128.3,29.47,244.4,grassland,colluvium,58.7,110.7,221.9,155.9,39.9,1,debris flow,0,low
SYN_N_02197,SYNTHETIC_NER,2023-06-11,Assam,unspecified,21.72676,89.24381,534.9,33.67,38.3,bare,residual_soil,18.8,36.1,58.5,43.9,31.4,0,n/a,0,low
SYN_E_00145,SYNTHETIC_NER,2025-08-17,Sikkim,unspecified,27.31609,96.20871,2014.0,34.92,51.6,forest,residual_soil,20.7,39.0,57.1,44.4,36.8,1,soil slide,0,low
SYN_N_00833,SYNTHETIC_NER,2021-03-13,Tripura,unspecified,25.85702,90.36467,253.3,26.33,317.3,built-up,weathered_rock,12.6,24.5,52.4,36.1,12.3,0,n/a,0,low
SYN_N_01334,SYNTHETIC_NER,2020-07-17,Tripura,unspecified,28.08069,96.19426,564.2,22.23,135.5,forest,residual_soil,24.4,68.7,123.4,87.2,25.0,0,n/a,0,low
SYN_E_01165,SYNTHETIC_NER,2025-08-16,Assam,unspecified,26.6309,97.38616,220.1,37.46,55.6,forest,unknown,33.3,68.3,117.8,86.1,46.5,1,soil slide,0,low
SYN_N_00850,SYNTHETIC_NER,2019-06-25,Assam,unspecified,23.62631,92.00468,378.6,35.4,65.4,grassland,residual_soil,29.1,91.3,146.8,106.6,31.9,0,n/a,0,low
SYN_N_01588,SYNTHETIC_NER,2017-09-08,Meghalaya,unspecified,28.63234,97.30976,850.1,2.0,289.2,cropland,weathered_rock,25.7,54.1,106.2,74.4,25.6,0,n/a,0,low
SYN_E_00339,SYNTHETIC_NER,2024-06-20,Arunachal Pradesh,unspecified,21.70563,96.70808,3990.0,21.83,112.1,cropland,unknown,42.0,81.5,118.9,92.3,43.3,1,soil slide,0,low
SYN_N_00977,SYNTHETIC_NER,2017-05-16,Tripura,unspecified,28.16968,90.91853,606.1,40.13,143.2,bare,weathered_rock,14.6,33.8,66.4,46.3,33.2,0,n/a,0,low
SYN_E_00265,SYNTHETIC_NER,2021-07-22,Nagaland,unspecified,28.86984,92.1588,1664.8,25.8,123.8,grassland,weathered_rock,21.7,43.5,81.9,58.3,30.0,1,debris flow,0,low
SYN_N_01604,SYNTHETIC_NER,2021-11-05,Meghalaya,unspecified,27.14035,92.5033,484.3,33.88,291.6,forest,colluvium,40.5,88.2,152.5,110.8,16.4,0,n/a,0,low
SYN_N_00571,SYNTHETIC_NER,2019-06-12,Meghalaya,unspecified,21.77571,93.17346,1278.8,16.61,308.6,forest,weathered_rock,74.6,161.2,322.3,224.4,27.5,0,n/a,0,low
SYN_E_00271,SYNTHETIC_NER,2025-09-25,Assam,unspecified,26.76426,92.05585,33.5,28.33,263.4,forest,weathered_rock,74.1,170.5,299.0,215.5,29.7,1,rock slide,0,low
SYN_E_00696,SYNTHETIC_NER,2025-09-13,Tripura,unspecified,25.09276,91.69176,421.4,48.47,73.5,bare,colluvium,50.5,103.4,201.7,142.0,30.8,1,debris flow,0,low
SYN_N_02365,SYNTHETIC_NER,2024-07-01,Assam,unspecified,25.42108,95.46524,123.8,11.91,193.2,grassland,residual_soil,12.1,31.4,62.7,43.2,14.9,0,n/a,0,low
SYN_E_00244,SYNTHETIC_NER,2022-10-18,Tripura,unspecified,23.39347,96.15739,766.6,20.77,87.5,forest,weathered_rock,31.3,99.3,157.1,114.6,41.2,1,debris flow,0,low
SYN_N_02176,SYNTHETIC_NER,2024-06-26,Tripura,unspecified,24.77679,88.47046,750.4,31.52,233.1,cropland,colluvium,25.0,62.7,115.0,81.3,36.0,0,n/a,0,low
SYN_E_00476,SYNTHETIC_NER,2024-09-06,Sikkim,unspecified,26.7973,93.14435,2493.5,26.77,47.3,forest,residual_soil,23.6,59.9,104.2,74.8,41.9,1,soil slide,0,low
SYN_N_00832,SYNTHETIC_NER,2017-09-15,Nagaland,unspecified,27.5876,90.27599,2557.3,15.21,160.4,grassland,weathered_rock,0.4,1.2,2.2,1.5,22.7,0,n/a,0,low
SYN_N_01856,SYNTHETIC_NER,2015-09-11,Mizoram,unspecified,25.43126,95.82959,1313.3,30.9,23.5,bare,colluvium,15.3,37.2,71.0,49.8,24.5,0,n/a,0,low
SYN_N_01483,SYNTHETIC_NER,2025-08-02,Arunachal Pradesh,unspecified,25.05974,90.57247,1354.5,21.81,285.5,cropland,colluvium,29.4,82.3,119.4,90.2,23.5,0,n/a,0,low
SYN_E_00813,SYNTHETIC_NER,2020-06-05,Mizoram,unspecified,29.15819,94.76182,400.8,43.78,218.7,grassland,residual_soil,60.6,176.7,328.5,229.4,37.3,1,soil slide,0,low
SYN_N_00714,SYNTHETIC_NER,2017-08-03,Arunachal Pradesh,unspecified,23.38096,96.44533,4736.8,2.0,59.7,cropland,residual_soil,5.3,15.0,22.2,16.6,31.1,0,n/a,0,low
SYN_N_01836,SYNTHETIC_NER,2016-08-27,Assam,unspecified,23.48283,92.77599,185.9,22.67,273.2,grassland,weathered_rock,18.2,52.0,114.3,76.4,11.3,0,n/a,0,low
SYN_N_02341,SYNTHETIC_NER,2015-07-23,Assam,unspecified,27.72026,91.32936,280.0,7.66,350.6,bare,residual_soil,1.0,1.8,3.3,2.4,23.6,0,n/a,0,low
SYN_N_00604,SYNTHETIC_NER,2025-06-01,Meghalaya,unspecified,28.21092,91.38143,524.3,26.64,192.5,forest,unknown,42.8,122.8,267.1,179.0,21.6,0,n/a,0,low
SYN_N_01406,SYNTHETIC_NER,2017-04-01,Assam,unspecified,27.39424,91.98242,544.4,23.35,36.5,bare,colluvium,9.6,21.4,40.0,28.4,25.3,0,n/a,0,low
SYN_E_00250,SYNTHETIC_NER,2021-08-23,Meghalaya,unspecified,22.78954,90.86949,909.0,29.32,52.2,bare,colluvium,94.8,177.9,273.1,208.9,53.1,1,soil slide,0,low
SYN_E_00545,SYNTHETIC_NER,2025-07-15,Assam,unspecified,24.83911,95.66926,45.1,46.11,189.4,forest,colluvium,51.7,130.0,283.3,191.0,49.0,1,debris flow,0,low
SYN_E_00738,SYNTHETIC_NER,2021-06-12,Tripura,unspecified,26.79682,91.58421,894.3,35.88,121.1,forest,unknown,33.0,89.6,170.0,118.4,39.6,1,soil slide,0,low
SYN_E_00310,SYNTHETIC_NER,2017-09-02,Tripura,unspecified,27.30093,90.50283,365.2,32.55,118.5,forest,unknown,23.2,51.0,97.6,68.8,39.9,1,debris flow,0,low
SYN_E_01131,SYNTHETIC_NER,2015-06-11,Tripura,unspecified,29.37148,95.91682,857.5,16.86,41.8,forest,weathered_rock,47.2,145.0,217.0,161.5,30.5,1,debris flow,0,low
SYN_N_00249,SYNTHETIC_NER,2023-07-12,Manipur,unspecified,28.52356,91.30934,988.7,15.92,278.3,grassland,colluvium,9.6,22.3,47.9,32.6,35.8,0,n/a,0,low
SYN_N_02286,SYNTHETIC_NER,2018-07-12,Sikkim,unspecified,25.46964,90.23408,4159.8,17.91,184.0,forest,residual_soil,34.1,91.6,143.7,106.2,17.6,0,n/a,0,low
SYN_E_00015,SYNTHETIC_NER,2019-06-27,Sikkim,unspecified,26.14791,91.88683,3794.9,46.28,216.6,bare,colluvium,32.0,71.8,135.6,95.7,45.3,1,soil slide,0,low
SYN_N_01955,SYNTHETIC_NER,2016-06-16,Meghalaya,unspecified,22.07165,89.96608,860.2,13.52,222.8,grassland,colluvium,40.4,96.5,150.4,112.2,33.8,0,n/a,0,low
SYN_N_01329,SYNTHETIC_NER,2018-06-01,Sikkim,unspecified,22.74294,89.74479,1581.7,22.67,259.3,forest,colluvium,14.3,36.4,59.6,43.6,5.0,0,n/a,0,low
SYN_N_02327,SYNTHETIC_NER,2024-07-25,Manipur,unspecified,22.85152,89.00461,1082.4,24.19,265.4,forest,residual_soil,17.2,48.4,89.4,62.7,15.5,0,n/a,0,low
SYN_E_00363,SYNTHETIC_NER,2019-12-10,Arunachal Pradesh,unspecified,27.87326,92.38722,4070.0,40.59,82.0,built-up,residual_soil,58.8,130.7,238.4,170.2,32.1,1,mudslide,0,low
SYN_E_00182,SYNTHETIC_NER,2024-07-19,Manipur,unspecified,23.39014,90.69141,835.9,30.52,152.6,forest,residual_soil,33.5,94.6,185.9,128.0,37.5,1,soil slide,0,low
SYN_E_01194,SYNTHETIC_NER,2025-11-23,Nagaland,unspecified,22.58805,95.70055,2872.3,23.01,176.7,forest,unknown,35.4,86.5,181.9,124.0,41.1,1,debris flow,0,low
SYN_N_01029,SYNTHETIC_NER,2024-08-14,Nagaland,unspecified,22.40812,88.79934,3388.4,35.05,337.1,bare,colluvium,6.3,18.9,37.2,25.6,20.8,0,n/a,0,low
SYN_E_01121,SYNTHETIC_NER,2016-06-20,Assam,unspecified,21.76394,92.09874,105.9,41.96,131.4,cropland,unknown,34.2,89.8,128.9,98.2,41.9,1,soil slide,0,low
SYN_E_01182,SYNTHETIC_NER,2022-07-20,Tripura,unspecified,24.06401,96.25471,191.3,27.88,289.9,forest,residual_soil,35.4,74.7,113.0,86.0,50.9,1,debris flow,0,low
SYN_N_01442,SYNTHETIC_NER,2018-07-06,Arunachal Pradesh,unspecified,28.37521,94.25737,2458.9,24.99,191.3,forest,residual_soil,17.4,47.6,94.6,65.0,10.6,0,n/a,0,low
SYN_E_00614,SYNTHETIC_NER,2017-07-08,Tripura,unspecified,24.9489,89.93877,670.2,33.1,346.0,grassland,colluvium,45.6,89.3,175.3,123.6,28.4,1,soil slide,0,low
SYN_N_00266,SYNTHETIC_NER,2025-06-20,Manipur,unspecified,26.07716,92.00946,1392.3,41.23,209.4,cropland,unknown,16.6,44.3,84.9,59.1,14.0,0,n/a,0,low
SYN_E_00401,SYNTHETIC_NER,2020-07-15,Sikkim,unspecified,25.8316,94.12385,2369.7,38.69,103.6,grassland,weathered_rock,34.3,99.6,185.9,129.7,35.2,1,rock slide,0,low
SYN_E_00934,SYNTHETIC_NER,2022-01-27,Manipur,unspecified,26.91026,93.89763,2498.9,40.92,114.7,forest,colluvium,39.0,88.0,147.3,107.9,50.7,1,soil slide,0,low
SYN_N_01180,SYNTHETIC_NER,2024-06-17,Mizoram,unspecified,25.24729,92.76036,556.9,12.37,293.7,cropland,residual_soil,6.2,17.5,29.0,21.0,21.4,0,n/a,0,low
SYN_N_01379,SYNTHETIC_NER,2020-09-25,Mizoram,unspecified,25.48679,92.97697,1135.5,19.15,87.1,forest,residual_soil,40.6,127.1,219.4,156.0,36.5,0,n/a,0,low
SYN_E_00726,SYNTHETIC_NER,2025-02-27,Tripura,unspecified,29.24219,96.8095,274.9,25.05,42.6,cropland,unknown,29.3,85.0,123.1,92.9,50.5,1,mudslide,0,low
SYN_E_00826,SYNTHETIC_NER,2025-11-09,Tripura,unspecified,21.53132,93.37391,330.8,30.18,83.5,forest,colluvium,33.6,100.2,195.0,134.3,31.2,1,mudslide,0,low
SYN_N_00321,SYNTHETIC_NER,2015-06-19,Sikkim,unspecified,22.73244,90.73232,3608.7,10.31,350.5,forest,residual_soil,19.3,58.2,112.3,77.5,27.2,0,n/a,0,low
SYN_E_00136,SYNTHETIC_NER,2016-08-13,Nagaland,unspecified,24.52391,95.50411,1044.8,37.72,23.2,forest,residual_soil,26.9,80.7,151.8,105.5,49.3,1,mudslide,0,low
SYN_E_00628,SYNTHETIC_NER,2015-09-05,Nagaland,unspecified,27.61063,91.88931,2778.3,41.59,253.0,grassland,colluvium,44.5,90.5,147.8,110.0,30.9,1,soil slide,0,low
SYN_E_00334,SYNTHETIC_NER,2025-06-23,Manipur,unspecified,23.33785,92.29883,1352.0,36.95,127.0,forest,unknown,22.5,45.1,94.8,65.4,43.8,1,soil slide,0,low
SYN_E_00390,SYNTHETIC_NER,2020-07-27,Tripura,unspecified,28.57368,94.37716,900.8,30.05,107.4,forest,colluvium,33.7,65.9,92.7,72.8,43.5,1,debris flow,0,low
SYN_N_01565,SYNTHETIC_NER,2015-08-23,Manipur,unspecified,25.25074,88.44154,2271.6,5.85,176.9,forest,colluvium,11.6,36.7,64.7,45.7,39.2,0,n/a,0,low
SYN_N_00617,SYNTHETIC_NER,2016-10-27,Mizoram,unspecified,27.61203,93.0951,1129.3,25.59,251.2,cropland,weathered_rock,17.1,49.4,69.5,53.0,32.2,0,n/a,0,low
SYN_N_02033,SYNTHETIC_NER,2021-07-18,Mizoram,unspecified,25.25535,92.97592,913.0,21.09,248.9,cropland,colluvium,16.8,48.7,103.2,69.6,20.7,0,n/a,0,low
SYN_E_00710,SYNTHETIC_NER,2021-03-10,Tripura,unspecified,24.96744,92.05681,671.0,28.4,281.4,forest,colluvium,35.3,88.8,169.2,118.3,39.8,1,debris flow,0,low
SYN_E_01039,SYNTHETIC_NER,2017-08-18,Sikkim,unspecified,23.74558,90.49646,3446.6,42.41,250.9,forest,weathered_rock,24.2,71.8,108.5,80.6,47.5,1,soil slide,0,low
SYN_N_01158,SYNTHETIC_NER,2021-07-04,Sikkim,unspecified,26.28276,89.25423,3263.7,14.76,337.0,cropland,residual_soil,7.9,23.1,35.6,26.3,17.8,0,n/a,0,low
SYN_N_01907,SYNTHETIC_NER,2022-02-25,Assam,unspecified,24.13468,93.69515,473.1,23.05,194.7,forest,residual_soil,12.0,31.2,63.2,43.3,21.8,0,n/a,0,low
SYN_N_00361,SYNTHETIC_NER,2019-07-07,Tripura,unspecified,21.61951,96.62081,185.4,9.13,22.2,grassland,residual_soil,4.8,9.5,19.9,13.8,24.4,0,n/a,0,low
SYN_N_02105,SYNTHETIC_NER,2018-08-21,Assam,unspecified,28.57551,91.57168,369.0,12.44,198.4,grassland,residual_soil,5.2,13.5,29.0,19.6,27.4,0,n/a,0,low
SYN_N_01815,SYNTHETIC_NER,2024-08-18,Tripura,unspecified,21.65238,89.89011,839.8,18.73,334.0,cropland,residual_soil,23.1,60.9,108.2,77.0,29.2,0,n/a,0,low
SYN_E_01112,SYNTHETIC_NER,2018-09-14,Meghalaya,unspecified,26.43878,88.34898,678.3,43.43,107.2,bare,colluvium,213.0,621.6,1295.9,877.0,35.2,1,soil slide,0,low
SYN_N_00023,SYNTHETIC_NER,2021-09-08,Manipur,unspecified,26.48239,97.23207,2237.9,37.47,241.6,forest,residual_soil,5.7,11.4,19.8,14.5,31.9,0,n/a,0,low
SYN_N_01202,SYNTHETIC_NER,2020-07-05,Arunachal Pradesh,unspecified,24.18922,97.10539,4843.9,12.29,310.3,forest,residual_soil,21.7,50.0,76.3,57.5,30.2,0,n/a,0,low
SYN_N_00308,SYNTHETIC_NER,2022-10-01,Sikkim,unspecified,22.7658,92.49874,1137.4,27.54,235.1,bare,colluvium,27.0,67.9,145.3,98.4,9.6,0,n/a,0,low
SYN_N_00550,SYNTHETIC_NER,2025-09-27,Arunachal Pradesh,unspecified,26.50753,92.14599,4840.8,29.55,329.7,forest,residual_soil,38.9,91.8,179.5,125.1,24.7,0,n/a,0,low
SYN_N_02109,SYNTHETIC_NER,2023-09-27,Meghalaya,unspecified,22.72937,89.2384,1481.8,11.21,156.9,forest,colluvium,40.7,119.4,193.7,140.8,29.9,0,n/a,0,low
SYN_E_00338,SYNTHETIC_NER,2021-06-12,Meghalaya,unspecified,26.91804,88.5744,1605.3,35.86,317.1,cropland,weathered_rock,118.4,246.5,483.1,339.2,39.2,1,debris flow,0,low
SYN_E_00215,SYNTHETIC_NER,2018-06-26,Mizoram,unspecified,28.1299,90.24476,383.1,37.3,106.7,forest,residual_soil,35.2,91.6,169.9,119.5,34.2,1,mudslide,0,low
SYN_N_00141,SYNTHETIC_NER,2020-12-05,Arunachal Pradesh,unspecified,28.29728,94.47314,2416.4,16.63,310.2,grassland,colluvium,5.1,12.7,24.1,16.8,24.7,0,n/a,0,low
SYN_N_01968,SYNTHETIC_NER,2024-06-20,Mizoram,unspecified,29.25114,90.54257,1849.8,6.28,140.5,bare,colluvium,24.1,65.4,97.4,73.1,28.3,0,n/a,0,low
SYN_N_02165,SYNTHETIC_NER,2015-09-02,Assam,unspecified,27.08707,90.86123,87.4,25.15,164.1,grassland,residual_soil,4.1,8.9,16.6,11.8,36.0,0,n/a,0,low
SYN_N_01130,SYNTHETIC_NER,2018-12-06,Nagaland,unspecified,28.59912,90.01592,1743.7,32.23,303.8,cropland,colluvium,16.6,52.2,110.1,74.0,17.7,0,n/a,0,low
SYN_N_01038,SYNTHETIC_NER,2019-06-02,Nagaland,unspecified,29.48103,90.18629,2004.6,25.03,60.6,bare,colluvium,17.4,55.1,85.3,62.7,22.3,0,n/a,0,low
SYN_N_01683,SYNTHETIC_NER,2022-07-12,Assam,unspecified,24.83663,95.0137,490.9,23.21,250.7,bare,weathered_rock,26.2,75.3,120.8,88.2,28.5,0,n/a,0,low
SYN_E_00101,SYNTHETIC_NER,2018-02-23,Meghalaya,unspecified,22.49141,93.27493,279.4,32.68,214.7,grassland,weathered_rock,117.2,253.2,392.9,295.8,39.6,1,mudslide,0,low
SYN_N_01382,SYNTHETIC_NER,2017-06-08,Tripura,unspecified,27.1189,92.01016,562.1,24.64,330.7,built-up,colluvium,4.6,10.9,23.5,15.9,25.4,0,n/a,0,low
SYN_E_00171,SYNTHETIC_NER,2019-08-07,Assam,unspecified,23.1252,91.01772,59.5,43.67,29.9,forest,colluvium,62.4,130.7,215.3,159.3,37.6,1,debris flow,0,low
SYN_E_00107,SYNTHETIC_NER,2015-07-06,Tripura,unspecified,29.02281,96.9021,224.8,30.79,191.7,cropland,colluvium,57.5,125.9,181.6,140.0,33.2,1,debris flow,0,low
SYN_N_01327,SYNTHETIC_NER,2020-09-19,Meghalaya,unspecified,29.11028,96.79415,618.5,23.11,167.6,forest,colluvium,21.0,42.3,86.0,59.9,32.4,0,n/a,0,low
SYN_N_02382,SYNTHETIC_NER,2022-11-04,Manipur,unspecified,24.39557,88.76143,931.9,14.32,144.5,grassland,weathered_rock,5.4,16.9,31.4,21.9,6.9,0,n/a,0,low
SYN_N_01444,SYNTHETIC_NER,2018-07-15,Nagaland,unspecified,25.46964,91.19482,1929.3,19.2,253.3,forest,colluvium,12.9,24.8,49.7,34.9,28.0,0,n/a,0,low
SYN_N_01205,SYNTHETIC_NER,2021-08-05,Mizoram,unspecified,28.7407,88.94427,168.1,26.67,257.1,cropland,colluvium,14.4,27.0,40.0,31.0,37.6,0,n/a,0,low
SYN_N_01087,SYNTHETIC_NER,2022-06-05,Meghalaya,unspecified,24.31878,92.52805,708.3,22.06,305.1,cropland,weathered_rock,49.8,92.7,185.4,130.5,22.9,0,n/a,0,low
SYN_N_01246,SYNTHETIC_NER,2021-06-06,Tripura,unspecified,23.77146,88.22253,312.3,29.16,313.9,forest,colluvium,18.1,48.4,70.2,53.3,14.1,0,n/a,0,low
SYN_N_01212,SYNTHETIC_NER,2018-06-23,Meghalaya,unspecified,22.87459,89.15659,970.1,23.42,216.2,forest,residual_soil,30.9,92.3,191.6,129.7,29.4,0,n/a,0,low
SYN_N_01651,SYNTHETIC_NER,2020-09-16,Tripura,unspecified,23.27481,90.9477,446.2,32.43,220.5,grassland,weathered_rock,4.8,9.8,13.9,10.9,5.0,0,n/a,0,low
SYN_N_01623,SYNTHETIC_NER,2020-10-08,Tripura,unspecified,26.18654,92.50239,633.9,20.22,18.1,forest,colluvium,22.5,48.7,83.1,60.7,31.1,0,n/a,0,low
SYN_N_01882,SYNTHETIC_NER,2024-07-20,Manipur,unspecified,25.2398,88.80126,2236.8,14.69,88.9,forest,unknown,6.9,17.0,27.8,20.4,21.2,0,n/a,0,low
SYN_E_01040,SYNTHETIC_NER,2024-08-02,Tripura,unspecified,28.52982,94.58643,759.0,29.09,306.9,forest,residual_soil,53.3,154.6,301.7,207.9,47.6,1,mudslide,3,low
SYN_N_00920,SYNTHETIC_NER,2018-06-26,Arunachal Pradesh,unspecified,21.89539,91.74637,2373.2,29.32,277.5,forest,weathered_rock,34.7,87.9,170.9,118.8,26.0,0,n/a,0,low
SYN_N_00324,SYNTHETIC_NER,2021-06-19,Mizoram,unspecified,23.7076,93.10074,1656.2,2.0,351.0,forest,weathered_rock,12.3,25.8,44.6,32.5,19.8,0,n/a,0,low
SYN_N_02264,SYNTHETIC_NER,2017-07-14,Assam,unspecified,23.56732,93.02997,107.2,30.84,249.3,forest,residual_soil,15.1,30.5,60.4,42.4,22.4,0,n/a,0,low
SYN_E_00481,SYNTHETIC_NER,2015-09-12,Sikkim,unspecified,27.68719,88.3438,1724.6,36.55,153.7,forest,colluvium,31.0,77.0,138.2,98.4,27.4,1,mudslide,0,low
SYN_N_01361,SYNTHETIC_NER,2023-09-10,Nagaland,unspecified,22.46104,89.09196,2528.7,31.54,156.1,cropland,colluvium,16.8,40.3,86.8,58.8,17.5,0,n/a,0,low
SYN_N_01461,SYNTHETIC_NER,2025-09-01,Tripura,unspecified,25.08758,95.93483,597.2,40.17,18.3,cropland,colluvium,2.0,5.9,11.1,7.7,26.4,0,n/a,0,low
SYN_N_00562,SYNTHETIC_NER,2022-07-15,Meghalaya,unspecified,25.19683,93.32088,1305.2,35.24,251.5,grassland,unknown,14.8,27.2,53.0,37.6,9.4,0,n/a,0,low
SYN_N_02079,SYNTHETIC_NER,2022-08-05,Mizoram,unspecified,21.75155,95.18995,479.2,20.42,354.9,grassland,unknown,6.1,16.4,34.2,23.2,27.3,0,n/a,0,low
SYN_N_01842,SYNTHETIC_NER,2015-01-13,Manipur,unspecified,23.66503,96.22207,1010.8,30.1,327.1,cropland,colluvium,11.6,27.5,53.6,37.4,30.6,0,n/a,0,low
SYN_N_01290,SYNTHETIC_NER,2016-06-25,Sikkim,unspecified,27.76494,96.41991,702.6,12.79,187.8,cropland,unknown,2.7,6.8,13.9,9.5,18.5,0,n/a,0,low
SYN_N_01260,SYNTHETIC_NER,2021-02-16,Assam,unspecified,26.64415,95.55742,310.2,20.05,34.1,grassland,colluvium,7.6,23.3,47.4,32.2,25.1,0,n/a,0,low
SYN_E_00405,SYNTHETIC_NER,2021-08-24,Nagaland,unspecified,26.77462,97.24168,3602.3,28.18,164.1,cropland,colluvium,25.9,58.2,107.3,76.3,45.7,1,debris flow,0,low
SYN_E_00757,SYNTHETIC_NER,2020-05-14,Manipur,unspecified,24.06541,95.30378,2455.9,44.49,80.0,forest,colluvium,21.5,68.7,143.6,96.7,46.8,1,soil slide,0,low
SYN_N_01153,SYNTHETIC_NER,2022-07-13,Manipur,unspecified,28.19996,88.5038,1372.7,31.0,154.8,forest,residual_soil,12.9,26.3,53.6,37.3,32.0,0,n/a,0,low
SYN_E_00097,SYNTHETIC_NER,2019-07-01,Tripura,unspecified,26.08913,92.73098,875.7,40.36,209.0,forest,weathered_rock,10.3,21.5,33.6,25.3,40.2,1,soil slide,0,low
SYN_N_00133,SYNTHETIC_NER,2015-06-13,Manipur,unspecified,29.00944,91.87579,1423.8,15.48,280.0,built-up,weathered_rock,4.5,8.9,17.1,12.1,8.4,0,n/a,0,low
SYN_N_01659,SYNTHETIC_NER,2021-07-21,Nagaland,unspecified,27.23028,92.85957,809.4,29.99,242.5,grassland,colluvium,14.4,39.1,75.3,52.3,19.7,0,n/a,0,low
SYN_N_02121,SYNTHETIC_NER,2019-06-08,Meghalaya,unspecified,25.79653,93.38189,648.7,8.78,49.8,forest,colluvium,0.0,0.0,0.0,0.0,20.3,0,n/a,0,low
SYN_N_01166,SYNTHETIC_NER,2020-09-19,Assam,unspecified,27.39605,93.70772,85.1,30.63,286.0,forest,weathered_rock,13.7,42.2,84.8,57.8,18.7,0,n/a,0,low
SYN_N_00858,SYNTHETIC_NER,2016-08-27,Sikkim,unspecified,24.79537,97.05361,2026.0,25.14,4.1,cropland,colluvium,23.0,66.1,124.7,86.8,39.8,0,n/a,0,low
SYN_N_01331,SYNTHETIC_NER,2019-08-11,Mizoram,unspecified,24.13418,93.77303,1071.1,13.78,7.8,cropland,colluvium,2.2,6.3,10.8,7.7,29.3,0,n/a,0,low
SYN_E_00148,SYNTHETIC_NER,2019-06-14,Sikkim,unspecified,24.07664,96.53338,2572.5,29.11,202.7,bare,residual_soil,35.3,77.7,130.9,95.8,28.5,1,soil slide,0,low
SYN_E_00028,SYNTHETIC_NER,2019-06-10,Nagaland,unspecified,29.48888,89.82961,3298.1,44.12,55.4,forest,colluvium,22.5,44.1,75.5,55.5,33.3,1,rock slide,0,low
SYN_N_01262,SYNTHETIC_NER,2019-07-13,Tripura,unspecified,28.43086,93.86441,89.1,31.7,265.7,forest,colluvium,10.0,28.3,50.0,35.5,42.1,0,n/a,0,low
SYN_N_01169,SYNTHETIC_NER,2017-05-13,Manipur,unspecified,26.5769,88.61005,1710.7,29.79,332.5,forest,unknown,10.1,22.6,48.9,33.3,24.4,0,n/a,0,low
SYN_E_00692,SYNTHETIC_NER,2024-07-21,Arunachal Pradesh,unspecified,25.30139,90.53626,1451.3,31.09,185.7,forest,weathered_rock,35.1,104.0,188.3,132.4,39.0,1,debris flow,0,low
SYN_N_00186,SYNTHETIC_NER,2022-08-12,Tripura,unspecified,23.86434,89.22852,366.5,7.16,71.8,forest,colluvium,22.5,48.3,103.6,70.8,37.7,0,n/a,0,low
SYN_N_00645,SYNTHETIC_NER,2019-06-01,Arunachal Pradesh,unspecified,28.84663,97.33125,719.0,28.0,99.8,forest,colluvium,27.0,50.8,78.4,59.8,32.9,0,n/a,0,low
SYN_N_01265,SYNTHETIC_NER,2025-09-27,Assam,unspecified,23.71999,96.06315,344.7,30.09,180.4,forest,colluvium,41.8,105.0,225.3,152.5,18.8,0,n/a,0,low
SYN_N_00399,SYNTHETIC_NER,2025-07-22,Assam,unspecified,28.48477,96.54841,328.2,33.17,82.6,forest,residual_soil,13.2,39.0,84.2,56.4,25.2,0,n/a,0,low
SYN_E_00701,SYNTHETIC_NER,2019-08-25,Nagaland,unspecified,27.903,89.20537,1573.6,23.79,149.5,forest,residual_soil,41.8,125.4,209.8,150.9,48.6,1,debris flow,0,low
SYN_N_00508,SYNTHETIC_NER,2020-09-10,Nagaland,unspecified,27.58539,96.08901,610.0,25.42,266.2,forest,weathered_rock,9.1,25.3,49.1,33.9,13.5,0,n/a,0,low
SYN_E_00454,SYNTHETIC_NER,2023-07-22,Nagaland,unspecified,21.78262,95.52992,3315.9,35.36,176.3,forest,residual_soil,39.4,89.0,125.4,97.2,41.7,1,debris flow,0,low
SYN_N_00840,SYNTHETIC_NER,2015-08-21,Arunachal Pradesh,unspecified,24.42111,91.02864,4937.8,24.47,357.8,grassland,colluvium,22.6,44.2,89.2,62.4,18.0,0,n/a,0,low
SYN_N_01940,SYNTHETIC_NER,2022-07-06,Sikkim,unspecified,26.44117,95.73443,4175.9,19.88,10.3,forest,colluvium,13.4,34.3,48.9,37.4,29.0,0,n/a,0,low
SYN_E_00609,SYNTHETIC_NER,2015-04-19,Sikkim,unspecified,27.37477,92.1068,1347.9,29.83,128.9,grassland,weathered_rock,25.3,55.8,117.0,80.3,40.5,1,debris flow,0,low
SYN_E_00167,SYNTHETIC_NER,2018-09-08,Meghalaya,unspecified,27.62591,95.52422,402.8,35.69,144.6,grassland,unknown,118.9,338.0,493.2,371.8,28.5,1,soil slide,0,low
SYN_E_00730,SYNTHETIC_NER,2019-07-27,Tripura,unspecified,21.87509,93.83804,831.7,29.72,258.0,forest,weathered_rock,40.7,118.0,258.9,173.0,44.2,1,debris flow,0,low
SYN_N_01392,SYNTHETIC_NER,2021-08-08,Nagaland,unspecified,26.25869,92.48913,2374.3,5.66,249.9,forest,residual_soil,18.0,41.8,79.1,55.7,11.4,0,n/a,0,low
SYN_N_02018,SYNTHETIC_NER,2021-11-06,Meghalaya,unspecified,28.13807,90.54899,1695.6,30.17,189.3,forest,weathered_rock,63.8,146.4,228.2,170.8,34.3,0,n/a,0,low
SYN_N_01187,SYNTHETIC_NER,2023-06-06,Sikkim,unspecified,21.5706,92.91876,3024.5,22.47,336.8,cropland,residual_soil,14.5,36.5,75.1,51.4,20.6,0,n/a,0,low
SYN_N_00422,SYNTHETIC_NER,2025-07-26,Mizoram,unspecified,23.55156,89.23133,2076.1,15.1,306.8,built-up,residual_soil,22.7,50.8,95.2,67.4,32.9,0,n/a,0,low
SYN_E_00587,SYNTHETIC_NER,2017-09-04,Assam,unspecified,24.84263,91.67252,76.5,32.19,347.1,forest,weathered_rock,26.1,79.9,139.5,98.9,30.7,1,rock slide,0,low
SYN_N_00201,SYNTHETIC_NER,2016-09-10,Mizoram,unspecified,23.35677,89.00361,885.4,11.6,66.8,built-up,residual_soil,29.9,84.9,172.1,117.5,27.9,0,n/a,0,low
SYN_N_00500,SYNTHETIC_NER,2022-09-18,Assam,unspecified,24.47018,95.29045,416.3,17.44,241.7,bare,colluvium,12.4,23.5,40.3,29.7,23.0,0,n/a,0,low
SYN_N_01426,SYNTHETIC_NER,2016-06-05,Manipur,unspecified,25.81096,92.30325,2213.2,8.52,215.1,forest,colluvium,0.0,0.0,0.0,0.0,22.3,0,n/a,0,low
SYN_N_01632,SYNTHETIC_NER,2025-08-18,Sikkim,unspecified,27.16638,90.37354,4787.3,25.03,31.7,forest,colluvium,31.0,93.3,157.3,112.8,20.4,0,n/a,0,low
SYN_N_00179,SYNTHETIC_NER,2018-12-08,Manipur,unspecified,29.04951,92.79721,1736.4,22.31,347.5,bare,weathered_rock,5.1,10.0,18.6,13.3,11.6,0,n/a,0,low
SYN_N_00889,SYNTHETIC_NER,2025-08-04,Manipur,unspecified,21.56819,89.72624,2351.7,25.38,160.5,grassland,weathered_rock,21.8,53.8,100.2,70.6,26.5,0,n/a,0,low
SYN_N_00975,SYNTHETIC_NER,2016-11-17,Meghalaya,unspecified,23.89807,95.47743,1307.1,35.26,284.9,forest,residual_soil,39.9,106.9,191.1,135.6,36.2,0,n/a,0,low
SYN_N_01401,SYNTHETIC_NER,2021-06-02,Manipur,unspecified,22.79564,90.08844,2266.5,16.9,141.2,cropland,residual_soil,2.6,7.5,12.4,9.0,22.0,0,n/a,0,low
SYN_N_01112,SYNTHETIC_NER,2016-08-06,Manipur,unspecified,26.9706,93.11929,1517.5,27.99,252.8,grassland,weathered_rock,16.4,32.8,46.6,36.4,27.4,0,n/a,0,low
SYN_N_01717,SYNTHETIC_NER,2017-08-17,Tripura,unspecified,26.16,89.79926,552.6,20.77,334.1,grassland,residual_soil,14.5,35.3,58.4,42.7,32.3,0,n/a,0,low
SYN_E_00441,SYNTHETIC_NER,2025-07-08,Mizoram,unspecified,25.91145,96.73271,2030.9,32.83,236.0,cropland,weathered_rock,34.4,104.8,201.7,139.2,40.0,1,soil slide,0,low
SYN_N_00851,SYNTHETIC_NER,2025-09-26,Sikkim,unspecified,26.51512,90.58502,4563.6,24.16,239.1,grassland,colluvium,15.8,32.6,51.3,38.6,22.6,0,n/a,0,low
SYN_N_00101,SYNTHETIC_NER,2025-06-23,Nagaland,unspecified,29.28273,93.02529,1293.2,20.92,21.3,bare,residual_soil,26.6,53.4,90.9,66.8,19.7,0,n/a,0,low
SYN_N_01918,SYNTHETIC_NER,2017-07-06,Nagaland,unspecified,25.05262,91.8995,2847.9,11.85,9.0,forest,residual_soil,22.3,42.2,81.1,57.7,19.9,0,n/a,0,low
SYN_N_00104,SYNTHETIC_NER,2024-06-06,Manipur,unspecified,27.89401,88.0993,756.8,10.46,174.0,forest,residual_soil,7.1,22.1,35.6,25.9,36.9,0,n/a,0,low
SYN_E_00236,SYNTHETIC_NER,2020-08-17,Tripura,unspecified,24.92423,88.1512,779.6,36.05,85.1,cropland,colluvium,34.6,86.8,186.8,126.3,34.1,1,mudslide,0,low
SYN_E_00520,SYNTHETIC_NER,2018-08-14,Mizoram,unspecified,22.82936,96.7867,1163.0,30.39,15.8,grassland,colluvium,33.2,59.7,121.2,85.1,29.0,1,soil slide,0,low
SYN_E_00735,SYNTHETIC_NER,2020-07-16,Tripura,unspecified,24.58669,94.16213,143.4,37.84,54.8,cropland,residual_soil,40.7,107.4,234.4,157.6,29.5,1,debris flow,0,low
SYN_N_01980,SYNTHETIC_NER,2021-08-02,Nagaland,unspecified,23.78099,93.53359,387.2,27.56,201.1,cropland,weathered_rock,21.1,58.2,126.2,84.8,26.6,0,n/a,0,low
SYN_N_00906,SYNTHETIC_NER,2022-05-16,Sikkim,unspecified,21.57929,94.82056,3989.7,33.76,203.6,grassland,residual_soil,18.7,49.2,103.6,70.3,21.7,0,n/a,0,low
SYN_E_00592,SYNTHETIC_NER,2023-07-07,Meghalaya,unspecified,23.62274,89.7913,1393.2,41.66,259.0,forest,unknown,51.5,155.9,241.3,177.7,31.4,1,soil slide,2,low
SYN_N_00103,SYNTHETIC_NER,2025-12-12,Arunachal Pradesh,unspecified,23.08267,88.8106,3815.0,15.95,108.5,forest,weathered_rock,35.5,75.3,142.1,100.8,42.2,0,n/a,0,low
SYN_N_00187,SYNTHETIC_NER,2023-06-10,Sikkim,unspecified,21.57562,96.30963,4318.2,33.49,106.0,forest,residual_soil,35.0,92.8,135.3,102.5,23.9,0,n/a,0,low
SYN_N_01138,SYNTHETIC_NER,2022-06-04,Sikkim,unspecified,22.82762,92.10376,2525.5,26.5,92.2,forest,weathered_rock,30.9,59.3,129.1,88.5,29.6,0,n/a,0,low
SYN_N_01472,SYNTHETIC_NER,2020-01-15,Mizoram,unspecified,28.8862,89.58133,1829.5,15.14,175.6,cropland,colluvium,20.7,59.3,91.7,67.8,28.0,0,n/a,0,low
SYN_N_02145,SYNTHETIC_NER,2023-06-11,Meghalaya,unspecified,21.9334,92.46136,488.4,7.96,175.6,bare,colluvium,28.9,91.3,140.0,103.2,22.5,0,n/a,0,low
SYN_E_00904,SYNTHETIC_NER,2016-09-08,Manipur,unspecified,27.97047,92.10171,987.9,48.19,329.4,forest,weathered_rock,18.6,43.8,66.8,50.3,45.6,1,debris flow,0,low
SYN_N_01845,SYNTHETIC_NER,2020-09-25,Mizoram,unspecified,29.21176,89.4083,1299.9,20.82,359.1,cropland,weathered_rock,10.4,26.9,47.2,33.8,25.5,0,n/a,0,low
SYN_N_00079,SYNTHETIC_NER,2024-01-24,Meghalaya,unspecified,22.97381,92.00379,672.1,27.71,331.3,grassland,colluvium,76.9,169.7,325.8,229.2,26.6,0,n/a,0,low
SYN_N_01674,SYNTHETIC_NER,2018-09-22,Mizoram,unspecified,28.44783,95.96076,1471.1,17.08,21.8,forest,residual_soil,25.7,54.8,77.8,60.5,15.6,0,n/a,0,low
SYN_N_02251,SYNTHETIC_NER,2017-08-02,Mizoram,unspecified,27.3187,95.15651,1725.2,34.88,98.0,forest,weathered_rock,19.8,50.4,86.1,62.1,29.1,0,n/a,0,low
SYN_N_01108,SYNTHETIC_NER,2016-04-01,Nagaland,unspecified,26.27153,90.41691,2127.1,15.85,103.2,forest,colluvium,11.2,26.2,42.0,31.1,23.8,0,n/a,0,low
SYN_N_01657,SYNTHETIC_NER,2023-08-01,Arunachal Pradesh,unspecified,22.08687,97.24988,3233.9,16.72,0.9,forest,residual_soil,21.2,65.0,118.9,83.2,34.9,0,n/a,0,low
SYN_N_01747,SYNTHETIC_NER,2024-06-01,Mizoram,unspecified,26.69534,90.35504,721.2,16.68,223.3,built-up,residual_soil,31.3,63.0,121.9,86.1,23.5,0,n/a,0,low
SYN_N_01650,SYNTHETIC_NER,2015-09-06,Tripura,unspecified,27.88637,95.53084,810.0,27.77,247.3,forest,residual_soil,14.0,37.2,63.4,45.7,39.1,0,n/a,0,low
SYN_E_00706,SYNTHETIC_NER,2023-08-21,Assam,unspecified,28.46509,95.93032,135.4,27.96,3.6,forest,weathered_rock,20.7,48.0,86.4,61.7,38.0,1,soil slide,0,low
SYN_N_01965,SYNTHETIC_NER,2019-07-14,Assam,unspecified,24.20475,89.63243,458.7,17.26,65.5,forest,residual_soil,12.6,34.6,70.2,48.0,14.7,0,n/a,0,low
SYN_E_00745,SYNTHETIC_NER,2020-06-12,Mizoram,unspecified,27.06693,89.46056,765.4,30.97,330.9,bare,weathered_rock,51.0,162.7,344.9,231.5,46.5,1,debris flow,0,low
SYN_N_00739,SYNTHETIC_NER,2022-08-06,Mizoram,unspecified,26.17673,95.02602,1121.6,6.59,272.2,bare,residual_soil,21.8,41.3,72.5,53.0,7.3,0,n/a,0,low
SYN_N_01928,SYNTHETIC_NER,2021-07-12,Sikkim,unspecified,22.55768,95.82037,2104.0,29.62,187.2,grassland,residual_soil,18.2,35.0,76.8,52.6,7.6,0,n/a,0,low
SYN_E_00513,SYNTHETIC_NER,2016-08-12,Sikkim,unspecified,26.64709,95.63308,661.8,14.19,285.4,cropland,weathered_rock,53.6,125.2,233.0,164.8,45.6,1,debris flow,0,low
SYN_E_00081,SYNTHETIC_NER,2023-08-03,Manipur,unspecified,27.80044,94.00737,1491.4,37.82,334.5,built-up,residual_soil,22.0,63.1,102.7,74.7,32.7,1,soil slide,0,low
SYN_N_00108,SYNTHETIC_NER,2020-09-08,Sikkim,unspecified,22.1964,92.37428,1828.1,13.51,327.1,forest,residual_soil,18.7,59.4,125.6,84.4,16.6,0,n/a,0,low
SYN_N_01782,SYNTHETIC_NER,2015-08-01,Nagaland,unspecified,28.32364,95.90287,2578.9,17.88,214.6,bare,colluvium,15.2,36.9,54.8,41.5,13.4,0,n/a,0,low
SYN_E_00914,SYNTHETIC_NER,2016-08-03,Nagaland,unspecified,21.5856,93.04942,1385.9,35.68,309.8,forest,residual_soil,41.0,98.7,148.6,112.1,46.7,1,mudslide,0,low
SYN_N_02110,SYNTHETIC_NER,2019-07-18,Manipur,unspecified,21.55846,94.79186,975.7,44.51,293.2,forest,residual_soil,14.7,29.8,61.3,42.5,41.4,0,n/a,0,low
SYN_N_02094,SYNTHETIC_NER,2020-10-22,Arunachal Pradesh,unspecified,28.73365,88.10316,3117.2,21.82,191.3,bare,colluvium,16.0,48.8,68.4,52.0,34.4,0,n/a,0,low
SYN_E_00774,SYNTHETIC_NER,2017-07-20,Sikkim,unspecified,24.00064,94.00759,3388.7,37.36,136.3,cropland,residual_soil,45.3,140.6,296.1,199.3,38.2,1,debris flow,0,low
SYN_E_00329,SYNTHETIC_NER,2021-07-02,Nagaland,unspecified,24.71216,93.76847,2859.8,40.94,357.0,cropland,residual_soil,21.2,66.3,138.8,93.5,38.6,1,soil slide,0,low
SYN_N_00854,SYNTHETIC_NER,2016-09-23,Assam,unspecified,26.75212,94.44863,71.9,10.62,347.9,forest,residual_soil,4.9,15.5,24.7,18.0,12.0,0,n/a,0,low
SYN_N_00801,SYNTHETIC_NER,2024-09-01,Nagaland,unspecified,22.83602,88.85535,1742.0,27.51,321.6,cropland,colluvium,21.8,59.3,125.5,84.9,25.1,0,n/a,0,low
SYN_E_00943,SYNTHETIC_NER,2022-09-15,Manipur,unspecified,25.99971,94.04163,2805.3,36.96,113.6,forest,weathered_rock,13.5,25.2,46.3,33.4,41.0,1,soil slide,1,low
SYN_E_00822,SYNTHETIC_NER,2024-10-05,Meghalaya,unspecified,23.08134,89.61212,1196.8,48.79,110.1,bare,colluvium,71.3,199.3,308.7,228.4,39.0,1,debris flow,0,low
SYN_E_00909,SYNTHETIC_NER,2015-08-16,Assam,unspecified,26.04279,96.73219,105.8,32.32,233.9,bare,residual_soil,37.0,115.0,238.8,161.3,34.0,1,soil slide,0,low
SYN_E_00181,SYNTHETIC_NER,2015-08-16,Meghalaya,unspecified,26.4949,92.52117,1533.3,44.81,223.5,forest,colluvium,127.7,288.4,619.6,421.9,45.2,1,soil slide,0,low
SYN_E_00164,SYNTHETIC_NER,2024-08-24,Manipur,unspecified,28.20094,92.60165,1918.2,34.33,17.5,forest,colluvium,29.6,57.8,88.0,67.3,43.6,1,mudslide,0,low
SYN_N_00323,SYNTHETIC_NER,2024-08-27,Assam,unspecified,24.90494,90.82526,47.7,32.57,235.9,forest,weathered_rock,14.8,32.7,47.0,36.3,17.7,0,n/a,0,low
SYN_E_00451,SYNTHETIC_NER,2015-08-11,Arunachal Pradesh,unspecified,25.79662,88.13741,4336.9,34.87,102.5,built-up,residual_soil,49.5,107.1,183.6,133.9,29.1,1,debris flow,0,low
SYN_N_00111,SYNTHETIC_NER,2022-06-25,Mizoram,unspecified,26.23772,88.8009,1333.2,32.47,312.7,grassland,residual_soil,19.0,34.3,49.5,38.8,36.3,0,n/a,0,low
SYN_E_01111,SYNTHETIC_NER,2017-07-02,Meghalaya,unspecified,24.63831,88.1332,593.5,37.91,38.5,forest,unknown,146.3,408.3,792.4,548.0,44.2,1,mudslide,0,low
SYN_N_01779,SYNTHETIC_NER,2024-07-01,Sikkim,unspecified,23.01659,95.05724,2664.8,29.46,242.9,forest,residual_soil,5.4,15.5,30.3,20.9,18.3,0,n/a,0,low
SYN_N_00087,SYNTHETIC_NER,2021-09-15,Nagaland,unspecified,21.85726,88.69697,1973.2,26.24,336.2,forest,unknown,10.9,31.4,66.7,44.9,8.6,0,n/a,0,low
SYN_E_00327,SYNTHETIC_NER,2016-09-26,Assam,unspecified,24.60828,92.81562,95.2,32.58,113.1,bare,colluvium,23.2,71.4,134.2,93.2,20.8,1,rock slide,0,low
SYN_N_00590,SYNTHETIC_NER,2023-06-10,Sikkim,unspecified,22.79555,88.78068,4081.6,51.82,100.2,forest,colluvium,6.3,18.2,32.1,22.7,31.8,0,n/a,0,low
SYN_N_01982,SYNTHETIC_NER,2023-05-18,Sikkim,unspecified,24.31174,89.52433,1559.0,21.47,298.0,cropland,colluvium,19.4,44.7,94.8,64.7,19.3,0,n/a,0,low
SYN_N_00807,SYNTHETIC_NER,2022-09-10,Sikkim,unspecified,26.34407,93.57199,2809.4,27.83,132.4,grassland,unknown,11.2,31.7,63.2,43.4,21.9,0,n/a,0,low
SYN_N_00658,SYNTHETIC_NER,2023-05-17,Manipur,unspecified,26.15491,97.04927,2597.9,32.97,43.9,cropland,unknown,8.3,19.0,30.8,22.8,27.8,0,n/a,0,low
SYN_E_00312,SYNTHETIC_NER,2015-02-19,Assam,unspecified,25.18164,91.28412,54.6,23.42,251.5,built-up,colluvium,29.5,80.0,150.5,105.2,38.7,1,soil slide,0,low
SYN_E_00832,SYNTHETIC_NER,2025-12-18,Manipur,unspecified,29.12971,93.84818,827.5,38.74,112.7,bare,weathered_rock,26.5,60.6,109.3,78.1,35.8,1,rock slide,0,low
SYN_N_00001,SYNTHETIC_NER,2021-05-02,Assam,unspecified,26.39354,93.0031,115.1,17.45,109.2,forest,weathered_rock,24.2,71.4,123.2,87.9,28.3,0,n/a,0,low
SYN_N_01570,SYNTHETIC_NER,2017-07-12,Sikkim,unspecified,23.71355,93.17194,2666.4,23.88,272.2,forest,colluvium,13.3,36.5,79.3,53.3,27.9,0,n/a,0,low
SYN_N_01224,SYNTHETIC_NER,2022-08-05,Manipur,unspecified,21.55226,96.32941,1636.8,18.65,225.7,forest,residual_soil,0.9,2.9,6.1,4.1,39.4,0,n/a,0,low
SYN_N_00934,SYNTHETIC_NER,2015-09-17,Meghalaya,unspecified,29.46486,95.18345,337.0,7.04,284.5,cropland,weathered_rock,35.9,90.4,187.0,127.8,40.5,0,n/a,0,low
SYN_N_01009,SYNTHETIC_NER,2018-06-03,Tripura,unspecified,26.51525,92.30375,431.5,30.46,93.6,forest,weathered_rock,13.1,31.8,62.5,43.4,31.8,0,n/a,0,low
SYN_N_02334,SYNTHETIC_NER,2021-05-11,Assam,unspecified,28.85643,89.01829,566.2,29.02,52.7,forest,colluvium,3.8,12.0,19.9,14.3,37.5,0,n/a,0,low
SYN_N_00281,SYNTHETIC_NER,2019-09-19,Assam,unspecified,23.88848,93.82011,335.7,37.81,201.9,forest,colluvium,11.1,25.3,41.1,30.4,24.8,0,n/a,0,low
SYN_E_00777,SYNTHETIC_NER,2015-10-12,Assam,unspecified,26.07866,91.47862,446.4,27.15,239.8,cropland,colluvium,65.8,142.6,230.2,171.0,38.4,1,mudslide,0,low
SYN_E_00799,SYNTHETIC_NER,2019-07-12,Manipur,unspecified,25.02393,90.34493,1883.3,27.49,49.6,cropland,weathered_rock,23.4,47.7,74.8,56.4,45.8,1,debris flow,0,low
SYN_E_00054,SYNTHETIC_NER,2019-06-17,Manipur,unspecified,25.31761,92.69599,2132.4,32.68,146.7,cropland,colluvium,45.7,87.4,123.5,97.1,28.7,1,debris flow,0,low
SYN_N_00720,SYNTHETIC_NER,2015-02-16,Sikkim,unspecified,22.32832,90.56906,3094.2,30.94,60.8,bare,weathered_rock,9.4,26.2,48.6,34.0,20.9,0,n/a,0,low
SYN_N_01894,SYNTHETIC_NER,2017-11-12,Nagaland,unspecified,27.30929,94.48571,1882.0,28.33,91.6,forest,residual_soil,23.0,47.3,83.3,60.5,17.2,0,n/a,0,low
SYN_N_01387,SYNTHETIC_NER,2020-07-09,Tripura,unspecified,27.97177,89.60012,844.9,30.07,214.2,forest,residual_soil,10.0,31.3,67.2,45.0,36.1,0,n/a,0,low
SYN_N_00501,SYNTHETIC_NER,2020-08-11,Tripura,unspecified,27.18019,88.78681,493.9,17.53,186.4,cropland,colluvium,13.8,37.2,54.2,41.0,34.0,0,n/a,0,low
SYN_N_00961,SYNTHETIC_NER,2019-07-16,Sikkim,unspecified,26.76423,90.53716,3982.5,20.46,226.2,forest,weathered_rock,9.1,27.1,43.0,31.4,16.5,0,n/a,0,low
SYN_N_02167,SYNTHETIC_NER,2023-08-18,Tripura,unspecified,26.47454,93.84229,302.3,24.78,191.1,forest,weathered_rock,12.1,36.7,75.3,51.1,22.0,0,n/a,0,low
SYN_E_00987,SYNTHETIC_NER,2015-09-05,Mizoram,unspecified,23.97379,88.9571,903.9,28.6,4.8,forest,weathered_rock,39.8,117.6,193.5,140.0,43.2,1,debris flow,0,low
SYN_N_01385,SYNTHETIC_NER,2015-08-15,Nagaland,unspecified,21.75254,96.97226,2986.5,26.44,184.6,forest,residual_soil,11.7,21.4,32.0,24.8,11.5,0,n/a,0,low
SYN_N_00194,SYNTHETIC_NER,2025-08-18,Sikkim,unspecified,27.73118,94.53762,2621.1,27.47,46.9,grassland,colluvium,23.1,62.9,112.2,79.6,16.9,0,n/a,0,low
SYN_E_00768,SYNTHETIC_NER,2015-06-12,Meghalaya,unspecified,26.75561,93.94772,898.0,33.33,100.1,bare,colluvium,164.6,425.5,921.6,621.4,36.6,1,rock slide,0,low
SYN_N_01979,SYNTHETIC_NER,2021-04-12,Tripura,unspecified,23.19738,92.37321,612.4,18.93,121.0,forest,colluvium,21.6,57.3,95.3,69.2,27.1,0,n/a,0,low
SYN_E_00285,SYNTHETIC_NER,2021-09-18,Arunachal Pradesh,unspecified,24.4604,96.24202,3114.4,34.93,134.3,forest,colluvium,91.8,239.4,479.7,330.0,43.7,1,debris flow,0,low
SYN_N_01961,SYNTHETIC_NER,2015-09-06,Nagaland,unspecified,23.96406,92.63435,2507.9,21.8,157.6,forest,residual_soil,0.0,0.0,0.0,0.0,26.9,0,n/a,0,low
SYN_E_00428,SYNTHETIC_NER,2017-06-25,Assam,unspecified,23.34689,89.98378,207.0,34.92,332.6,cropland,weathered_rock,55.0,172.0,331.1,228.1,51.1,1,rock slide,0,low
SYN_N_01132,SYNTHETIC_NER,2019-06-15,Assam,unspecified,27.73755,89.26379,42.7,16.73,340.0,cropland,weathered_rock,11.4,20.5,34.2,25.5,16.9,0,n/a,0,low
SYN_N_00879,SYNTHETIC_NER,2018-09-21,Sikkim,unspecified,21.54845,97.26434,1509.9,18.58,19.7,forest,weathered_rock,21.7,50.8,74.0,56.6,40.7,0,n/a,0,low
SYN_E_00722,SYNTHETIC_NER,2017-09-04,Sikkim,unspecified,24.29905,89.5495,3359.0,38.63,95.1,forest,residual_soil,47.2,134.8,291.2,195.5,31.7,1,debris flow,0,low
SYN_E_00951,SYNTHETIC_NER,2016-06-19,Mizoram,unspecified,23.49575,92.74307,1919.7,30.54,48.1,cropland,colluvium,32.3,85.9,145.9,105.2,27.4,1,soil slide,0,low
SYN_N_01062,SYNTHETIC_NER,2022-08-14,Mizoram,unspecified,27.98799,97.42423,509.6,29.35,58.8,cropland,weathered_rock,22.9,69.7,117.7,84.4,25.2,0,n/a,0,low
SYN_E_00989,SYNTHETIC_NER,2022-11-13,Sikkim,unspecified,25.03461,88.43187,1889.9,18.88,168.8,forest,residual_soil,59.1,135.3,192.5,148.7,36.8,1,mudslide,0,low
SYN_N_02150,SYNTHETIC_NER,2025-04-14,Assam,unspecified,23.76866,92.53897,441.7,27.63,187.1,grassland,colluvium,9.7,25.5,42.2,30.7,28.0,0,n/a,0,low
SYN_N_02340,SYNTHETIC_NER,2022-12-24,Sikkim,unspecified,23.67171,95.99343,3698.7,10.28,157.5,cropland,residual_soil,20.3,46.7,94.0,65.1,13.2,0,n/a,0,low
SYN_E_00326,SYNTHETIC_NER,2019-07-01,Meghalaya,unspecified,23.12313,96.34128,525.8,39.03,248.7,forest,colluvium,164.3,332.1,584.4,424.7,41.8,1,mudslide,0,low
SYN_N_00183,SYNTHETIC_NER,2022-07-21,Nagaland,unspecified,24.16164,97.05771,288.0,22.53,59.2,forest,weathered_rock,14.2,31.9,52.9,38.8,27.8,0,n/a,0,low
SYN_N_00524,SYNTHETIC_NER,2019-07-19,Sikkim,unspecified,25.99926,91.25281,4198.2,7.72,87.1,forest,residual_soil,19.4,53.2,102.8,71.2,23.8,0,n/a,0,low
SYN_E_01086,SYNTHETIC_NER,2022-08-24,Sikkim,unspecified,26.84482,88.03816,636.5,40.39,248.0,forest,unknown,50.3,106.4,204.0,144.0,26.6,1,rock slide,0,low
SYN_E_00341,SYNTHETIC_NER,2019-07-10,Mizoram,unspecified,26.25029,95.8326,991.9,36.79,80.2,forest,unknown,25.2,68.8,145.1,98.2,39.8,1,soil slide,0,low
SYN_E_00147,SYNTHETIC_NER,2023-06-24,Meghalaya,unspecified,27.99496,95.2193,1573.2,28.45,250.4,forest,weathered_rock,93.7,212.0,343.4,254.0,30.7,1,debris flow,0,low
SYN_N_01598,SYNTHETIC_NER,2022-09-17,Tripura,unspecified,23.99131,88.84098,413.1,2.55,59.0,forest,colluvium,18.4,48.1,69.0,52.6,26.3,0,n/a,0,low
SYN_E_01107,SYNTHETIC_NER,2017-09-13,Arunachal Pradesh,unspecified,22.73992,93.57063,4014.3,37.74,22.3,forest,weathered_rock,69.1,185.2,334.5,236.6,36.2,1,debris flow,0,low
SYN_E_00848,SYNTHETIC_NER,2015-08-19,Sikkim,unspecified,24.07938,94.28405,769.9,31.34,333.3,built-up,colluvium,71.1,222.4,352.9,257.4,36.8,1,debris flow,0,low
SYN_E_00966,SYNTHETIC_NER,2019-02-15,Nagaland,unspecified,22.68976,92.9343,907.3,16.57,50.0,cropland,weathered_rock,32.7,77.1,150.1,104.7,35.3,1,soil slide,0,low
SYN_N_02331,SYNTHETIC_NER,2016-08-06,Arunachal Pradesh,unspecified,25.66776,90.46241,4046.8,16.88,262.7,cropland,weathered_rock,15.7,30.7,54.2,39.5,32.5,0,n/a,0,low
SYN_N_01003,SYNTHETIC_NER,2017-08-07,Nagaland,unspecified,22.0063,94.98101,3254.5,6.49,339.2,grassland,colluvium,15.2,31.6,57.4,41.2,32.0,0,n/a,0,low
SYN_E_00661,SYNTHETIC_NER,2017-06-10,Tripura,unspecified,27.61023,88.51773,327.2,28.57,25.9,forest,residual_soil,43.5,100.0,181.5,129.5,54.6,1,soil slide,0,low
SYN_E_01002,SYNTHETIC_NER,2020-08-11,Nagaland,unspecified,28.34605,91.965,3184.2,26.12,159.1,grassland,weathered_rock,37.7,81.9,120.4,92.3,39.4,1,soil slide,0,low
SYN_N_01600,SYNTHETIC_NER,2015-07-14,Mizoram,unspecified,26.72941,97.49258,2021.2,35.43,311.4,forest,residual_soil,15.4,38.7,63.8,46.6,27.9,0,n/a,0,low
SYN_N_01811,SYNTHETIC_NER,2023-08-27,Assam,unspecified,22.51269,93.00487,225.2,24.75,245.4,forest,residual_soil,13.3,33.5,54.1,39.8,42.1,0,n/a,0,low
SYN_N_01603,SYNTHETIC_NER,2023-06-27,Manipur,unspecified,27.1444,89.49462,1123.6,34.59,134.0,forest,residual_soil,9.1,21.8,47.4,32.0,12.8,0,n/a,0,low
SYN_N_01981,SYNTHETIC_NER,2015-06-20,Meghalaya,unspecified,24.73787,91.76385,624.5,10.18,154.4,grassland,residual_soil,54.0,130.3,272.7,186.2,36.9,0,n/a,0,low
SYN_N_00679,SYNTHETIC_NER,2023-01-27,Arunachal Pradesh,unspecified,24.37499,94.40129,4530.1,8.78,289.8,grassland,residual_soil,25.5,50.5,104.1,72.3,5.3,0,n/a,0,low
SYN_N_02380,SYNTHETIC_NER,2019-07-10,Meghalaya,unspecified,23.83441,95.1412,1021.7,15.62,245.1,bare,residual_soil,36.4,66.1,113.2,83.7,33.5,0,n/a,0,low
SYN_N_00003,SYNTHETIC_NER,2024-09-03,Meghalaya,unspecified,27.36025,94.89286,850.7,24.95,96.7,bare,weathered_rock,86.2,268.8,460.1,327.9,9.4,0,n/a,0,low
SYN_N_00790,SYNTHETIC_NER,2022-07-04,Mizoram,unspecified,24.60555,97.31614,185.5,40.42,46.0,cropland,colluvium,16.2,43.5,66.6,49.6,16.1,0,n/a,0,low
SYN_E_00024,SYNTHETIC_NER,2021-06-20,Sikkim,unspecified,25.0204,89.19517,3771.0,34.92,33.0,cropland,colluvium,37.6,85.8,148.1,107.3,44.0,1,debris flow,0,low
SYN_N_02172,SYNTHETIC_NER,2015-06-27,Manipur,unspecified,22.43534,93.32,1020.9,27.36,110.4,forest,residual_soil,13.8,31.4,52.1,38.3,22.1,0,n/a,0,low
SYN_N_02148,SYNTHETIC_NER,2022-07-08,Mizoram,unspecified,24.92618,88.69016,1572.8,2.0,108.5,forest,colluvium,13.0,25.2,48.4,34.3,30.1,0,n/a,0,low
SYN_N_01294,SYNTHETIC_NER,2024-07-08,Arunachal Pradesh,unspecified,29.47819,91.31128,4640.5,32.55,342.5,cropland,residual_soil,17.4,50.5,75.5,56.4,21.2,0,n/a,0,low
SYN_N_01555,SYNTHETIC_NER,2025-07-14,Manipur,unspecified,28.17371,93.58504,1133.5,20.43,316.3,forest,colluvium,21.5,51.1,84.3,61.8,17.3,0,n/a,0,low
SYN_E_00875,SYNTHETIC_NER,2018-07-17,Nagaland,unspecified,25.75811,97.03729,2223.8,27.3,116.1,cropland,residual_soil,35.6,100.5,186.4,130.5,23.5,1,soil slide,0,low
SYN_N_02028,SYNTHETIC_NER,2025-08-05,Arunachal Pradesh,unspecified,25.0169,92.34103,3683.7,9.32,0.3,forest,colluvium,36.1,86.3,146.5,106.3,22.0,0,n/a,0,low
SYN_E_00938,SYNTHETIC_NER,2025-06-23,Manipur,unspecified,28.22103,88.25538,973.9,39.9,298.6,bare,colluvium,17.8,40.0,63.1,47.1,38.1,1,debris flow,0,low
SYN_N_01194,SYNTHETIC_NER,2019-08-06,Tripura,unspecified,23.57905,88.76069,390.0,19.29,298.3,cropland,colluvium,13.7,40.7,71.7,50.8,10.2,0,n/a,0,low
SYN_N_01798,SYNTHETIC_NER,2015-07-04,Tripura,unspecified,26.18062,96.74019,311.9,17.32,268.3,grassland,residual_soil,21.7,55.6,115.7,78.8,18.9,0,n/a,0,low
SYN_N_02363,SYNTHETIC_NER,2020-02-12,Tripura,unspecified,24.05023,91.04329,750.3,26.75,97.5,forest,residual_soil,4.4,12.9,18.2,13.8,26.9,0,n/a,0,low
SYN_E_00385,SYNTHETIC_NER,2025-07-20,Assam,unspecified,25.35689,93.43809,209.1,37.22,13.8,bare,unknown,40.3,78.9,151.7,107.6,38.3,1,debris flow,0,low
SYN_N_01549,SYNTHETIC_NER,2019-08-10,Tripura,unspecified,25.97103,96.13427,564.6,23.36,99.0,grassland,weathered_rock,12.1,34.6,55.9,40.8,20.1,0,n/a,0,low
SYN_N_02159,SYNTHETIC_NER,2018-06-18,Nagaland,unspecified,26.06297,91.85753,3466.5,37.7,230.1,built-up,unknown,11.3,30.3,56.9,39.8,37.4,0,n/a,0,low
SYN_N_01438,SYNTHETIC_NER,2019-07-04,Assam,unspecified,24.67623,88.16124,102.9,7.92,132.2,forest,colluvium,17.0,39.3,67.2,48.8,29.2,0,n/a,0,low
SYN_N_01091,SYNTHETIC_NER,2023-07-19,Sikkim,unspecified,22.5887,96.47011,4073.9,16.92,54.0,forest,colluvium,8.8,20.3,29.2,22.4,19.2,0,n/a,0,low
SYN_N_01307,SYNTHETIC_NER,2017-09-11,Sikkim,unspecified,26.90075,94.09127,3593.9,15.91,74.1,forest,colluvium,51.7,164.2,242.4,180.8,27.3,0,n/a,0,low
SYN_E_00936,SYNTHETIC_NER,2022-09-17,Meghalaya,unspecified,23.70537,88.2454,1370.7,36.73,95.2,forest,colluvium,89.1,214.0,367.8,265.9,46.9,1,mudslide,0,low
SYN_N_01888,SYNTHETIC_NER,2015-08-18,Tripura,unspecified,26.5592,89.85379,394.0,30.12,160.6,forest,colluvium,16.9,44.7,87.4,60.5,34.7,0,n/a,0,low
SYN_N_01160,SYNTHETIC_NER,2017-09-27,Meghalaya,unspecified,25.34516,91.33804,1769.6,20.29,8.3,built-up,weathered_rock,36.4,89.4,132.1,100.1,26.9,0,n/a,0,low
SYN_N_02305,SYNTHETIC_NER,2019-06-04,Meghalaya,unspecified,28.55477,95.36585,893.1,23.76,306.2,grassland,unknown,86.7,172.9,344.8,241.6,8.0,0,n/a,0,low
SYN_N_00132,SYNTHETIC_NER,2019-05-17,Manipur,unspecified,22.00716,97.16478,1960.0,26.68,347.9,cropland,weathered_rock,14.8,42.8,91.0,61.3,13.1,0,n/a,0,low
SYN_N_00734,SYNTHETIC_NER,2018-07-22,Tripura,unspecified,25.00936,90.80982,211.4,28.11,2.6,cropland,colluvium,5.8,18.4,27.0,20.2,34.9,0,n/a,0,low
SYN_E_00935,SYNTHETIC_NER,2020-06-04,Arunachal Pradesh,unspecified,21.72619,88.54525,3915.0,43.74,335.4,built-up,residual_soil,61.7,143.3,239.2,175.0,33.6,1,debris flow,0,low
SYN_N_01218,SYNTHETIC_NER,2019-06-11,Tripura,unspecified,22.15434,96.63106,581.4,25.65,46.4,forest,residual_soil,14.8,46.6,89.4,61.6,32.4,0,n/a,0,low
SYN_E_00566,SYNTHETIC_NER,2021-12-19,Meghalaya,unspecified,25.58376,88.65823,1645.9,38.34,80.8,grassland,residual_soil,148.3,471.6,990.2,666.2,43.7,1,soil slide,0,low
SYN_N_00654,SYNTHETIC_NER,2020-07-16,Tripura,unspecified,24.95198,91.05708,64.1,19.92,260.6,forest,colluvium,13.0,29.9,63.4,43.2,26.1,0,n/a,0,low
SYN_N_01990,SYNTHETIC_NER,2021-10-02,Tripura,unspecified,22.90621,94.84545,271.2,31.09,76.2,forest,weathered_rock,13.2,39.1,58.0,43.4,21.0,0,n/a,0,low
SYN_N_00445,SYNTHETIC_NER,2025-07-03,Assam,unspecified,21.52116,89.83254,134.0,36.45,55.2,forest,unknown,10.3,27.0,48.6,34.5,21.6,0,n/a,0,low
SYN_N_01807,SYNTHETIC_NER,2024-04-17,Mizoram,unspecified,29.32491,91.86062,226.6,13.06,210.1,forest,colluvium,5.4,11.5,22.9,16.0,22.6,0,n/a,0,low
SYN_N_00592,SYNTHETIC_NER,2017-07-26,Nagaland,unspecified,24.86364,97.03137,968.4,6.52,24.8,grassland,colluvium,21.3,58.1,100.5,71.9,6.5,0,n/a,0,low
SYN_N_00230,SYNTHETIC_NER,2021-09-25,Tripura,unspecified,23.62594,96.55282,743.8,2.0,180.9,forest,residual_soil,3.6,10.0,18.6,13.0,19.9,0,n/a,0,low
SYN_N_02143,SYNTHETIC_NER,2022-06-19,Manipur,unspecified,22.86481,93.5654,2407.5,15.41,71.7,cropland,unknown,16.8,37.3,60.9,45.0,14.4,0,n/a,0,low
SYN_E_01013,SYNTHETIC_NER,2020-08-07,Mizoram,unspecified,25.50591,90.77938,1787.6,29.85,313.4,cropland,colluvium,23.2,63.3,106.9,77.0,44.8,1,soil slide,0,low
SYN_N_00728,SYNTHETIC_NER,2024-03-18,Tripura,unspecified,27.66374,91.59592,395.7,23.67,319.2,bare,weathered_rock,6.9,14.0,29.3,20.2,21.6,0,n/a,0,low
SYN_N_01499,SYNTHETIC_NER,2020-07-23,Nagaland,unspecified,23.72068,90.39833,3193.6,11.15,196.9,forest,weathered_rock,6.2,13.4,21.5,16.0,29.5,0,n/a,0,low
SYN_E_00126,SYNTHETIC_NER,2019-06-22,Assam,unspecified,22.01367,95.29132,184.2,26.92,135.5,forest,colluvium,26.7,70.0,111.0,81.8,34.4,1,debris flow,0,low
SYN_N_01313,SYNTHETIC_NER,2021-06-25,Manipur,unspecified,24.10373,90.24285,1295.8,32.3,217.8,forest,residual_soil,8.4,15.2,30.0,21.2,5.0,0,n/a,0,low
SYN_N_00147,SYNTHETIC_NER,2025-09-05,Sikkim,unspecified,24.67367,88.4386,2590.2,20.01,52.3,forest,residual_soil,7.6,14.8,26.8,19.4,15.0,0,n/a,0,low
SYN_E_00355,SYNTHETIC_NER,2017-07-10,Arunachal Pradesh,unspecified,26.09123,94.62027,2592.7,37.42,231.8,grassland,unknown,30.3,64.7,128.0,89.4,32.9,1,debris flow,0,low
SYN_E_00827,SYNTHETIC_NER,2016-07-19,Arunachal Pradesh,unspecified,23.74083,89.53694,1125.0,32.42,208.4,bare,weathered_rock,85.5,204.8,362.3,259.7,45.1,1,soil slide,0,low
SYN_N_00439,SYNTHETIC_NER,2021-06-13,Sikkim,unspecified,26.72889,90.02282,2512.8,5.04,64.7,built-up,residual_soil,19.2,49.0,88.7,62.9,24.7,0,n/a,0,low
SYN_E_00984,SYNTHETIC_NER,2018-06-26,Nagaland,unspecified,28.43357,94.82221,1346.3,29.03,51.3,forest,residual_soil,27.6,82.3,171.2,115.8,54.0,1,debris flow,0,low
SYN_N_00988,SYNTHETIC_NER,2015-08-20,Arunachal Pradesh,unspecified,26.77975,94.85782,2003.8,19.65,348.4,forest,residual_soil,33.3,62.1,91.1,70.8,33.7,0,n/a,0,low
SYN_N_01852,SYNTHETIC_NER,2022-06-13,Mizoram,unspecified,26.08628,93.35776,437.0,27.65,332.6,forest,colluvium,20.5,44.7,75.4,55.2,25.7,0,n/a,0,low
SYN_N_01243,SYNTHETIC_NER,2019-08-03,Arunachal Pradesh,unspecified,28.94069,92.19909,4570.4,8.22,226.5,bare,weathered_rock,25.2,78.2,147.2,102.1,21.0,0,n/a,0,low
SYN_E_00362,SYNTHETIC_NER,2025-07-08,Meghalaya,unspecified,28.35385,89.33343,837.5,39.32,210.2,forest,residual_soil,83.5,164.9,281.4,206.9,39.3,1,debris flow,0,low
SYN_N_01149,SYNTHETIC_NER,2016-09-03,Sikkim,unspecified,25.38796,95.40607,3174.3,29.04,214.6,forest,residual_soil,31.3,97.8,187.8,129.5,5.0,0,n/a,0,low
SYN_E_00345,SYNTHETIC_NER,2020-08-03,Mizoram,unspecified,28.77982,92.1642,294.5,20.36,29.3,grassland,weathered_rock,42.2,92.0,186.0,129.0,41.1,1,debris flow,1,low
SYN_N_01424,SYNTHETIC_NER,2020-08-12,Mizoram,unspecified,29.33518,93.41266,1650.1,31.18,218.2,bare,unknown,18.9,56.2,97.4,69.4,21.2,0,n/a,0,low
SYN_N_01843,SYNTHETIC_NER,2025-04-05,Manipur,unspecified,25.43593,88.97334,2021.9,34.63,183.8,forest,residual_soil,8.3,21.8,31.9,24.1,20.1,0,n/a,0,low
SYN_E_00711,SYNTHETIC_NER,2018-02-01,Nagaland,unspecified,29.28482,94.20381,3612.7,40.73,325.4,built-up,colluvium,30.9,98.9,157.4,114.5,39.6,1,soil slide,0,low
SYN_N_01275,SYNTHETIC_NER,2017-08-04,Assam,unspecified,28.21938,90.88449,395.6,9.93,263.4,forest,residual_soil,21.5,41.5,71.8,52.7,21.6,0,n/a,0,low
SYN_E_00010,SYNTHETIC_NER,2015-09-27,Nagaland,unspecified,24.81221,91.01754,3507.7,27.55,28.1,forest,residual_soil,34.3,90.5,142.4,105.2,38.7,1,debris flow,0,low
SYN_N_01690,SYNTHETIC_NER,2019-04-26,Arunachal Pradesh,unspecified,21.70969,92.56823,3537.9,26.65,81.0,forest,weathered_rock,22.7,49.9,79.6,59.3,33.3,0,n/a,0,low
SYN_N_00916,SYNTHETIC_NER,2023-09-21,Tripura,unspecified,28.54618,89.5892,479.2,7.38,151.9,forest,weathered_rock,13.8,38.3,66.7,47.6,24.8,0,n/a,0,low
SYN_N_00634,SYNTHETIC_NER,2022-06-01,Mizoram,unspecified,22.56227,95.92244,467.3,21.28,118.5,cropland,weathered_rock,28.6,51.5,111.1,76.7,17.0,0,n/a,0,low
SYN_E_00793,SYNTHETIC_NER,2022-09-05,Sikkim,unspecified,26.43426,92.81905,1323.2,35.99,278.3,cropland,unknown,33.9,77.6,157.6,108.9,42.2,1,soil slide,0,low
SYN_N_02115,SYNTHETIC_NER,2015-04-03,Sikkim,unspecified,22.05794,91.45183,896.5,15.68,140.8,built-up,unknown,18.3,46.2,99.2,67.1,7.5,0,n/a,0,low
SYN_E_00094,SYNTHETIC_NER,2021-11-24,Arunachal Pradesh,unspecified,25.94952,90.05456,3782.4,28.62,309.7,cropland,colluvium,54.2,163.4,233.6,176.7,29.4,1,debris flow,0,low
SYN_E_00129,SYNTHETIC_NER,2025-07-15,Tripura,unspecified,24.57161,96.84681,932.8,27.59,53.7,built-up,residual_soil,56.3,150.5,261.3,187.0,36.7,1,rock slide,1,low
SYN_N_01171,SYNTHETIC_NER,2025-08-07,Manipur,unspecified,28.28409,94.01573,2441.2,31.45,139.7,bare,colluvium,5.3,16.1,28.3,20.1,27.4,0,n/a,0,low
SYN_N_01485,SYNTHETIC_NER,2021-09-20,Meghalaya,unspecified,27.84427,90.14809,615.0,7.9,202.6,forest,weathered_rock,46.3,106.1,226.1,154.2,25.5,0,n/a,0,low
SYN_N_02283,SYNTHETIC_NER,2020-08-01,Manipur,unspecified,28.92828,97.19509,1958.1,22.52,310.3,grassland,residual_soil,10.7,20.1,42.4,29.4,26.5,0,n/a,0,low
SYN_N_01063,SYNTHETIC_NER,2017-10-06,Manipur,unspecified,28.31594,97.04323,1842.7,19.62,344.3,built-up,residual_soil,9.1,17.5,35.0,24.6,22.0,0,n/a,0,low
SYN_N_00700,SYNTHETIC_NER,2020-04-04,Mizoram,unspecified,23.38109,94.89372,1261.8,26.58,247.7,cropland,colluvium,13.2,40.6,71.0,50.3,20.7,0,n/a,0,low
SYN_N_01429,SYNTHETIC_NER,2024-01-15,Mizoram,unspecified,25.03281,88.50132,1189.5,5.97,201.5,cropland,colluvium,10.6,28.9,41.0,31.3,31.2,0,n/a,0,low
SYN_N_01666,SYNTHETIC_NER,2024-07-04,Assam,unspecified,27.05581,95.63425,346.1,37.76,86.1,cropland,weathered_rock,2.5,7.7,14.8,10.2,34.3,0,n/a,0,low
SYN_N_00732,SYNTHETIC_NER,2020-06-17,Nagaland,unspecified,27.09213,89.65655,1434.6,25.59,136.8,forest,colluvium,7.8,17.4,33.3,23.4,27.0,0,n/a,0,low
SYN_N_01377,SYNTHETIC_NER,2022-07-19,Mizoram,unspecified,28.96798,96.48654,390.7,14.31,261.8,cropland,colluvium,18.0,42.9,66.4,49.7,39.2,0,n/a,0,low
SYN_N_00665,SYNTHETIC_NER,2019-06-22,Mizoram,unspecified,27.43459,92.96448,868.2,29.27,322.4,cropland,colluvium,13.0,27.6,41.9,31.8,6.8,0,n/a,0,low
SYN_N_00458,SYNTHETIC_NER,2016-09-21,Meghalaya,unspecified,29.0772,94.96249,392.7,20.36,184.0,bare,residual_soil,12.0,24.4,40.4,29.9,28.1,0,n/a,0,low
SYN_E_00516,SYNTHETIC_NER,2018-09-04,Arunachal Pradesh,unspecified,21.96534,91.83476,1160.1,32.27,17.5,cropland,colluvium,31.3,57.0,93.0,69.8,48.7,1,debris flow,0,low
SYN_N_00657,SYNTHETIC_NER,2018-06-25,Manipur,unspecified,25.50104,96.35897,1902.1,28.52,137.8,forest,unknown,7.7,20.5,33.4,24.4,27.7,0,n/a,0,low
SYN_N_01043,SYNTHETIC_NER,2020-06-03,Sikkim,unspecified,22.39081,92.8034,2591.4,16.48,97.2,forest,weathered_rock,9.2,21.3,37.1,26.8,24.3,0,n/a,0,low
SYN_N_00077,SYNTHETIC_NER,2016-09-10,Tripura,unspecified,25.76947,90.4216,358.1,24.47,2.8,grassland,weathered_rock,7.4,23.4,41.4,29.2,17.0,0,n/a,0,low
SYN_N_02268,SYNTHETIC_NER,2019-09-15,Assam,unspecified,21.70524,91.50048,439.3,11.11,276.1,forest,unknown,22.0,65.0,124.7,86.3,23.6,0,n/a,0,low
SYN_E_00950,SYNTHETIC_NER,2015-11-26,Assam,unspecified,22.78309,91.69011,137.8,28.66,48.4,forest,colluvium,31.8,92.1,168.9,118.4,42.8,1,debris flow,0,low
SYN_E_01120,SYNTHETIC_NER,2023-07-23,Assam,unspecified,22.11905,92.55365,502.4,25.35,283.6,forest,residual_soil,44.5,138.8,248.9,175.0,30.7,1,soil slide,0,low
SYN_N_01004,SYNTHETIC_NER,2025-07-08,Nagaland,unspecified,28.8748,95.43992,3742.3,21.67,342.7,forest,colluvium,11.6,30.3,48.5,35.7,21.4,0,n/a,0,low
SYN_E_00419,SYNTHETIC_NER,2023-08-17,Nagaland,unspecified,29.34343,92.03089,2526.7,41.44,192.1,forest,colluvium,24.4,58.1,87.1,65.9,33.4,1,soil slide,0,low
SYN_E_00922,SYNTHETIC_NER,2022-01-04,Manipur,unspecified,27.08347,97.44976,1502.7,20.11,34.1,bare,residual_soil,27.6,55.2,79.1,61.6,35.5,1,soil slide,0,low
SYN_N_01441,SYNTHETIC_NER,2022-07-11,Nagaland,unspecified,22.80979,90.086,386.9,8.97,346.8,forest,residual_soil,14.9,43.6,66.6,49.4,19.2,0,n/a,0,low
SYN_E_00477,SYNTHETIC_NER,2020-06-27,Assam,unspecified,25.09275,95.70616,347.3,39.04,137.4,built-up,residual_soil,64.1,180.8,282.2,208.1,25.8,1,soil slide,0,low
SYN_N_00835,SYNTHETIC_NER,2018-06-25,Tripura,unspecified,26.43617,89.93851,518.4,26.68,208.7,forest,weathered_rock,24.4,59.9,124.2,84.9,29.9,0,n/a,0,low
SYN_N_01743,SYNTHETIC_NER,2021-07-19,Sikkim,unspecified,26.88202,90.86527,1827.9,22.57,62.0,forest,weathered_rock,11.6,31.8,56.6,40.1,27.2,0,n/a,0,low
SYN_N_00492,SYNTHETIC_NER,2015-07-24,Assam,unspecified,22.00806,88.87645,430.1,18.95,65.3,grassland,colluvium,8.3,18.1,39.3,26.7,29.3,0,n/a,0,low
SYN_N_01455,SYNTHETIC_NER,2025-09-23,Manipur,unspecified,28.91886,89.36913,939.3,16.53,247.7,forest,weathered_rock,5.0,15.0,31.6,21.3,17.1,0,n/a,0,low
SYN_N_00271,SYNTHETIC_NER,2020-02-14,Arunachal Pradesh,unspecified,24.45377,88.47426,2216.9,14.91,112.2,bare,residual_soil,38.7,80.2,147.3,105.4,33.0,0,n/a,0,low
SYN_N_00002,SYNTHETIC_NER,2024-08-04,Sikkim,unspecified,23.87788,96.73339,4480.9,17.41,63.1,forest,colluvium,34.4,73.3,117.8,87.8,19.0,0,n/a,0,low
SYN_N_01238,SYNTHETIC_NER,2020-06-27,Arunachal Pradesh,unspecified,25.91183,92.3813,4253.7,28.31,286.9,grassland,residual_soil,20.4,63.6,90.2,68.2,30.4,0,n/a,0,low
SYN_N_00469,SYNTHETIC_NER,2017-09-27,Mizoram,unspecified,25.18079,91.58507,1570.8,13.79,169.2,grassland,weathered_rock,8.5,19.9,43.4,29.3,13.3,0,n/a,0,low
SYN_N_02129,SYNTHETIC_NER,2021-08-04,Manipur,unspecified,27.71891,91.98292,2016.3,2.0,212.0,cropland,colluvium,7.0,14.8,26.0,18.8,28.9,0,n/a,0,low
SYN_N_00770,SYNTHETIC_NER,2023-07-04,Sikkim,unspecified,22.24291,95.08517,4030.5,3.84,31.2,forest,residual_soil,22.4,65.5,120.0,84.2,20.3,0,n/a,0,low
SYN_N_00951,SYNTHETIC_NER,2022-05-24,Tripura,unspecified,29.42126,89.62534,873.3,24.35,345.0,cropland,colluvium,12.8,40.9,71.4,50.5,33.3,0,n/a,0,low
SYN_E_00820,SYNTHETIC_NER,2024-07-13,Assam,unspecified,26.94295,92.7607,384.1,31.49,195.1,forest,residual_soil,29.2,60.2,115.4,81.6,40.6,1,mudslide,0,low
SYN_N_00797,SYNTHETIC_NER,2025-07-18,Arunachal Pradesh,unspecified,24.51124,88.08014,4758.3,17.25,280.4,built-up,weathered_rock,12.5,30.4,45.8,34.5,31.9,0,n/a,0,low
SYN_N_02239,SYNTHETIC_NER,2019-07-13,Nagaland,unspecified,28.75365,89.43703,1103.8,29.72,212.3,forest,weathered_rock,24.7,57.3,118.9,81.6,18.5,0,n/a,0,low
SYN_N_00048,SYNTHETIC_NER,2021-09-21,Nagaland,unspecified,22.34882,89.95322,1949.8,28.34,269.7,forest,colluvium,17.7,37.8,69.9,49.8,19.8,0,n/a,0,low
SYN_N_01437,SYNTHETIC_NER,2015-07-20,Tripura,unspecified,23.77515,93.88344,567.2,30.73,93.5,grassland,colluvium,22.6,64.5,120.5,84.1,26.3,0,n/a,0,low
SYN_N_01988,SYNTHETIC_NER,2020-06-12,Mizoram,unspecified,27.58168,93.72136,741.4,16.67,45.3,forest,residual_soil,16.5,39.0,55.0,42.5,25.8,0,n/a,0,low
SYN_N_00990,SYNTHETIC_NER,2018-06-07,Manipur,unspecified,24.98143,95.61639,2313.9,32.13,219.8,grassland,residual_soil,15.1,28.5,48.4,35.8,16.4,0,n/a,0,low
SYN_N_01931,SYNTHETIC_NER,2016-09-12,Sikkim,unspecified,27.36715,91.965,1656.1,26.54,260.1,forest,residual_soil,12.5,29.7,56.8,39.8,22.0,0,n/a,0,low
SYN_E_01046,SYNTHETIC_NER,2015-07-12,Meghalaya,unspecified,25.6293,96.82749,1103.6,41.06,81.9,cropland,colluvium,157.2,284.0,470.6,352.0,40.7,1,debris flow,2,low
SYN_N_00688,SYNTHETIC_NER,2016-08-01,Assam,unspecified,22.40919,88.27374,557.5,30.51,240.4,grassland,residual_soil,25.5,47.1,87.2,62.8,30.6,0,n/a,0,low
SYN_N_01269,SYNTHETIC_NER,2016-07-19,Nagaland,unspecified,22.28464,96.86509,429.9,20.21,40.5,forest,residual_soil,7.7,19.7,40.1,27.5,19.2,0,n/a,0,low
SYN_E_00615,SYNTHETIC_NER,2020-08-20,Tripura,unspecified,24.0802,96.56857,204.3,41.93,290.2,forest,residual_soil,40.0,118.6,260.2,173.7,45.6,1,soil slide,0,low
SYN_N_00118,SYNTHETIC_NER,2024-09-19,Manipur,unspecified,21.76234,94.45087,1774.5,51.16,171.3,forest,colluvium,12.4,25.0,51.1,35.5,40.9,0,n/a,0,low
SYN_N_02317,SYNTHETIC_NER,2016-07-17,Sikkim,unspecified,27.75544,90.60274,4119.3,5.55,265.3,forest,weathered_rock,17.8,47.0,69.1,52.2,22.1,0,n/a,0,low
SYN_N_02296,SYNTHETIC_NER,2023-10-10,Nagaland,unspecified,28.64849,94.68933,889.8,39.88,303.2,cropland,unknown,1.9,4.7,9.9,6.8,17.7,0,n/a,0,low
SYN_N_02309,SYNTHETIC_NER,2018-11-04,Tripura,unspecified,27.90641,90.37335,296.0,18.57,342.9,grassland,unknown,19.6,46.6,102.3,69.0,21.1,0,n/a,0,low
SYN_N_00936,SYNTHETIC_NER,2021-09-24,Arunachal Pradesh,unspecified,27.4244,88.30502,2781.7,2.08,264.8,built-up,residual_soil,31.9,90.1,184.8,125.8,39.4,0,n/a,0,low
SYN_N_01740,SYNTHETIC_NER,2017-06-18,Arunachal Pradesh,unspecified,21.54917,92.45577,2291.3,17.48,103.2,forest,weathered_rock,0.0,0.0,0.0,0.0,27.1,0,n/a,0,low
SYN_N_00572,SYNTHETIC_NER,2022-09-04,Tripura,unspecified,23.89395,92.11759,874.9,19.76,86.4,forest,residual_soil,12.3,35.3,76.2,51.2,24.0,0,n/a,0,low
SYN_N_02339,SYNTHETIC_NER,2018-04-19,Sikkim,unspecified,23.79219,94.13308,1290.1,26.36,15.2,bare,colluvium,15.1,32.4,49.5,37.5,13.3,0,n/a,0,low
SYN_E_00131,SYNTHETIC_NER,2017-07-16,Nagaland,unspecified,22.18709,90.32396,1514.7,44.71,4.0,built-up,residual_soil,51.1,125.8,208.4,152.1,33.7,1,debris flow,0,low
SYN_E_00077,SYNTHETIC_NER,2015-01-20,Meghalaya,unspecified,29.25567,94.96468,1179.3,41.19,132.8,forest,residual_soil,116.0,291.5,480.9,351.1,34.8,1,rock slide,0,low
SYN_N_00852,SYNTHETIC_NER,2021-06-23,Manipur,unspecified,25.55227,95.64063,1034.0,12.06,19.7,bare,unknown,5.4,13.1,25.0,17.5,11.7,0,n/a,0,low
SYN_E_00724,SYNTHETIC_NER,2019-07-23,Sikkim,unspecified,24.22123,88.97638,930.3,42.2,149.8,cropland,colluvium,64.2,133.6,277.8,191.8,30.7,1,soil slide,0,low
SYN_N_00114,SYNTHETIC_NER,2020-09-19,Manipur,unspecified,23.66855,92.60299,807.6,31.13,110.9,bare,residual_soil,13.8,42.3,87.2,59.1,26.9,0,n/a,0,low
SYN_N_00651,SYNTHETIC_NER,2025-08-24,Arunachal Pradesh,unspecified,23.51105,97.33962,4334.4,16.38,290.9,grassland,colluvium,0.0,0.0,0.0,0.0,26.2,0,n/a,0,low
SYN_N_02302,SYNTHETIC_NER,2023-09-11,Assam,unspecified,27.46259,94.78259,497.3,24.46,354.1,forest,colluvium,2.4,6.0,13.2,8.9,10.1,0,n/a,0,low
SYN_N_01551,SYNTHETIC_NER,2024-06-07,Arunachal Pradesh,unspecified,25.88522,93.23834,4166.1,22.24,73.8,forest,weathered_rock,26.4,79.2,135.8,96.9,10.8,0,n/a,0,low
SYN_N_01771,SYNTHETIC_NER,2016-07-09,Nagaland,unspecified,25.72413,94.77263,1396.8,14.96,187.9,grassland,weathered_rock,7.1,15.2,27.0,19.5,29.2,0,n/a,0,low
SYN_N_00172,SYNTHETIC_NER,2018-09-20,Sikkim,unspecified,24.79954,93.64908,1622.6,16.05,343.7,forest,residual_soil,9.9,25.4,53.6,36.4,18.7,0,n/a,0,low
SYN_N_00655,SYNTHETIC_NER,2017-12-06,Sikkim,unspecified,26.58417,96.80074,2063.4,11.8,108.2,cropland,colluvium,7.5,16.8,36.5,24.8,18.0,0,n/a,0,low
SYN_N_00119,SYNTHETIC_NER,2016-08-08,Assam,unspecified,22.36582,91.37364,520.3,18.76,315.6,cropland,residual_soil,2.2,4.3,9.4,6.4,10.1,0,n/a,0,low
SYN_N_02246,SYNTHETIC_NER,2015-08-12,Arunachal Pradesh,unspecified,21.56325,96.35181,3836.3,13.89,270.6,cropland,weathered_rock,11.5,26.8,41.1,30.9,16.9,0,n/a,0,low
SYN_N_01407,SYNTHETIC_NER,2015-09-01,Tripura,unspecified,23.75487,89.49265,736.3,23.89,232.8,forest,residual_soil,32.7,99.0,153.2,112.9,30.5,0,n/a,0,low
SYN_E_00375,SYNTHETIC_NER,2023-08-13,Assam,unspecified,28.80834,95.57542,253.7,37.99,42.0,cropland,residual_soil,30.2,59.9,128.5,88.3,47.3,1,debris flow,0,low
SYN_N_00708,SYNTHETIC_NER,2022-06-13,Nagaland,unspecified,24.48626,90.00844,760.0,25.13,320.9,forest,unknown,12.5,33.2,59.0,41.9,19.4,0,n/a,0,low
SYN_E_00333,SYNTHETIC_NER,2016-06-14,Sikkim,unspecified,23.47345,96.76842,3611.8,48.84,186.5,forest,weathered_rock,28.1,79.9,169.0,114.1,30.8,1,soil slide,0,low
SYN_N_01504,SYNTHETIC_NER,2024-09-01,Manipur,unspecified,27.1701,91.94471,1261.1,5.99,263.7,cropland,colluvium,18.1,32.9,71.6,49.3,18.1,0,n/a,0,low
SYN_N_01557,SYNTHETIC_NER,2022-08-26,Mizoram,unspecified,26.85721,88.85154,895.2,6.21,105.9,built-up,residual_soil,21.3,43.1,77.4,55.9,24.7,0,n/a,0,low
SYN_N_01165,SYNTHETIC_NER,2018-07-18,Arunachal Pradesh,unspecified,25.77681,96.92396,638.5,21.72,0.9,cropland,residual_soil,20.3,52.6,84.6,62.1,36.3,0,n/a,0,low
SYN_N_00404,SYNTHETIC_NER,2016-06-07,Arunachal Pradesh,unspecified,24.04988,88.44093,3203.8,12.86,69.7,grassland,residual_soil,0.6,1.4,2.5,1.8,38.3,0,n/a,0,low
SYN_E_01118,SYNTHETIC_NER,2015-06-27,Tripura,unspecified,25.55491,92.41281,807.3,28.12,185.8,forest,residual_soil,36.9,89.5,157.1,112.8,52.4,1,mudslide,0,low
SYN_N_02193,SYNTHETIC_NER,2021-08-03,Mizoram,unspecified,22.79033,91.11389,160.0,29.41,306.4,cropland,colluvium,17.7,45.5,92.0,63.2,15.2,0,n/a,0,low
SYN_N_00743,SYNTHETIC_NER,2024-08-12,Mizoram,unspecified,23.23965,88.51674,1698.9,20.11,172.2,grassland,colluvium,9.1,19.8,32.8,24.1,21.0,0,n/a,0,low
SYN_N_01514,SYNTHETIC_NER,2025-06-02,Mizoram,unspecified,27.71411,91.24948,678.4,2.0,282.4,cropland,colluvium,19.5,61.7,99.8,72.3,18.5,0,n/a,0,low
SYN_N_01176,SYNTHETIC_NER,2022-08-15,Arunachal Pradesh,unspecified,21.90549,93.95673,3684.7,25.28,192.5,grassland,weathered_rock,13.3,26.8,48.9,35.1,17.8,0,n/a,0,low
SYN_N_01816,SYNTHETIC_NER,2022-09-08,Tripura,unspecified,28.82759,95.62768,883.8,30.29,354.5,forest,colluvium,17.4,48.9,83.4,59.8,26.7,0,n/a,0,low
SYN_N_00142,SYNTHETIC_NER,2019-07-11,Arunachal Pradesh,unspecified,27.34746,93.83048,2465.9,23.45,138.8,grassland,unknown,20.7,63.5,107.9,77.1,25.5,0,n/a,0,low
SYN_E_00320,SYNTHETIC_NER,2018-08-05,Mizoram,unspecified,22.75419,96.03652,519.1,25.74,342.7,forest,colluvium,59.6,136.4,268.4,187.0,38.6,1,soil slide,0,low
SYN_N_00419,SYNTHETIC_NER,2018-09-23,Arunachal Pradesh,unspecified,24.7796,96.15912,1302.2,11.75,229.5,built-up,weathered_rock,18.9,58.6,98.6,70.7,22.7,0,n/a,0,low
SYN_N_01724,SYNTHETIC_NER,2019-10-01,Manipur,unspecified,22.35351,92.72691,2426.1,29.1,343.9,forest,residual_soil,14.5,40.9,71.5,50.9,20.5,0,n/a,0,low
SYN_N_00860,SYNTHETIC_NER,2016-08-13,Tripura,unspecified,24.58077,92.34396,366.3,11.66,79.6,cropland,residual_soil,8.6,19.0,30.7,22.8,33.5,0,n/a,0,low
SYN_N_01019,SYNTHETIC_NER,2015-08-24,Sikkim,unspecified,22.1848,95.35892,3693.4,10.36,33.4,forest,weathered_rock,14.3,36.7,66.1,46.9,31.7,0,n/a,0,low
SYN_N_00473,SYNTHETIC_NER,2020-06-18,Assam,unspecified,24.82017,93.30732,292.9,22.27,325.7,forest,weathered_rock,18.9,55.3,97.8,69.3,37.6,0,n/a,0,low
SYN_N_00742,SYNTHETIC_NER,2024-08-14,Arunachal Pradesh,unspecified,26.06902,93.31187,2232.4,19.36,297.9,cropland,colluvium,23.4,71.8,125.6,89.0,30.7,0,n/a,0,low
SYN_E_00260,SYNTHETIC_NER,2018-03-11,Sikkim,unspecified,26.01863,89.31772,1408.7,32.36,105.6,forest,residual_soil,68.5,133.6,233.8,170.7,26.6,1,soil slide,0,low
SYN_N_01613,SYNTHETIC_NER,2021-06-24,Assam,unspecified,22.99431,97.14184,276.2,16.55,357.0,grassland,colluvium,29.0,88.1,180.4,122.5,32.6,0,n/a,0,low
SYN_N_00839,SYNTHETIC_NER,2021-09-11,Sikkim,unspecified,24.64434,89.20505,729.4,26.36,5.1,grassland,residual_soil,16.1,47.1,103.4,69.0,22.5,0,n/a,0,low
SYN_E_00689,SYNTHETIC_NER,2018-09-02,Sikkim,unspecified,23.72149,89.13143,4373.0,43.38,224.9,cropland,residual_soil,85.6,238.9,492.5,335.0,31.5,1,mudslide,0,low
SYN_E_00901,SYNTHETIC_NER,2016-09-06,Assam,unspecified,28.78718,89.06384,169.5,22.07,132.8,cropland,unknown,58.2,147.8,319.9,215.9,24.9,1,soil slide,0,low
SYN_N_01106,SYNTHETIC_NER,2024-06-24,Manipur,unspecified,27.06217,90.95094,1243.9,18.79,29.2,forest,colluvium,13.0,26.0,42.4,31.6,11.4,0,n/a,0,low
SYN_N_00826,SYNTHETIC_NER,2019-09-20,Tripura,unspecified,28.51328,88.67985,879.5,8.68,223.4,forest,residual_soil,4.6,14.6,26.2,18.4,32.9,0,n/a,0,low
SYN_E_00138,SYNTHETIC_NER,2024-06-05,Mizoram,unspecified,24.49137,92.2373,1359.9,35.55,147.5,forest,weathered_rock,48.9,104.7,220.6,151.5,44.6,1,debris flow,0,low
SYN_N_00717,SYNTHETIC_NER,2023-08-23,Meghalaya,unspecified,25.19416,97.16711,292.1,9.91,117.4,forest,unknown,54.1,151.3,266.2,189.3,15.2,0,n/a,0,low
SYN_N_00628,SYNTHETIC_NER,2024-08-05,Tripura,unspecified,26.55838,89.46958,300.5,18.65,289.7,grassland,colluvium,24.1,46.0,79.9,58.6,21.4,0,n/a,0,low
SYN_N_00373,SYNTHETIC_NER,2022-09-26,Arunachal Pradesh,unspecified,25.13444,94.17587,2639.6,7.6,43.8,cropland,residual_soil,3.1,7.7,12.6,9.2,5.0,0,n/a,0,low
SYN_E_00319,SYNTHETIC_NER,2020-06-22,Sikkim,unspecified,28.76242,97.41478,707.2,26.59,47.4,grassland,weathered_rock,49.9,140.2,300.4,202.3,33.9,1,debris flow,0,low
SYN_E_00653,SYNTHETIC_NER,2017-06-15,Sikkim,unspecified,27.08147,93.01836,4857.9,35.09,150.4,forest,residual_soil,53.6,138.6,251.9,178.3,39.3,1,debris flow,2,low
SYN_N_00937,SYNTHETIC_NER,2018-06-11,Meghalaya,unspecified,28.49845,88.59527,647.6,11.2,231.6,cropland,weathered_rock,134.7,289.0,435.7,331.5,18.5,0,n/a,0,low
SYN_N_01578,SYNTHETIC_NER,2021-07-13,Arunachal Pradesh,unspecified,27.92761,97.34944,2108.2,13.81,356.9,cropland,residual_soil,12.5,23.3,36.4,27.7,18.4,0,n/a,0,low
SYN_E_00558,SYNTHETIC_NER,2023-09-07,Sikkim,unspecified,23.2149,96.81751,2525.2,24.51,11.3,grassland,unknown,26.4,67.3,144.1,97.5,35.9,1,debris flow,0,low
SYN_N_00987,SYNTHETIC_NER,2025-09-19,Manipur,unspecified,22.64689,93.5534,1999.2,27.18,99.7,cropland,residual_soil,12.4,38.0,77.7,52.7,9.6,0,n/a,0,low
SYN_E_00112,SYNTHETIC_NER,2023-08-25,Nagaland,unspecified,29.10532,91.90643,1823.9,41.32,240.3,forest,weathered_rock,34.0,80.4,173.3,117.6,34.1,1,debris flow,0,low
SYN_E_00531,SYNTHETIC_NER,2015-08-13,Meghalaya,unspecified,22.34507,92.98524,1740.6,39.91,326.6,forest,weathered_rock,148.0,465.5,733.8,536.2,36.0,1,mudslide,0,low
SYN_E_00224,SYNTHETIC_NER,2025-09-14,Tripura,unspecified,24.15171,91.77507,622.3,36.99,224.3,bare,unknown,44.9,108.2,167.3,125.1,39.9,1,soil slide,0,low
SYN_E_00723,SYNTHETIC_NER,2024-06-15,Assam,unspecified,22.26232,94.71608,595.4,28.23,298.5,forest,colluvium,30.0,65.0,113.2,82.1,48.6,1,debris flow,0,low
SYN_N_01703,SYNTHETIC_NER,2020-06-27,Meghalaya,unspecified,29.02612,92.77624,604.9,30.0,223.5,cropland,residual_soil,18.4,54.0,108.2,74.0,23.9,0,n/a,0,low
SYN_N_01876,SYNTHETIC_NER,2019-07-21,Nagaland,unspecified,23.83861,91.87954,2220.4,22.3,150.9,bare,colluvium,16.0,48.9,97.3,66.5,22.5,0,n/a,0,low
SYN_N_00233,SYNTHETIC_NER,2018-07-19,Arunachal Pradesh,unspecified,28.55395,89.77121,208.5,26.77,143.3,forest,residual_soil,27.9,50.8,72.0,56.8,49.8,0,n/a,0,low
SYN_N_01173,SYNTHETIC_NER,2025-09-10,Meghalaya,unspecified,24.78193,95.91881,1284.8,16.92,327.5,forest,colluvium,70.9,226.7,490.4,327.4,24.7,0,n/a,0,low
SYN_N_01587,SYNTHETIC_NER,2019-08-23,Tripura,unspecified,26.91878,94.71307,200.0,19.95,105.9,forest,weathered_rock,10.5,19.2,30.4,23.1,30.3,0,n/a,0,low
SYN_N_01668,SYNTHETIC_NER,2024-08-21,Meghalaya,unspecified,28.46185,95.44856,1176.5,31.7,213.8,forest,unknown,26.7,53.9,108.4,75.7,37.1,0,n/a,0,low
SYN_N_00258,SYNTHETIC_NER,2018-07-26,Manipur,unspecified,22.29525,89.49488,2687.4,22.29,147.9,grassland,colluvium,6.0,13.4,28.3,19.4,25.9,0,n/a,0,low
SYN_N_02036,SYNTHETIC_NER,2023-12-06,Nagaland,unspecified,23.75295,89.60104,1996.6,15.85,240.8,forest,colluvium,13.8,26.0,45.0,33.1,23.6,0,n/a,0,low
SYN_E_00846,SYNTHETIC_NER,2021-03-04,Meghalaya,unspecified,22.78552,92.16402,887.1,27.27,283.6,bare,weathered_rock,57.2,181.0,265.9,198.7,40.2,1,debris flow,0,low
SYN_E_00193,SYNTHETIC_NER,2024-06-02,Mizoram,unspecified,23.57839,90.29415,742.3,20.21,95.4,forest,weathered_rock,53.6,165.9,296.0,208.5,31.9,1,soil slide,0,low
SYN_N_00264,SYNTHETIC_NER,2017-09-12,Arunachal Pradesh,unspecified,25.18006,95.19732,4081.6,27.86,163.8,cropland,colluvium,9.3,25.4,37.1,28.0,32.6,0,n/a,0,low
SYN_E_00946,SYNTHETIC_NER,2018-06-22,Arunachal Pradesh,unspecified,26.74288,95.06398,2772.1,30.75,222.8,cropland,colluvium,32.5,86.6,153.9,109.4,42.8,1,debris flow,0,low
SYN_N_00821,SYNTHETIC_NER,2017-06-06,Tripura,unspecified,23.93996,91.48916,218.4,23.54,312.5,bare,weathered_rock,20.1,48.9,93.9,65.6,31.4,0,n/a,0,low
SYN_N_01351,SYNTHETIC_NER,2023-06-15,Nagaland,unspecified,23.21793,89.47066,3040.0,25.84,211.5,bare,colluvium,16.4,44.3,86.0,59.6,33.6,0,n/a,0,low
SYN_N_00429,SYNTHETIC_NER,2022-09-09,Sikkim,unspecified,28.68952,94.90895,4150.7,31.27,153.2,forest,weathered_rock,0.0,0.0,0.0,0.0,43.0,0,n/a,0,low
SYN_E_00117,SYNTHETIC_NER,2024-06-16,Meghalaya,unspecified,26.87123,90.42368,1492.2,35.48,184.0,bare,residual_soil,105.3,298.6,475.1,348.2,38.0,1,rock slide,0,low
SYN_E_00645,SYNTHETIC_NER,2019-07-17,Mizoram,unspecified,24.83373,93.7059,903.8,27.09,219.2,cropland,colluvium,43.5,87.2,151.7,110.7,48.0,1,debris flow,0,low
SYN_N_00670,SYNTHETIC_NER,2024-05-18,Sikkim,unspecified,27.32668,94.64009,1928.7,19.41,33.0,forest,residual_soil,20.5,49.2,73.3,55.5,23.2,0,n/a,0,low
SYN_E_00003,SYNTHETIC_NER,2018-09-25,Manipur,unspecified,22.17849,91.24831,2583.5,20.44,258.4,grassland,unknown,21.9,66.6,103.2,76.0,39.4,1,soil slide,2,low
SYN_E_00074,SYNTHETIC_NER,2018-08-25,Tripura,unspecified,29.12519,92.6936,851.6,35.65,108.1,forest,residual_soil,22.7,63.9,120.1,83.8,25.0,1,debris flow,0,low
SYN_N_00555,SYNTHETIC_NER,2019-06-20,Sikkim,unspecified,24.50219,88.7167,729.3,23.96,15.8,bare,colluvium,0.0,0.0,0.0,0.0,25.1,0,n/a,0,low
SYN_E_00467,SYNTHETIC_NER,2019-05-13,Nagaland,unspecified,27.48985,97.14667,990.0,42.24,136.8,forest,colluvium,21.8,52.6,93.5,66.9,41.1,1,debris flow,0,low
SYN_E_00005,SYNTHETIC_NER,2020-02-09,Sikkim,unspecified,24.07994,89.47669,1405.0,16.05,314.8,forest,colluvium,41.0,91.1,145.1,108.1,41.1,1,mudslide,0,low
SYN_N_00046,SYNTHETIC_NER,2025-03-23,Arunachal Pradesh,unspecified,23.31604,97.43227,4631.7,11.34,99.4,forest,residual_soil,30.4,86.4,146.6,105.3,39.3,0,n/a,0,low
SYN_E_00919,SYNTHETIC_NER,2016-08-07,Tripura,unspecified,26.03859,94.86807,903.8,26.81,149.1,forest,colluvium,53.7,104.9,185.8,135.1,33.6,1,debris flow,2,low
SYN_N_01395,SYNTHETIC_NER,2021-02-21,Meghalaya,unspecified,22.3893,88.68615,803.7,11.7,309.3,grassland,residual_soil,124.7,311.5,659.4,448.1,30.3,0,n/a,0,low
SYN_E_00228,SYNTHETIC_NER,2019-06-03,Nagaland,unspecified,22.76014,90.91156,2670.1,37.24,12.6,forest,colluvium,40.3,121.9,197.3,143.3,38.9,1,debris flow,0,low
SYN_E_01063,SYNTHETIC_NER,2015-12-06,Tripura,unspecified,28.63471,95.64024,552.2,29.46,11.3,forest,weathered_rock,32.4,69.0,97.4,75.9,37.2,1,soil slide,2,low
SYN_N_01390,SYNTHETIC_NER,2024-06-04,Sikkim,unspecified,25.57881,92.1936,795.5,16.01,147.5,forest,weathered_rock,16.8,37.6,73.2,51.2,10.5,0,n/a,0,low
SYN_E_00242,SYNTHETIC_NER,2024-09-26,Assam,unspecified,24.61737,89.529,98.7,36.45,99.3,bare,colluvium,48.8,150.9,260.4,185.3,34.3,1,debris flow,0,low
SYN_N_01972,SYNTHETIC_NER,2020-06-26,Sikkim,unspecified,25.19796,94.66212,1906.3,20.03,358.3,cropland,weathered_rock,6.8,19.6,42.6,28.5,35.8,0,n/a,0,low
SYN_E_01160,SYNTHETIC_NER,2022-07-23,Nagaland,unspecified,27.36262,93.15935,509.9,29.34,95.3,cropland,weathered_rock,48.6,140.7,211.2,157.5,25.3,1,debris flow,1,low
SYN_N_01808,SYNTHETIC_NER,2023-06-13,Manipur,unspecified,21.86611,89.29452,2167.4,26.74,312.3,forest,unknown,13.6,34.5,51.4,38.8,28.5,0,n/a,0,low
SYN_N_02368,SYNTHETIC_NER,2021-11-04,Meghalaya,unspecified,28.88853,95.74395,751.0,13.91,32.2,bare,residual_soil,43.6,129.6,262.0,178.6,15.3,0,n/a,0,low
SYN_N_01363,SYNTHETIC_NER,2022-12-27,Sikkim,unspecified,24.40349,94.36966,728.0,22.17,231.1,bare,weathered_rock,13.0,25.1,52.1,36.2,22.3,0,n/a,0,low
SYN_N_00326,SYNTHETIC_NER,2022-08-06,Meghalaya,unspecified,23.01299,97.21924,626.9,16.89,59.8,grassland,residual_soil,102.8,221.8,352.2,263.2,28.2,0,n/a,0,low
SYN_N_00405,SYNTHETIC_NER,2022-12-21,Meghalaya,unspecified,22.34452,94.22619,1565.2,19.55,359.1,cropland,residual_soil,97.7,188.9,354.6,253.5,22.6,0,n/a,0,low
SYN_N_02141,SYNTHETIC_NER,2024-07-08,Manipur,unspecified,29.01606,93.5461,1344.4,20.64,119.2,forest,residual_soil,3.1,6.3,9.2,7.1,30.0,0,n/a,0,low
SYN_N_02371,SYNTHETIC_NER,2025-07-20,Nagaland,unspecified,28.8706,92.38935,1784.6,7.63,209.1,forest,residual_soil,4.6,8.5,14.9,10.9,17.8,0,n/a,0,low
SYN_N_01585,SYNTHETIC_NER,2017-06-23,Meghalaya,unspecified,26.01839,95.56791,518.6,13.32,151.9,forest,colluvium,22.5,46.6,100.8,68.9,17.9,0,n/a,0,low
SYN_N_01846,SYNTHETIC_NER,2023-08-21,Tripura,unspecified,28.27348,93.74658,227.7,19.78,177.2,bare,residual_soil,26.7,81.7,156.1,107.9,35.4,0,n/a,0,low
SYN_N_00789,SYNTHETIC_NER,2017-08-01,Manipur,unspecified,26.05343,93.71415,1043.9,11.77,21.1,forest,residual_soil,13.0,24.6,42.9,31.4,22.6,0,n/a,0,low
SYN_N_01662,SYNTHETIC_NER,2025-09-05,Arunachal Pradesh,unspecified,27.76544,88.64333,2440.8,14.04,49.0,forest,residual_soil,20.6,48.3,70.4,53.8,34.6,0,n/a,0,low
SYN_N_01162,SYNTHETIC_NER,2023-08-01,Arunachal Pradesh,unspecified,21.78511,95.1921,1071.6,33.77,42.8,forest,unknown,28.5,79.0,162.2,110.5,28.7,0,n/a,0,low
SYN_N_00775,SYNTHETIC_NER,2025-07-23,Mizoram,unspecified,23.37628,88.71867,1126.8,2.49,213.6,cropland,residual_soil,23.2,59.0,114.4,79.6,23.8,0,n/a,0,low
SYN_N_00561,SYNTHETIC_NER,2023-07-14,Tripura,unspecified,25.1528,95.92788,349.8,36.34,220.1,forest,unknown,14.4,32.2,70.0,47.5,14.7,0,n/a,0,low
SYN_N_00105,SYNTHETIC_NER,2016-04-10,Manipur,unspecified,28.94446,90.90599,2299.9,15.55,51.4,grassland,residual_soil,13.6,29.7,45.3,34.3,31.2,0,n/a,0,low
SYN_N_00341,SYNTHETIC_NER,2018-08-06,Assam,unspecified,22.04201,95.54673,127.7,34.43,26.9,forest,colluvium,25.8,64.9,109.0,79.1,23.3,0,n/a,0,low
SYN_N_01272,SYNTHETIC_NER,2021-07-27,Tripura,unspecified,29.31613,97.16965,558.4,21.1,186.5,forest,residual_soil,6.2,15.8,22.5,17.2,30.5,0,n/a,0,low
SYN_E_00622,SYNTHETIC_NER,2019-07-17,Meghalaya,unspecified,28.26793,94.9548,1665.0,28.08,191.0,grassland,weathered_rock,80.6,174.8,287.6,212.3,40.7,1,mudslide,0,low
SYN_N_01569,SYNTHETIC_NER,2024-08-01,Mizoram,unspecified,22.06841,93.14055,484.3,16.92,139.8,grassland,colluvium,9.7,19.2,38.8,27.1,28.2,0,n/a,0,low
SYN_N_00293,SYNTHETIC_NER,2020-09-18,Manipur,unspecified,23.51787,89.64786,2711.0,27.09,341.2,grassland,colluvium,6.4,14.7,24.2,17.8,19.7,0,n/a,0,low
SYN_E_00110,SYNTHETIC_NER,2018-09-26,Mizoram,unspecified,26.44136,94.44395,1213.8,42.62,268.8,cropland,colluvium,30.2,74.1,105.5,81.0,35.5,1,debris flow,2,low
SYN_N_01075,SYNTHETIC_NER,2023-06-27,Meghalaya,unspecified,23.47503,94.32615,1606.8,24.59,347.2,forest,residual_soil,0.0,0.0,0.0,0.0,22.1,0,n/a,0,low
SYN_N_01517,SYNTHETIC_NER,2021-08-27,Arunachal Pradesh,unspecified,25.40849,94.5714,4601.8,32.67,155.4,forest,colluvium,18.4,44.5,90.9,62.5,16.4,0,n/a,0,low
SYN_E_01169,SYNTHETIC_NER,2020-06-12,Arunachal Pradesh,unspecified,28.42352,89.49827,2517.8,29.0,216.9,grassland,colluvium,38.5,111.5,221.5,151.9,37.6,1,debris flow,0,low
SYN_N_01741,SYNTHETIC_NER,2017-06-27,Assam,unspecified,25.5973,95.92516,124.8,13.12,28.3,forest,residual_soil,24.9,50.8,106.1,73.3,30.7,0,n/a,0,low
SYN_E_00232,SYNTHETIC_NER,2023-05-21,Assam,unspecified,27.73311,90.71629,225.7,26.26,25.8,forest,colluvium,26.2,54.7,86.5,64.9,23.9,1,mudslide,0,low
SYN_E_00066,SYNTHETIC_NER,2019-01-18,Arunachal Pradesh,unspecified,25.24122,89.61228,4153.5,33.78,286.8,forest,residual_soil,42.5,103.1,172.9,125.9,49.8,1,mudslide,0,low
SYN_N_02043,SYNTHETIC_NER,2024-08-14,Mizoram,unspecified,25.4235,93.39086,1216.1,8.71,229.6,grassland,weathered_rock,2.4,6.2,10.2,7.4,28.0,0,n/a,0,low
SYN_N_00872,SYNTHETIC_NER,2020-07-18,Assam,unspecified,25.22523,92.44907,275.1,2.8,280.3,forest,residual_soil,3.6,8.3,15.8,11.1,13.8,0,n/a,0,low
SYN_N_00992,SYNTHETIC_NER,2016-08-02,Sikkim,unspecified,25.47077,89.05618,326.4,29.45,147.3,grassland,residual_soil,9.4,26.8,38.9,29.4,24.0,0,n/a,0,low
SYN_E_00536,SYNTHETIC_NER,2018-09-25,Manipur,unspecified,24.04306,95.07259,1646.6,46.87,52.7,cropland,residual_soil,37.3,92.7,188.3,129.4,39.0,1,debris flow,0,low
SYN_E_00125,SYNTHETIC_NER,2025-07-24,Nagaland,unspecified,27.39083,90.10856,1236.1,22.68,162.4,forest,weathered_rock,49.3,103.8,212.8,147.4,42.6,1,soil slide,0,low
SYN_N_00933,SYNTHETIC_NER,2016-06-25,Assam,unspecified,22.00202,95.28093,54.3,38.08,176.6,forest,colluvium,2.1,5.8,11.7,8.0,31.5,0,n/a,0,low
SYN_N_00054,SYNTHETIC_NER,2022-07-10,Nagaland,unspecified,28.34385,90.29184,1731.7,21.8,129.6,forest,colluvium,11.0,20.4,41.7,29.2,27.6,0,n/a,0,low
SYN_N_01769,SYNTHETIC_NER,2015-08-20,Arunachal Pradesh,unspecified,24.83801,94.46826,4168.9,25.93,318.0,grassland,weathered_rock,10.9,28.3,51.1,36.2,20.1,0,n/a,0,low
SYN_N_00776,SYNTHETIC_NER,2017-08-05,Sikkim,unspecified,23.07905,88.29306,514.3,20.19,304.0,forest,residual_soil,8.2,21.6,41.1,28.7,31.0,0,n/a,0,low
SYN_N_01742,SYNTHETIC_NER,2025-08-12,Tripura,unspecified,24.78988,90.29037,386.4,17.48,204.1,forest,weathered_rock,2.3,7.3,10.9,8.1,20.5,0,n/a,0,low
SYN_N_01647,SYNTHETIC_NER,2016-01-19,Manipur,unspecified,27.51537,93.11326,2674.8,12.73,40.8,cropland,residual_soil,12.6,39.8,71.3,50.1,22.5,0,n/a,0,low
SYN_N_00875,SYNTHETIC_NER,2019-08-27,Nagaland,unspecified,28.54264,93.7635,1623.9,3.92,115.1,forest,colluvium,6.5,14.2,30.6,20.9,20.2,0,n/a,0,low
SYN_E_00484,SYNTHETIC_NER,2025-07-02,Manipur,unspecified,27.84134,93.673,1454.8,44.38,327.4,forest,residual_soil,27.4,64.3,93.4,71.4,47.2,1,soil slide,0,low
SYN_N_00454,SYNTHETIC_NER,2022-09-15,Meghalaya,unspecified,29.0191,88.87535,1028.0,12.97,198.3,grassland,colluvium,39.7,73.2,157.4,108.6,35.0,0,n/a,0,low
SYN_N_02006,SYNTHETIC_NER,2019-07-05,Assam,unspecified,23.41228,96.05009,100.2,30.77,338.9,built-up,colluvium,11.7,32.2,47.1,35.5,30.2,0,n/a,0,low
SYN_N_01518,SYNTHETIC_NER,2018-08-19,Tripura,unspecified,26.83111,94.7094,419.3,22.19,238.7,grassland,colluvium,20.2,60.0,120.2,82.1,25.8,0,n/a,0,low
SYN_N_01677,SYNTHETIC_NER,2015-11-26,Mizoram,unspecified,28.91483,96.7393,1337.2,18.55,177.6,grassland,residual_soil,20.3,43.2,65.1,49.6,27.5,0,n/a,0,low
SYN_N_00574,SYNTHETIC_NER,2025-09-26,Mizoram,unspecified,28.52337,97.00992,574.5,22.61,231.1,forest,colluvium,19.5,57.4,125.4,83.8,29.7,0,n/a,0,low
SYN_N_01210,SYNTHETIC_NER,2020-09-22,Meghalaya,unspecified,28.76372,96.32097,275.9,39.55,22.9,cropland,colluvium,0.0,0.0,0.0,0.0,11.8,0,n/a,0,low
SYN_E_00918,SYNTHETIC_NER,2015-09-17,Mizoram,unspecified,29.2506,96.47615,1501.8,35.63,31.3,built-up,residual_soil,34.9,89.2,179.2,123.4,42.6,1,mudslide,0,low
SYN_N_00446,SYNTHETIC_NER,2015-01-26,Assam,unspecified,23.94511,90.70593,538.3,23.04,269.3,cropland,residual_soil,14.9,41.8,77.4,54.2,40.0,0,n/a,0,low
SYN_E_01026,SYNTHETIC_NER,2017-08-05,Assam,unspecified,28.71322,91.94059,229.4,36.25,265.6,bare,unknown,37.3,108.5,161.8,120.9,32.3,1,mudslide,0,low
SYN_E_01030,SYNTHETIC_NER,2020-08-19,Manipur,unspecified,29.26311,95.20878,2431.3,38.15,197.0,cropland,residual_soil,21.0,43.4,77.6,56.0,30.2,1,debris flow,0,low
SYN_E_00882,SYNTHETIC_NER,2015-06-04,Manipur,unspecified,26.35624,96.85099,2157.0,29.31,280.5,grassland,residual_soil,23.8,46.0,74.0,55.6,48.5,1,mudslide,0,low
SYN_N_00135,SYNTHETIC_NER,2015-05-02,Meghalaya,unspecified,27.63239,92.90576,1198.0,18.61,56.1,forest,residual_soil,46.3,105.8,200.3,141.2,34.7,0,n/a,0,low
SYN_N_01465,SYNTHETIC_NER,2025-08-25,Mizoram,unspecified,24.62,95.64307,705.8,27.87,20.3,forest,colluvium,23.2,65.4,105.3,76.9,27.4,0,n/a,0,low
SYN_E_00364,SYNTHETIC_NER,2016-08-21,Assam,unspecified,28.1956,95.30583,483.1,38.41,243.4,forest,colluvium,30.3,74.9,139.3,98.2,49.2,1,debris flow,0,low
SYN_N_00925,SYNTHETIC_NER,2021-09-04,Assam,unspecified,29.45568,94.36733,559.7,24.27,128.3,forest,colluvium,21.7,41.2,88.6,61.0,32.4,0,n/a,0,low
SYN_E_00027,SYNTHETIC_NER,2025-09-26,Sikkim,unspecified,23.42181,94.12578,4589.6,25.31,104.2,forest,colluvium,73.0,180.5,318.5,228.0,36.8,1,debris flow,0,low
SYN_E_00473,SYNTHETIC_NER,2023-06-06,Manipur,unspecified,24.68619,96.43137,1793.8,25.23,166.5,forest,unknown,13.2,29.9,63.9,43.6,43.6,1,soil slide,0,low
SYN_E_00525,SYNTHETIC_NER,2016-04-06,Mizoram,unspecified,29.31191,88.14718,1494.7,42.61,3.6,forest,colluvium,53.4,129.7,196.4,147.8,34.0,1,soil slide,0,low
SYN_E_00725,SYNTHETIC_NER,2016-05-14,Assam,unspecified,28.7765,93.43625,179.1,22.63,164.8,grassland,unknown,36.8,70.2,109.6,83.2,37.2,1,rock slide,1,low
SYN_E_00055,SYNTHETIC_NER,2024-11-19,Assam,unspecified,29.01044,91.27409,482.0,32.17,200.5,forest,residual_soil,43.9,95.5,180.0,127.4,25.5,1,debris flow,0,low
SYN_E_00638,SYNTHETIC_NER,2022-09-07,Sikkim,unspecified,23.50201,96.41744,2735.9,41.88,186.2,forest,colluvium,22.8,43.4,77.1,56.1,29.2,1,debris flow,0,low
SYN_E_00302,SYNTHETIC_NER,2024-06-18,Assam,unspecified,21.84179,91.59114,460.7,37.36,342.0,forest,residual_soil,49.2,134.4,227.5,163.9,26.4,1,rock slide,0,low
SYN_N_01925,SYNTHETIC_NER,2020-07-11,Nagaland,unspecified,24.93744,95.23681,2943.4,19.54,282.3,cropland,weathered_rock,15.7,42.0,61.2,46.3,24.6,0,n/a,0,low
SYN_N_00076,SYNTHETIC_NER,2023-08-04,Sikkim,unspecified,25.62407,88.76218,781.2,26.7,200.1,forest,colluvium,13.4,26.6,45.9,33.6,36.0,0,n/a,0,low
SYN_N_02209,SYNTHETIC_NER,2022-08-14,Tripura,unspecified,22.3582,97.36404,479.3,26.1,314.8,bare,weathered_rock,13.7,34.5,71.1,48.7,34.5,0,n/a,0,low
SYN_E_00624,SYNTHETIC_NER,2019-06-09,Nagaland,unspecified,28.36378,91.58304,540.7,29.62,347.2,forest,weathered_rock,38.3,106.5,164.6,121.9,40.6,1,mudslide,0,low
SYN_N_00855,SYNTHETIC_NER,2023-07-19,Sikkim,unspecified,22.32098,92.11951,3306.2,5.2,161.2,built-up,residual_soil,18.4,45.9,83.7,59.3,30.4,0,n/a,0,low
SYN_N_00080,SYNTHETIC_NER,2021-07-25,Assam,unspecified,22.81704,93.06872,257.2,12.7,259.1,forest,weathered_rock,10.9,25.6,40.5,30.1,19.6,0,n/a,0,low
SYN_E_01049,SYNTHETIC_NER,2017-06-05,Assam,unspecified,27.76453,93.9705,555.2,39.82,156.8,forest,colluvium,65.1,125.2,257.5,179.3,33.5,1,soil slide,0,low
SYN_E_00336,SYNTHETIC_NER,2024-06-27,Arunachal Pradesh,unspecified,29.49614,91.31628,2447.2,35.43,88.0,forest,residual_soil,46.2,111.2,227.2,156.2,39.6,1,debris flow,0,low
SYN_E_00047,SYNTHETIC_NER,2025-06-24,Arunachal Pradesh,unspecified,26.04856,96.66826,1171.7,42.28,193.4,cropland,residual_soil,35.0,66.2,103.0,78.3,34.6,1,soil slide,0,low
SYN_E_00106,SYNTHETIC_NER,2017-09-03,Sikkim,unspecified,26.36928,97.11141,4737.5,26.87,144.8,forest,unknown,39.0,114.0,169.8,126.9,38.6,1,soil slide,0,low
SYN_N_01197,SYNTHETIC_NER,2015-07-25,Assam,unspecified,21.53375,93.77491,124.6,11.72,261.8,grassland,residual_soil,13.4,36.6,68.3,47.8,27.5,0,n/a,0,low
SYN_E_01079,SYNTHETIC_NER,2025-12-24,Sikkim,unspecified,29.31804,93.03164,1726.8,43.73,343.8,forest,weathered_rock,68.1,148.2,325.6,220.8,37.2,1,mudslide,0,low
SYN_N_01086,SYNTHETIC_NER,2020-01-15,Nagaland,unspecified,26.72589,93.70858,1130.1,25.94,269.3,cropland,colluvium,12.9,32.4,67.5,46.0,35.0,0,n/a,0,low
SYN_N_01061,SYNTHETIC_NER,2019-01-08,Tripura,unspecified,24.10762,93.11132,161.2,29.86,68.8,forest,colluvium,21.8,58.4,126.2,85.0,26.3,0,n/a,0,low
SYN_E_01144,SYNTHETIC_NER,2019-09-04,Mizoram,unspecified,28.78261,95.41854,1636.3,33.44,297.3,forest,residual_soil,30.1,69.8,134.7,94.3,51.3,1,mudslide,0,low
SYN_N_01656,SYNTHETIC_NER,2024-09-08,Tripura,unspecified,25.33914,95.95423,258.2,20.38,32.2,forest,residual_soil,19.0,39.8,76.4,53.9,27.9,0,n/a,0,low
SYN_N_01096,SYNTHETIC_NER,2021-04-18,Meghalaya,unspecified,27.74935,96.12448,1714.9,16.77,87.3,grassland,residual_soil,42.9,95.6,194.0,134.3,24.3,0,n/a,0,low
SYN_N_00636,SYNTHETIC_NER,2019-09-08,Nagaland,unspecified,21.7972,92.15229,709.7,2.0,318.5,forest,residual_soil,16.4,43.4,85.5,59.0,15.6,0,n/a,0,low
SYN_N_00553,SYNTHETIC_NER,2021-08-25,Sikkim,unspecified,27.11134,96.62632,2275.4,25.82,4.1,forest,weathered_rock,22.8,48.3,81.6,59.9,15.6,0,n/a,0,low
SYN_E_01101,SYNTHETIC_NER,2023-07-11,Manipur,unspecified,26.66805,93.82081,2618.5,30.48,88.6,cropland,colluvium,26.0,50.9,105.1,73.0,55.9,1,mudslide,0,low
SYN_N_00768,SYNTHETIC_NER,2020-07-24,Mizoram,unspecified,27.89158,88.01127,769.1,20.05,247.1,forest,colluvium,20.3,48.5,81.9,59.6,10.6,0,n/a,0,low
SYN_N_01584,SYNTHETIC_NER,2021-06-18,Assam,unspecified,22.15998,90.93651,148.7,22.3,188.9,forest,weathered_rock,11.6,30.8,53.2,38.2,34.2,0,n/a,0,low
SYN_N_02088,SYNTHETIC_NER,2019-02-09,Meghalaya,unspecified,26.52783,93.85981,772.7,28.45,149.9,bare,weathered_rock,72.3,184.5,281.9,210.7,16.4,0,n/a,0,low
SYN_E_00523,SYNTHETIC_NER,2019-06-08,Sikkim,unspecified,21.82601,88.90927,1836.1,19.69,349.8,cropland,residual_soil,53.1,135.3,253.8,178.1,45.7,1,soil slide,1,low
SYN_N_01080,SYNTHETIC_NER,2015-09-17,Tripura,unspecified,26.37189,92.65176,632.7,16.41,51.8,cropland,residual_soil,19.2,38.0,79.3,54.9,16.8,0,n/a,0,low
SYN_N_01492,SYNTHETIC_NER,2015-09-01,Mizoram,unspecified,26.60804,92.17405,1392.1,28.46,141.3,forest,residual_soil,12.8,40.6,68.1,48.8,17.8,0,n/a,0,low
SYN_N_00228,SYNTHETIC_NER,2016-08-12,Mizoram,unspecified,28.03968,97.45185,996.7,22.8,19.9,forest,weathered_rock,31.6,88.4,171.5,118.6,24.0,0,n/a,0,low
SYN_N_01381,SYNTHETIC_NER,2017-06-12,Mizoram,unspecified,23.76294,92.18552,309.9,20.97,226.2,forest,unknown,7.7,20.7,40.3,27.9,26.6,0,n/a,0,low
SYN_N_01924,SYNTHETIC_NER,2024-12-27,Sikkim,unspecified,28.18003,91.33019,3805.6,29.65,120.5,forest,colluvium,5.1,9.6,18.7,13.2,21.1,0,n/a,0,low
SYN_E_00603,SYNTHETIC_NER,2015-06-22,Meghalaya,unspecified,23.10326,89.01827,1890.5,33.55,297.1,forest,weathered_rock,61.9,156.4,334.4,226.5,33.0,1,soil slide,0,low
SYN_N_00289,SYNTHETIC_NER,2016-07-02,Arunachal Pradesh,unspecified,27.70528,95.53774,4213.3,26.33,130.4,bare,colluvium,4.9,11.9,19.5,14.3,25.0,0,n/a,0,low
SYN_N_01610,SYNTHETIC_NER,2024-09-23,Arunachal Pradesh,unspecified,22.92069,96.00556,2589.7,22.12,242.6,cropland,colluvium,36.6,80.8,134.9,99.0,24.4,0,n/a,0,low
SYN_N_01720,SYNTHETIC_NER,2018-07-25,Sikkim,unspecified,28.28668,88.84806,2853.1,24.75,27.9,grassland,weathered_rock,18.0,54.7,88.8,64.4,33.7,0,n/a,0,low
SYN_E_00060,SYNTHETIC_NER,2015-03-23,Arunachal Pradesh,unspecified,22.52635,95.41796,1133.6,36.63,337.9,grassland,colluvium,71.3,190.2,381.9,262.2,38.1,1,soil slide,0,low
SYN_N_02095,SYNTHETIC_NER,2021-07-10,Meghalaya,unspecified,22.7316,96.66317,568.5,17.52,14.9,cropland,colluvium,46.0,83.7,131.1,99.9,18.0,0,n/a,0,low
SYN_E_00671,SYNTHETIC_NER,2017-06-15,Nagaland,unspecified,28.8103,93.97608,2886.1,29.88,89.8,cropland,colluvium,46.1,112.8,219.2,152.7,32.2,1,rock slide,0,low
SYN_E_00092,SYNTHETIC_NER,2023-07-03,Sikkim,unspecified,25.79738,90.82025,3372.5,21.82,21.8,forest,residual_soil,46.3,104.0,176.3,128.6,39.4,1,debris flow,0,low
SYN_E_00666,SYNTHETIC_NER,2019-08-17,Nagaland,unspecified,26.66808,88.79954,976.0,36.1,291.6,cropland,colluvium,35.7,87.9,183.6,125.3,42.4,1,soil slide,0,low
SYN_N_00687,SYNTHETIC_NER,2022-06-19,Manipur,unspecified,24.56303,94.20798,1008.9,32.83,7.4,forest,residual_soil,3.9,12.2,25.6,17.2,24.7,0,n/a,0,low
SYN_E_00280,SYNTHETIC_NER,2019-08-20,Mizoram,unspecified,27.82906,93.55383,888.4,28.92,3.4,cropland,colluvium,21.5,57.2,99.6,71.3,30.2,1,soil slide,0,low
SYN_N_00519,SYNTHETIC_NER,2022-06-10,Mizoram,unspecified,23.86338,92.63913,1774.0,2.0,270.8,forest,unknown,2.8,6.4,11.3,8.1,30.5,0,n/a,0,low
SYN_E_00359,SYNTHETIC_NER,2023-09-24,Tripura,unspecified,26.28931,93.02146,507.1,35.91,320.5,forest,weathered_rock,35.9,102.0,216.4,146.0,41.2,1,debris flow,0,low
SYN_E_00899,SYNTHETIC_NER,2015-07-20,Nagaland,unspecified,29.34598,95.6826,2150.6,31.5,52.8,forest,colluvium,21.0,54.2,93.3,67.1,29.1,1,soil slide,0,low
SYN_N_00735,SYNTHETIC_NER,2024-08-05,Arunachal Pradesh,unspecified,28.76069,95.91176,2414.1,10.88,90.9,grassland,residual_soil,26.2,73.7,116.5,85.6,26.1,0,n/a,0,low
SYN_N_00794,SYNTHETIC_NER,2016-08-16,Manipur,unspecified,25.63686,89.39297,2040.1,19.0,134.5,grassland,unknown,15.4,44.4,90.9,61.8,25.9,0,n/a,0,low
SYN_N_01568,SYNTHETIC_NER,2020-04-26,Arunachal Pradesh,unspecified,24.63811,94.29805,4032.5,18.52,217.4,forest,colluvium,22.7,44.2,82.0,58.8,21.8,0,n/a,0,low
SYN_E_00760,SYNTHETIC_NER,2018-07-13,Meghalaya,unspecified,27.41512,96.99738,1317.0,26.05,179.4,cropland,weathered_rock,155.0,440.4,916.6,621.4,46.6,1,debris flow,0,low
SYN_N_00958,SYNTHETIC_NER,2018-06-15,Assam,unspecified,23.61358,93.67847,391.5,30.89,149.4,bare,residual_soil,13.3,36.2,60.1,43.6,19.7,0,n/a,0,low
SYN_N_01941,SYNTHETIC_NER,2023-06-22,Tripura,unspecified,23.45409,95.74411,49.6,8.76,45.1,forest,colluvium,18.7,41.5,59.8,46.1,21.5,0,n/a,0,low
SYN_E_00042,SYNTHETIC_NER,2024-06-04,Tripura,unspecified,25.66366,92.40492,421.0,29.27,248.4,forest,colluvium,33.9,102.6,145.6,110.4,37.8,1,soil slide,0,low
SYN_N_00973,SYNTHETIC_NER,2022-01-11,Manipur,unspecified,24.49714,97.38469,2877.8,15.99,217.1,forest,colluvium,13.7,31.0,57.7,40.9,28.2,0,n/a,0,low
SYN_E_00204,SYNTHETIC_NER,2023-07-11,Manipur,unspecified,25.57035,94.82106,2411.9,32.52,94.8,bare,residual_soil,21.1,62.4,111.2,78.5,49.6,1,mudslide,0,low
SYN_N_00273,SYNTHETIC_NER,2021-07-13,Sikkim,unspecified,24.97278,93.02865,3980.2,12.26,37.7,cropland,colluvium,30.7,86.2,135.8,99.9,20.9,0,n/a,0,low
SYN_N_00900,SYNTHETIC_NER,2020-11-25,Tripura,unspecified,28.46407,93.03914,95.3,21.76,216.3,forest,unknown,25.3,53.7,81.2,61.8,33.6,0,n/a,0,low
SYN_N_01393,SYNTHETIC_NER,2021-06-23,Manipur,unspecified,29.27732,95.07351,2834.0,23.49,248.5,grassland,colluvium,14.0,25.3,35.9,28.3,28.5,0,n/a,0,low
SYN_E_00068,SYNTHETIC_NER,2015-09-13,Assam,unspecified,28.138,93.18508,414.6,25.48,273.8,forest,colluvium,29.1,82.5,131.2,96.2,47.0,1,rock slide,0,low
SYN_N_00675,SYNTHETIC_NER,2017-08-04,Assam,unspecified,27.38294,97.42024,228.1,19.65,155.9,bare,colluvium,9.4,20.3,38.5,27.2,21.9,0,n/a,0,low
SYN_N_02216,SYNTHETIC_NER,2025-09-17,Manipur,unspecified,27.93039,90.54669,1074.0,8.0,236.4,cropland,colluvium,20.0,60.5,89.4,66.8,31.5,0,n/a,0,low
SYN_N_01031,SYNTHETIC_NER,2018-07-19,Meghalaya,unspecified,27.48504,93.95253,1520.3,22.5,303.7,grassland,weathered_rock,33.9,82.9,179.8,121.5,44.4,0,n/a,0,low
SYN_E_00137,SYNTHETIC_NER,2019-08-25,Assam,unspecified,25.18785,94.104,32.8,29.91,330.7,forest,weathered_rock,40.6,115.7,252.2,168.9,50.4,1,soil slide,0,low
SYN_E_00796,SYNTHETIC_NER,2015-07-24,Arunachal Pradesh,unspecified,28.25086,91.93702,4093.6,43.86,233.9,forest,residual_soil,37.1,107.3,226.5,152.9,46.8,1,soil slide,1,low
SYN_N_00980,SYNTHETIC_NER,2021-09-12,Sikkim,unspecified,22.71813,96.93606,3092.0,45.21,8.4,forest,residual_soil,9.4,21.5,33.1,24.9,27.0,0,n/a,0,low
SYN_N_00928,SYNTHETIC_NER,2022-07-24,Sikkim,unspecified,22.18574,96.17914,4546.7,9.68,173.4,cropland,weathered_rock,18.9,39.8,77.3,54.3,24.7,0,n/a,0,low
SYN_E_00758,SYNTHETIC_NER,2020-08-24,Meghalaya,unspecified,25.87422,94.08849,546.3,28.44,338.5,forest,colluvium,79.5,174.4,299.9,218.2,40.5,1,debris flow,0,low
SYN_E_00541,SYNTHETIC_NER,2018-08-27,Assam,unspecified,21.87894,91.69501,131.0,34.46,13.5,bare,weathered_rock,20.5,45.8,92.9,64.3,32.3,1,rock slide,0,low
SYN_E_01019,SYNTHETIC_NER,2019-07-26,Assam,unspecified,25.3036,92.10837,40.0,30.3,85.4,cropland,colluvium,35.8,98.7,206.9,140.3,33.3,1,debris flow,0,low
SYN_N_01543,SYNTHETIC_NER,2015-07-17,Arunachal Pradesh,unspecified,25.12928,93.70785,3916.0,13.65,358.8,cropland,residual_soil,10.8,22.8,38.6,28.3,38.8,0,n/a,0,low
SYN_E_00165,SYNTHETIC_NER,2018-06-07,Sikkim,unspecified,25.26762,92.56076,1373.0,32.41,359.2,forest,weathered_rock,50.0,105.8,176.0,129.7,49.4,1,soil slide,0,low
SYN_E_00248,SYNTHETIC_NER,2025-07-17,Sikkim,unspecified,26.37359,92.1314,1668.9,30.88,116.0,cropland,residual_soil,54.9,147.3,281.0,195.6,37.2,1,mudslide,0,low
SYN_N_00131,SYNTHETIC_NER,2018-12-18,Mizoram,unspecified,25.95399,93.1288,547.4,39.71,87.5,grassland,weathered_rock,21.5,66.0,118.7,83.5,12.5,0,n/a,0,low
SYN_N_00817,SYNTHETIC_NER,2024-12-08,Tripura,unspecified,27.10988,93.90881,209.8,2.0,153.7,grassland,unknown,14.8,29.7,56.3,40.0,14.9,0,n/a,0,low
SYN_E_00446,SYNTHETIC_NER,2024-09-27,Mizoram,unspecified,26.3685,94.17166,474.4,33.78,287.7,grassland,weathered_rock,37.6,106.9,206.1,142.7,35.3,1,soil slide,0,low
SYN_N_01282,SYNTHETIC_NER,2017-07-23,Meghalaya,unspecified,26.69487,91.25279,185.4,7.19,133.4,forest,weathered_rock,67.5,131.5,235.2,170.6,7.5,0,n/a,0,low
SYN_N_00158,SYNTHETIC_NER,2021-06-13,Assam,unspecified,27.87139,90.78294,375.6,16.84,93.4,cropland,weathered_rock,10.9,25.6,51.5,35.6,24.6,0,n/a,0,low
SYN_N_00945,SYNTHETIC_NER,2016-07-27,Assam,unspecified,24.80092,92.31792,243.3,6.47,35.2,forest,unknown,10.3,21.7,36.0,26.6,19.9,0,n/a,0,low
SYN_N_00129,SYNTHETIC_NER,2020-06-25,Sikkim,unspecified,28.31061,94.79101,1110.3,34.39,224.9,grassland,residual_soil,31.8,63.4,93.3,72.0,24.7,0,n/a,0,low
SYN_N_02289,SYNTHETIC_NER,2022-06-26,Sikkim,unspecified,25.80285,90.68858,4530.2,19.83,301.8,forest,colluvium,9.6,27.9,51.3,36.0,23.3,0,n/a,0,low
SYN_N_00950,SYNTHETIC_NER,2017-06-10,Tripura,unspecified,22.5987,93.52388,370.8,37.58,267.1,forest,weathered_rock,19.8,55.9,86.9,64.2,16.0,0,n/a,0,low
SYN_E_00434,SYNTHETIC_NER,2023-08-22,Manipur,unspecified,26.97949,95.86641,1210.5,28.28,39.4,forest,weathered_rock,26.5,69.5,109.1,80.7,42.6,1,soil slide,0,low
SYN_N_00922,SYNTHETIC_NER,2016-08-22,Arunachal Pradesh,unspecified,23.15831,90.17008,2609.9,3.87,221.8,built-up,colluvium,15.1,35.7,59.9,43.7,18.1,0,n/a,0,low
SYN_E_00577,SYNTHETIC_NER,2016-03-26,Nagaland,unspecified,24.5191,88.57387,1985.6,41.38,105.0,forest,weathered_rock,33.6,85.0,176.9,120.7,49.3,1,soil slide,0,low
SYN_N_01661,SYNTHETIC_NER,2019-06-22,Meghalaya,unspecified,29.3464,88.41559,1379.1,3.3,293.0,forest,colluvium,20.1,44.1,67.4,50.9,24.8,0,n/a,0,low
SYN_N_02087,SYNTHETIC_NER,2017-07-23,Mizoram,unspecified,25.9773,91.25928,1070.6,11.58,308.5,forest,colluvium,18.3,43.1,79.6,56.4,27.0,0,n/a,0,low
SYN_N_01248,SYNTHETIC_NER,2019-08-03,Assam,unspecified,21.91913,94.3407,160.0,7.15,198.2,forest,residual_soil,20.4,50.7,102.2,70.4,19.1,0,n/a,0,low
SYN_N_00648,SYNTHETIC_NER,2024-07-01,Meghalaya,unspecified,21.65139,91.21335,1943.1,29.19,178.0,forest,weathered_rock,42.5,122.1,221.8,156.0,21.3,0,n/a,0,low
SYN_E_00762,SYNTHETIC_NER,2017-07-09,Arunachal Pradesh,unspecified,27.7202,89.80693,1662.4,26.09,113.0,bare,colluvium,86.8,264.9,561.6,377.6,40.6,1,rock slide,0,low
SYN_E_00388,SYNTHETIC_NER,2022-05-27,Arunachal Pradesh,unspecified,27.08637,94.8052,2274.6,39.81,184.5,bare,colluvium,69.0,177.0,256.1,195.0,53.8,1,debris flow,0,low
SYN_E_00235,SYNTHETIC_NER,2022-06-04,Tripura,unspecified,22.95164,89.78155,323.4,37.91,172.5,grassland,weathered_rock,28.5,89.3,147.6,106.3,33.0,1,debris flow,0,low
SYN_N_01922,SYNTHETIC_NER,2021-07-16,Mizoram,unspecified,23.27254,94.58961,2031.0,27.33,184.0,forest,colluvium,0.0,0.0,0.0,0.0,31.9,0,n/a,0,low
SYN_N_00784,SYNTHETIC_NER,2021-09-13,Tripura,unspecified,27.88813,96.79968,906.1,21.46,117.9,bare,residual_soil,13.7,25.9,53.8,37.4,16.2,0,n/a,0,low
SYN_E_00267,SYNTHETIC_NER,2021-04-17,Mizoram,unspecified,22.63749,96.55177,1434.4,30.21,318.4,built-up,colluvium,37.6,101.6,148.5,112.2,44.3,1,mudslide,0,low
SYN_E_00770,SYNTHETIC_NER,2019-12-06,Tripura,unspecified,24.93357,95.87798,319.1,50.57,123.1,forest,colluvium,22.9,43.2,64.7,49.9,41.8,1,soil slide,0,low
SYN_N_00965,SYNTHETIC_NER,2015-08-20,Meghalaya,unspecified,24.52614,94.01398,1632.1,6.24,337.0,cropland,colluvium,17.0,41.7,66.1,49.0,28.8,0,n/a,0,low
SYN_E_00437,SYNTHETIC_NER,2021-08-04,Arunachal Pradesh,unspecified,26.16185,92.07912,2104.8,22.7,203.7,cropland,colluvium,47.5,111.0,241.9,163.8,51.7,1,mudslide,0,low
SYN_E_00673,SYNTHETIC_NER,2023-09-09,Assam,unspecified,26.54808,96.59852,270.7,36.65,113.0,grassland,colluvium,50.6,105.4,211.3,147.4,49.4,1,debris flow,0,low
SYN_E_00249,SYNTHETIC_NER,2017-06-21,Assam,unspecified,24.6836,90.33495,380.5,33.64,359.6,forest,weathered_rock,44.7,89.8,148.5,110.1,40.6,1,rock slide,0,low
SYN_N_01001,SYNTHETIC_NER,2025-08-24,Assam,unspecified,27.42972,97.05133,56.8,19.22,80.5,grassland,residual_soil,14.8,46.1,93.8,63.7,14.5,0,n/a,0,low
SYN_N_00374,SYNTHETIC_NER,2015-04-23,Manipur,unspecified,26.26934,92.86872,1959.1,23.68,287.0,forest,weathered_rock,17.7,53.9,118.0,78.7,30.9,0,n/a,0,low
SYN_N_00942,SYNTHETIC_NER,2018-07-18,Arunachal Pradesh,unspecified,26.95018,95.81949,4053.8,28.96,86.8,forest,weathered_rock,32.7,100.9,156.0,114.8,27.6,0,n/a,0,low
SYN_N_00881,SYNTHETIC_NER,2019-09-11,Sikkim,unspecified,27.1659,92.93702,4477.9,25.73,160.0,grassland,colluvium,6.5,12.5,23.7,16.9,18.0,0,n/a,0,low
SYN_N_01936,SYNTHETIC_NER,2015-08-17,Assam,unspecified,28.051,88.47862,76.2,6.51,150.9,grassland,residual_soil,37.9,103.9,181.4,129.4,30.8,0,n/a,0,low
SYN_N_01874,SYNTHETIC_NER,2025-09-12,Mizoram,unspecified,26.20619,93.43134,2114.1,6.88,101.5,forest,residual_soil,12.1,35.0,68.4,47.1,31.8,0,n/a,0,low
SYN_N_02085,SYNTHETIC_NER,2015-08-20,Tripura,unspecified,25.22344,97.10042,674.5,13.84,327.3,forest,weathered_rock,11.0,32.9,56.8,40.5,30.0,0,n/a,0,low
SYN_E_00448,SYNTHETIC_NER,2015-07-17,Nagaland,unspecified,24.3954,89.33151,2088.5,40.44,157.6,forest,colluvium,24.1,43.5,90.3,63.0,40.7,1,debris flow,0,low
SYN_N_00269,SYNTHETIC_NER,2025-08-20,Nagaland,unspecified,22.34295,92.1851,3249.6,24.89,211.2,bare,weathered_rock,18.1,52.2,114.3,76.4,43.2,0,n/a,0,low
SYN_E_00716,SYNTHETIC_NER,2021-06-19,Nagaland,unspecified,28.7599,89.95427,1067.2,35.55,267.4,grassland,weathered_rock,36.4,100.1,215.2,144.9,37.5,1,soil slide,0,low
SYN_N_01905,SYNTHETIC_NER,2020-09-16,Tripura,unspecified,24.85312,89.84241,589.1,26.62,202.2,grassland,colluvium,3.1,5.8,10.1,7.4,18.4,0,n/a,0,low
SYN_N_01932,SYNTHETIC_NER,2019-07-27,Manipur,unspecified,22.74629,89.6726,1798.3,2.73,307.5,forest,residual_soil,13.7,34.6,57.7,42.0,6.8,0,n/a,0,low
SYN_N_00848,SYNTHETIC_NER,2015-06-13,Mizoram,unspecified,21.75705,92.95911,1808.3,23.92,52.0,forest,residual_soil,12.0,33.5,57.5,41.2,24.5,0,n/a,0,low
SYN_N_00701,SYNTHETIC_NER,2015-03-17,Mizoram,unspecified,25.41497,95.97534,227.0,14.64,1.4,forest,residual_soil,11.9,36.7,55.1,40.9,24.3,0,n/a,0,low
SYN_N_01787,SYNTHETIC_NER,2017-06-25,Manipur,unspecified,28.2876,91.03094,2447.9,24.93,230.1,forest,residual_soil,16.0,30.3,65.3,45.0,34.6,0,n/a,0,low
SYN_E_01168,SYNTHETIC_NER,2016-12-16,Arunachal Pradesh,unspecified,29.1727,88.8951,2092.3,36.05,263.4,bare,residual_soil,81.4,156.4,320.1,223.3,24.1,1,soil slide,0,low
SYN_E_00082,SYNTHETIC_NER,2020-06-23,Meghalaya,unspecified,29.06333,90.52519,1927.8,25.15,181.5,forest,colluvium,94.4,187.2,269.8,209.9,41.8,1,soil slide,0,low
SYN_N_01698,SYNTHETIC_NER,2021-07-20,Meghalaya,unspecified,29.46915,95.44254,1818.4,15.78,235.7,cropland,weathered_rock,11.6,24.6,46.1,32.8,23.8,0,n/a,0,low
SYN_N_01524,SYNTHETIC_NER,2017-07-14,Assam,unspecified,29.17034,91.72385,558.8,29.59,117.9,forest,colluvium,8.9,19.5,33.2,24.2,16.1,0,n/a,0,low
SYN_N_00260,SYNTHETIC_NER,2018-07-07,Manipur,unspecified,25.25568,88.28023,1157.1,18.94,197.1,forest,colluvium,13.3,30.4,60.0,41.8,30.8,0,n/a,0,low
SYN_N_00693,SYNTHETIC_NER,2024-08-03,Nagaland,unspecified,21.55552,91.39956,1635.9,19.71,312.5,bare,weathered_rock,13.4,38.5,77.8,53.1,18.9,0,n/a,0,low
SYN_N_00468,SYNTHETIC_NER,2025-09-18,Nagaland,unspecified,23.25276,95.46572,1676.1,19.62,211.3,forest,residual_soil,0.0,0.0,0.0,0.0,21.2,0,n/a,0,low
SYN_N_01556,SYNTHETIC_NER,2017-09-11,Manipur,unspecified,27.01105,91.80395,1144.0,21.18,284.4,cropland,residual_soil,7.3,20.6,29.2,22.2,29.3,0,n/a,0,low
SYN_N_00800,SYNTHETIC_NER,2024-04-26,Manipur,unspecified,29.27871,96.73328,2770.6,15.15,91.4,cropland,colluvium,11.9,21.5,45.9,31.8,33.3,0,n/a,0,low
SYN_E_00475,SYNTHETIC_NER,2018-06-08,Sikkim,unspecified,26.81166,94.43031,4002.5,40.6,266.9,forest,weathered_rock,29.2,61.3,101.6,75.0,45.1,1,debris flow,0,low
SYN_E_00517,SYNTHETIC_NER,2023-06-09,Assam,unspecified,22.89585,88.25338,423.5,41.5,1.9,forest,weathered_rock,28.0,52.6,114.4,78.6,50.8,1,rock slide,0,low
SYN_E_00404,SYNTHETIC_NER,2024-09-12,Manipur,unspecified,23.06096,95.63963,2282.7,25.84,127.5,forest,residual_soil,22.5,52.5,84.9,62.7,44.7,1,mudslide,0,low
SYN_E_00384,SYNTHETIC_NER,2020-09-03,Assam,unspecified,22.73258,88.45949,106.5,43.74,235.4,cropland,residual_soil,37.5,110.5,217.8,149.5,33.2,1,soil slide,0,low
SYN_N_02010,SYNTHETIC_NER,2021-08-18,Tripura,unspecified,21.53001,96.27837,442.0,12.7,23.4,forest,residual_soil,11.0,34.2,67.0,46.0,20.1,0,n/a,0,low
SYN_N_00952,SYNTHETIC_NER,2018-09-24,Tripura,unspecified,27.04515,93.20304,934.2,9.21,238.6,forest,residual_soil,16.4,50.6,81.3,59.1,26.9,0,n/a,0,low
SYN_N_00433,SYNTHETIC_NER,2015-06-08,Meghalaya,unspecified,21.84448,95.14323,539.0,34.77,197.7,grassland,colluvium,27.9,81.7,151.6,105.9,23.8,0,n/a,0,low
SYN_N_02229,SYNTHETIC_NER,2025-02-26,Meghalaya,unspecified,24.72536,89.14581,263.5,33.15,337.2,forest,residual_soil,55.8,170.1,266.7,195.5,33.3,0,n/a,0,low
SYN_E_00688,SYNTHETIC_NER,2023-02-08,Manipur,unspecified,27.69952,91.44384,1094.9,35.69,142.8,grassland,residual_soil,24.0,47.1,66.9,52.4,36.4,1,debris flow,1,low
SYN_N_00040,SYNTHETIC_NER,2017-07-14,Tripura,unspecified,25.14491,91.19307,763.7,5.61,16.2,bare,colluvium,12.5,36.2,67.9,47.3,24.8,0,n/a,0,low
SYN_E_00062,SYNTHETIC_NER,2019-02-27,Mizoram,unspecified,28.50431,90.69849,2069.3,33.28,283.6,forest,unknown,52.8,102.0,176.4,129.4,39.1,1,debris flow,0,low
SYN_E_00852,SYNTHETIC_NER,2022-07-24,Arunachal Pradesh,unspecified,21.53907,96.68384,2453.1,29.98,258.5,cropland,colluvium,67.5,125.8,248.3,175.4,47.4,1,mudslide,0,low
SYN_N_02097,SYNTHETIC_NER,2018-07-20,Nagaland,unspecified,25.02467,88.77906,2208.7,16.65,282.8,cropland,residual_soil,9.4,22.0,33.4,25.2,21.8,0,n/a,0,low
SYN_N_02052,SYNTHETIC_NER,2015-08-04,Sikkim,unspecified,29.14423,93.35331,4317.8,22.13,72.8,forest,weathered_rock,17.5,54.9,105.9,72.9,24.0,0,n/a,0,low
SYN_N_00062,SYNTHETIC_NER,2018-08-04,Nagaland,unspecified,21.9929,91.03856,3684.0,33.96,215.1,forest,unknown,15.9,34.7,56.4,41.8,32.2,0,n/a,0,low
SYN_E_00223,SYNTHETIC_NER,2024-08-12,Meghalaya,unspecified,26.92323,95.51071,1727.4,36.09,305.9,built-up,colluvium,125.2,311.0,454.2,345.4,39.7,1,soil slide,0,low
SYN_N_00993,SYNTHETIC_NER,2025-08-16,Tripura,unspecified,23.71143,97.34434,790.4,19.4,41.2,bare,colluvium,13.4,42.1,85.4,58.0,32.5,0,n/a,0,low
SYN_E_00373,SYNTHETIC_NER,2020-04-01,Mizoram,unspecified,25.77849,92.88242,694.3,18.85,307.2,cropland,colluvium,58.6,170.0,319.7,222.5,35.3,1,soil slide,0,low
SYN_N_00624,SYNTHETIC_NER,2021-08-22,Arunachal Pradesh,unspecified,25.96799,90.1776,1062.0,4.61,220.4,forest,unknown,0.0,0.0,0.0,0.0,34.3,0,n/a,0,low
SYN_N_01834,SYNTHETIC_NER,2019-06-18,Manipur,unspecified,24.36571,92.46239,1038.4,9.56,185.6,forest,colluvium,5.7,12.2,22.6,16.1,15.3,0,n/a,0,low
SYN_N_02241,SYNTHETIC_NER,2019-08-26,Assam,unspecified,24.14863,93.31209,204.5,40.56,205.2,cropland,weathered_rock,3.7,11.6,18.4,13.4,18.2,0,n/a,0,low
SYN_N_01962,SYNTHETIC_NER,2017-03-06,Mizoram,unspecified,25.08501,91.9879,673.3,3.05,142.0,built-up,colluvium,24.6,54.8,93.3,68.0,23.6,0,n/a,0,low
SYN_N_02016,SYNTHETIC_NER,2018-10-27,Nagaland,unspecified,26.20001,94.28799,1062.5,18.59,60.8,forest,colluvium,6.5,13.0,25.1,17.7,27.8,0,n/a,0,low
SYN_E_00009,SYNTHETIC_NER,2015-09-23,Assam,unspecified,28.29548,88.04504,553.7,22.66,307.2,cropland,residual_soil,36.4,94.4,176.8,124.0,35.0,1,mudslide,0,low
SYN_N_01297,SYNTHETIC_NER,2025-06-02,Nagaland,unspecified,25.96896,88.13165,991.6,19.76,153.2,forest,colluvium,1.4,3.2,4.9,3.7,41.0,0,n/a,0,low
SYN_N_00744,SYNTHETIC_NER,2016-09-11,Meghalaya,unspecified,27.85726,96.62822,1092.1,37.33,359.7,cropland,colluvium,43.9,115.4,202.4,144.6,20.4,0,n/a,0,low
SYN_N_00638,SYNTHETIC_NER,2018-07-15,Arunachal Pradesh,unspecified,22.7946,90.43463,3271.8,25.21,162.1,forest,unknown,32.1,72.2,130.1,93.1,30.9,0,n/a,0,low
SYN_E_00708,SYNTHETIC_NER,2015-09-16,Manipur,unspecified,25.91153,94.39011,2185.5,32.8,235.0,grassland,residual_soil,27.3,77.3,136.5,96.9,47.5,1,soil slide,0,low
SYN_E_00255,SYNTHETIC_NER,2018-06-16,Meghalaya,unspecified,28.65431,90.62963,1667.0,41.65,237.0,forest,colluvium,94.9,289.9,517.9,364.9,44.6,1,debris flow,0,low
SYN_N_00417,SYNTHETIC_NER,2022-08-19,Assam,unspecified,26.68965,94.65519,414.6,3.79,196.6,forest,residual_soil,25.8,65.9,120.2,85.0,35.7,0,n/a,0,low
SYN_E_00389,SYNTHETIC_NER,2017-09-04,Meghalaya,unspecified,22.19703,91.71715,981.8,38.67,16.4,forest,unknown,98.6,201.2,299.5,229.8,37.2,1,mudslide,0,low
SYN_N_00381,SYNTHETIC_NER,2025-06-16,Sikkim,unspecified,26.72746,89.10438,2202.6,33.14,315.4,bare,residual_soil,13.6,41.2,87.1,58.6,32.7,0,n/a,0,low
SYN_E_00924,SYNTHETIC_NER,2020-07-08,Meghalaya,unspecified,27.88735,91.43356,1940.3,35.88,152.3,bare,weathered_rock,71.7,211.8,332.6,244.2,38.0,1,soil slide,0,low
SYN_N_02126,SYNTHETIC_NER,2022-07-20,Nagaland,unspecified,22.87506,96.7441,1523.8,51.11,161.8,forest,weathered_rock,15.6,39.7,66.4,48.3,22.8,0,n/a,0,low
SYN_N_01634,SYNTHETIC_NER,2021-06-16,Arunachal Pradesh,unspecified,24.12471,96.11183,4217.2,33.46,282.8,grassland,residual_soil,13.6,36.0,61.9,44.5,33.5,0,n/a,0,low
SYN_N_01308,SYNTHETIC_NER,2021-08-09,Meghalaya,unspecified,28.84169,92.04379,1230.1,4.66,195.3,bare,residual_soil,28.9,68.9,138.5,95.7,28.5,0,n/a,0,low
SYN_N_00836,SYNTHETIC_NER,2017-07-13,Meghalaya,unspecified,22.31129,95.4937,623.1,34.92,72.2,forest,weathered_rock,0.0,0.0,0.0,0.0,12.2,0,n/a,0,low
SYN_N_02158,SYNTHETIC_NER,2022-07-27,Manipur,unspecified,25.85086,97.28619,1131.6,26.33,21.8,forest,weathered_rock,16.8,39.4,77.0,53.7,29.5,0,n/a,0,low
SYN_N_00024,SYNTHETIC_NER,2020-06-03,Tripura,unspecified,29.38228,96.02147,299.4,20.02,275.1,cropland,residual_soil,24.5,46.4,71.5,54.6,7.6,0,n/a,0,low
SYN_N_01349,SYNTHETIC_NER,2025-09-12,Tripura,unspecified,25.23393,93.42776,704.7,10.95,290.9,grassland,residual_soil,15.8,45.2,66.8,50.1,21.4,0,n/a,0,low
SYN_N_00746,SYNTHETIC_NER,2025-09-20,Tripura,unspecified,27.86611,96.85247,268.8,24.63,281.8,cropland,colluvium,20.1,56.6,119.1,80.6,27.6,0,n/a,0,low
SYN_E_00739,SYNTHETIC_NER,2024-07-16,Arunachal Pradesh,unspecified,21.58445,95.975,4393.5,33.12,253.1,cropland,residual_soil,48.3,153.5,303.6,207.5,39.9,1,soil slide,0,low
SYN_E_00040,SYNTHETIC_NER,2025-08-02,Meghalaya,unspecified,25.22606,88.05199,1813.0,36.55,283.2,forest,weathered_rock,114.7,343.2,616.7,434.3,54.0,1,soil slide,0,low
SYN_E_00868,SYNTHETIC_NER,2016-09-14,Manipur,unspecified,27.06801,96.1832,1727.1,42.77,272.3,cropland,residual_soil,22.8,47.6,93.4,65.5,38.7,1,soil slide,0,low
SYN_N_01579,SYNTHETIC_NER,2020-07-11,Mizoram,unspecified,21.73276,91.79558,1433.2,16.64,45.5,built-up,residual_soil,9.4,30.0,53.4,37.6,22.4,0,n/a,0,low
SYN_E_00539,SYNTHETIC_NER,2022-07-18,Assam,unspecified,21.57428,91.96495,468.6,41.59,1.0,cropland,weathered_rock,24.6,53.1,89.6,65.7,47.8,1,soil slide,0,low
SYN_N_01545,SYNTHETIC_NER,2016-07-23,Nagaland,unspecified,26.88189,92.98208,731.9,27.01,259.5,cropland,weathered_rock,11.8,27.1,42.1,31.6,19.4,0,n/a,0,low
SYN_N_02116,SYNTHETIC_NER,2016-09-18,Nagaland,unspecified,23.47845,95.27247,1575.2,38.84,41.5,forest,residual_soil,22.2,67.1,123.4,86.2,32.1,0,n/a,0,low
SYN_N_01523,SYNTHETIC_NER,2021-05-04,Nagaland,unspecified,23.74507,96.03277,2631.4,31.71,88.9,forest,weathered_rock,18.9,48.4,80.6,58.6,10.1,0,n/a,0,low
SYN_N_00171,SYNTHETIC_NER,2018-08-06,Assam,unspecified,27.57917,95.65931,205.5,29.09,181.5,forest,colluvium,30.7,60.0,97.9,73.1,20.2,0,n/a,0,low
SYN_E_01145,SYNTHETIC_NER,2025-06-27,Manipur,unspecified,23.591,96.40474,2341.2,25.92,108.0,forest,weathered_rock,31.9,98.8,206.9,139.5,45.4,1,debris flow,0,low
SYN_E_01031,SYNTHETIC_NER,2024-07-16,Meghalaya,unspecified,28.03799,92.51669,1241.9,38.22,25.7,forest,colluvium,61.9,113.5,158.9,125.9,39.4,1,soil slide,0,low
SYN_E_00372,SYNTHETIC_NER,2017-08-01,Manipur,unspecified,24.49082,93.75556,1041.6,37.63,281.5,forest,colluvium,42.2,89.0,138.6,104.5,46.5,1,mudslide,0,low
SYN_E_00667,SYNTHETIC_NER,2020-08-17,Sikkim,unspecified,23.35135,90.07159,1312.5,21.43,265.0,forest,residual_soil,31.6,77.1,132.1,95.5,38.9,1,soil slide,1,low
SYN_E_00357,SYNTHETIC_NER,2016-07-10,Arunachal Pradesh,unspecified,22.88558,93.67756,1887.3,39.21,204.2,grassland,residual_soil,67.9,175.9,322.0,227.3,50.2,1,rock slide,0,low
SYN_E_00967,SYNTHETIC_NER,2023-09-14,Mizoram,unspecified,22.22932,93.02062,1576.5,35.45,169.5,cropland,residual_soil,37.4,115.4,168.7,126.5,26.7,1,mudslide,0,low
SYN_N_01631,SYNTHETIC_NER,2016-07-05,Tripura,unspecified,28.22217,89.76746,804.4,23.3,22.8,built-up,colluvium,13.6,32.6,56.7,40.8,25.6,0,n/a,0,low
SYN_N_01583,SYNTHETIC_NER,2022-07-18,Nagaland,unspecified,22.85892,89.61312,1490.7,28.85,273.1,forest,colluvium,12.1,36.7,66.7,46.8,20.3,0,n/a,0,low
SYN_N_00153,SYNTHETIC_NER,2018-08-12,Manipur,unspecified,28.31461,91.63794,1603.9,19.9,66.3,grassland,colluvium,6.0,12.9,19.6,14.9,35.1,0,n/a,0,low
SYN_E_01035,SYNTHETIC_NER,2021-08-23,Tripura,unspecified,25.79495,93.48303,560.4,40.27,119.5,forest,residual_soil,32.6,90.1,126.2,96.6,30.1,1,mudslide,0,low
SYN_E_00470,SYNTHETIC_NER,2024-09-23,Tripura,unspecified,26.50088,93.05868,521.6,43.85,205.0,cropland,weathered_rock,32.0,98.8,195.1,133.6,24.6,1,mudslide,0,low
SYN_N_01903,SYNTHETIC_NER,2018-06-08,Assam,unspecified,28.99767,89.89854,298.5,18.78,134.4,bare,unknown,0.5,1.2,2.1,1.5,19.6,0,n/a,0,low
SYN_N_00196,SYNTHETIC_NER,2016-07-27,Meghalaya,unspecified,25.32417,96.8247,514.1,16.71,241.2,cropland,colluvium,14.8,33.2,62.3,44.1,26.4,0,n/a,0,low
SYN_N_01939,SYNTHETIC_NER,2017-09-27,Nagaland,unspecified,25.898,90.14401,1724.8,30.32,111.5,cropland,colluvium,19.3,45.1,74.2,54.5,19.9,0,n/a,0,low
SYN_N_00349,SYNTHETIC_NER,2015-08-14,Meghalaya,unspecified,22.96973,88.54565,1452.2,40.96,312.2,forest,unknown,25.6,80.0,167.3,112.8,27.3,0,n/a,0,low
SYN_N_00056,SYNTHETIC_NER,2017-07-08,Arunachal Pradesh,unspecified,27.39822,93.69634,4599.8,9.46,152.1,forest,weathered_rock,22.0,45.9,64.5,50.4,17.3,0,n/a,0,low
SYN_N_00894,SYNTHETIC_NER,2015-09-08,Manipur,unspecified,22.73781,95.75505,2037.6,12.61,172.7,cropland,colluvium,16.3,30.3,51.8,38.3,27.7,0,n/a,0,low
SYN_N_00355,SYNTHETIC_NER,2022-06-11,Tripura,unspecified,22.68635,93.85008,211.8,16.35,184.6,grassland,residual_soil,1.3,3.4,5.4,4.0,40.9,0,n/a,0,low
SYN_N_01897,SYNTHETIC_NER,2018-01-09,Manipur,unspecified,23.44661,90.13258,1138.1,27.07,12.4,grassland,residual_soil,11.7,36.0,63.7,45.0,20.9,0,n/a,0,low
SYN_N_00050,SYNTHETIC_NER,2020-07-07,Assam,unspecified,28.57385,89.30164,305.9,4.67,52.0,bare,residual_soil,24.2,72.4,107.9,80.5,14.5,0,n/a,0,low
SYN_N_00499,SYNTHETIC_NER,2018-08-11,Mizoram,unspecified,28.46505,90.14195,1115.6,28.79,109.2,grassland,colluvium,15.0,44.9,94.4,63.7,21.4,0,n/a,0,low
SYN_N_00052,SYNTHETIC_NER,2018-06-21,Nagaland,unspecified,28.17729,90.68495,3018.8,14.75,288.8,built-up,residual_soil,12.2,27.2,41.1,31.2,10.4,0,n/a,0,low
SYN_N_02117,SYNTHETIC_NER,2019-09-06,Tripura,unspecified,22.55445,96.79758,831.6,26.35,130.8,cropland,residual_soil,12.8,26.5,38.8,29.9,22.5,0,n/a,0,low
SYN_N_02137,SYNTHETIC_NER,2018-07-18,Manipur,unspecified,26.70796,91.08944,1340.1,2.0,339.6,built-up,weathered_rock,8.5,26.6,56.2,37.8,28.6,0,n/a,0,low
SYN_E_00079,SYNTHETIC_NER,2024-06-09,Tripura,unspecified,25.41412,89.34557,338.2,40.36,55.0,cropland,residual_soil,50.4,98.8,208.3,143.9,39.9,1,debris flow,0,low
SYN_E_01172,SYNTHETIC_NER,2015-09-16,Manipur,unspecified,27.34707,92.96284,1125.1,30.75,95.8,forest,colluvium,34.5,91.2,152.3,110.4,36.6,1,soil slide,0,low
SYN_E_00814,SYNTHETIC_NER,2025-07-13,Sikkim,unspecified,28.80254,88.3227,415.0,37.86,190.9,forest,unknown,43.6,100.8,221.1,149.5,27.9,1,soil slide,0,low
SYN_N_00652,SYNTHETIC_NER,2018-12-07,Mizoram,unspecified,21.83691,94.7192,1135.3,17.59,282.1,forest,colluvium,5.6,16.9,24.2,18.3,25.6,0,n/a,0,low
SYN_N_01020,SYNTHETIC_NER,2016-09-17,Assam,unspecified,23.06677,88.80864,82.8,16.05,42.6,forest,residual_soil,3.0,8.4,17.3,11.8,25.3,0,n/a,0,low
SYN_N_01519,SYNTHETIC_NER,2024-01-07,Nagaland,unspecified,28.22104,92.47872,3307.9,24.94,86.6,forest,colluvium,23.8,64.9,126.3,87.4,31.2,0,n/a,0,low
SYN_N_01948,SYNTHETIC_NER,2017-06-01,Assam,unspecified,24.61438,91.14125,206.5,7.16,146.9,forest,unknown,15.5,32.0,49.2,37.3,32.1,0,n/a,0,low
SYN_N_00905,SYNTHETIC_NER,2024-02-17,Assam,unspecified,29.09712,94.4255,156.8,13.05,304.2,forest,unknown,8.2,25.8,46.0,32.4,39.9,0,n/a,0,low
SYN_E_00133,SYNTHETIC_NER,2021-09-05,Nagaland,unspecified,25.5458,95.78552,2154.6,41.15,235.4,grassland,weathered_rock,30.0,59.3,127.2,87.4,38.0,1,soil slide,0,low
SYN_E_01140,SYNTHETIC_NER,2020-08-12,Arunachal Pradesh,unspecified,25.02698,93.2685,4219.8,33.59,166.6,forest,weathered_rock,35.5,95.3,202.5,136.9,38.7,1,mudslide,0,low
SYN_E_00933,SYNTHETIC_NER,2020-10-21,Tripura,unspecified,23.34839,93.75406,842.4,41.64,40.4,cropland,weathered_rock,45.0,100.5,141.6,109.9,45.4,1,debris flow,0,low
SYN_E_00928,SYNTHETIC_NER,2024-09-19,Manipur,unspecified,22.14887,93.97388,857.1,41.8,132.2,built-up,colluvium,31.2,61.5,129.0,89.2,47.8,1,rock slide,0,low
SYN_E_00823,SYNTHETIC_NER,2018-09-27,Tripura,unspecified,22.9719,95.54554,131.3,34.11,311.4,built-up,weathered_rock,16.6,44.4,93.4,63.4,45.6,1,rock slide,0,low
SYN_N_00331,SYNTHETIC_NER,2016-08-09,Sikkim,unspecified,27.12756,88.09052,4832.6,16.29,188.7,cropland,weathered_rock,35.6,89.5,152.8,110.3,29.3,0,n/a,0,low
SYN_N_00014,SYNTHETIC_NER,2021-09-20,Manipur,unspecified,24.63948,95.37242,2770.2,47.01,61.3,forest,colluvium,8.0,20.1,39.7,27.5,16.4,0,n/a,0,low
SYN_E_00504,SYNTHETIC_NER,2021-06-15,Mizoram,unspecified,23.29625,95.83498,956.3,30.02,291.5,bare,residual_soil,28.2,78.8,114.3,86.5,36.5,1,mudslide,1,low
SYN_N_02355,SYNTHETIC_NER,2019-05-23,Tripura,unspecified,21.64503,95.58663,888.3,23.3,177.9,cropland,residual_soil,33.2,100.3,183.5,128.5,15.5,0,n/a,0,low
SYN_N_01195,SYNTHETIC_NER,2016-08-19,Sikkim,unspecified,24.47893,92.31675,3143.7,23.39,245.1,forest,weathered_rock,10.2,30.1,43.1,32.6,27.7,0,n/a,0,low
SYN_N_00796,SYNTHETIC_NER,2015-06-25,Nagaland,unspecified,29.22533,92.42932,3439.5,6.47,326.4,forest,colluvium,9.3,19.8,29.3,22.5,27.9,0,n/a,0,low
SYN_N_01234,SYNTHETIC_NER,2022-01-10,Manipur,unspecified,22.96968,96.44549,2058.0,30.55,272.9,forest,residual_soil,10.7,27.3,57.2,38.9,22.5,0,n/a,0,low
SYN_N_00758,SYNTHETIC_NER,2016-01-07,Assam,unspecified,26.68681,93.62099,230.1,8.25,12.8,forest,colluvium,20.1,47.8,105.0,70.9,23.1,0,n/a,0,low
SYN_N_00184,SYNTHETIC_NER,2025-09-22,Tripura,unspecified,25.55451,88.32906,460.8,40.91,278.0,forest,unknown,6.6,18.6,27.2,20.5,8.1,0,n/a,0,low
SYN_E_00894,SYNTHETIC_NER,2023-08-24,Tripura,unspecified,25.47444,90.91381,299.0,47.28,173.7,forest,colluvium,33.7,102.9,220.5,147.9,51.1,1,soil slide,0,low
SYN_E_00828,SYNTHETIC_NER,2025-10-13,Sikkim,unspecified,23.87786,90.83235,3446.1,33.2,315.1,forest,unknown,39.5,115.9,214.9,150.1,32.8,1,mudslide,0,low
SYN_N_02325,SYNTHETIC_NER,2017-07-04,Tripura,unspecified,24.75507,90.51451,562.4,10.06,105.5,forest,colluvium,10.0,30.1,57.3,39.7,15.9,0,n/a,0,low
SYN_N_01323,SYNTHETIC_NER,2019-08-23,Mizoram,unspecified,27.35815,93.69375,1357.7,22.05,182.8,built-up,colluvium,2.5,5.5,7.8,6.0,19.3,0,n/a,0,low
SYN_N_00483,SYNTHETIC_NER,2020-07-21,Tripura,unspecified,28.85252,91.83281,928.6,25.37,261.7,bare,residual_soil,31.1,71.2,104.6,79.9,39.7,0,n/a,0,low
SYN_N_01881,SYNTHETIC_NER,2022-09-27,Assam,unspecified,28.39692,94.44997,361.8,12.27,4.5,cropland,residual_soil,10.0,29.2,55.7,38.6,17.9,0,n/a,0,low
SYN_N_01861,SYNTHETIC_NER,2024-06-06,Arunachal Pradesh,unspecified,24.99392,92.42467,3773.5,34.46,155.7,bare,unknown,34.8,101.8,183.9,129.4,21.1,0,n/a,0,low
SYN_N_01806,SYNTHETIC_NER,2018-07-11,Mizoram,unspecified,23.79956,94.93979,1025.1,5.39,141.6,forest,colluvium,15.1,38.7,81.1,55.2,37.4,0,n/a,0,low
SYN_E_00652,SYNTHETIC_NER,2021-06-20,Meghalaya,unspecified,25.50166,96.79668,1448.4,47.18,62.0,forest,unknown,83.7,253.3,478.1,331.7,41.3,1,soil slide,0,low
SYN_E_00172,SYNTHETIC_NER,2017-07-07,Sikkim,unspecified,26.3866,90.81442,4569.2,48.38,124.5,grassland,weathered_rock,44.3,115.4,194.8,140.9,48.8,1,soil slide,0,low
SYN_E_00038,SYNTHETIC_NER,2023-09-03,Mizoram,unspecified,28.91416,96.86141,362.5,26.99,140.9,forest,colluvium,32.1,77.2,147.1,103.1,50.1,1,soil slide,0,low
SYN_N_02231,SYNTHETIC_NER,2017-08-24,Tripura,unspecified,29.07889,88.59947,66.9,30.52,12.8,forest,residual_soil,11.6,36.2,69.3,47.8,20.1,0,n/a,0,low
SYN_E_00713,SYNTHETIC_NER,2018-08-01,Sikkim,unspecified,21.67855,95.39384,362.5,41.11,354.1,cropland,colluvium,50.3,93.4,145.5,110.9,34.6,1,debris flow,0,low
SYN_E_00090,SYNTHETIC_NER,2020-01-02,Manipur,unspecified,22.9878,91.07103,876.5,33.56,211.5,grassland,colluvium,27.8,86.4,182.9,122.9,33.8,1,debris flow,0,low
SYN_N_02342,SYNTHETIC_NER,2017-06-04,Nagaland,unspecified,24.50384,95.21891,831.3,33.29,41.2,grassland,residual_soil,14.1,39.1,73.0,51.0,28.0,0,n/a,0,low
SYN_N_00005,SYNTHETIC_NER,2020-06-07,Nagaland,unspecified,27.57002,92.9867,957.1,34.41,68.5,bare,weathered_rock,16.7,49.9,101.9,69.2,9.0,0,n/a,0,low
SYN_N_01758,SYNTHETIC_NER,2022-09-02,Nagaland,unspecified,24.95587,94.81787,2679.1,14.28,241.3,grassland,residual_soil,17.8,41.4,72.7,52.3,41.7,0,n/a,0,low
SYN_N_01893,SYNTHETIC_NER,2025-08-14,Tripura,unspecified,24.39153,93.27637,233.4,14.35,304.4,bare,colluvium,4.5,11.1,21.4,15.0,11.3,0,n/a,0,low
SYN_N_00627,SYNTHETIC_NER,2016-08-04,Mizoram,unspecified,24.87705,94.19086,584.0,33.74,296.1,grassland,residual_soil,32.8,100.6,155.2,114.3,22.2,0,n/a,0,low
SYN_E_01155,SYNTHETIC_NER,2020-06-03,Nagaland,unspecified,23.33998,92.35488,1395.2,33.36,88.5,grassland,colluvium,57.0,128.2,227.0,163.3,38.6,1,debris flow,1,low
SYN_N_00124,SYNTHETIC_NER,2016-09-16,Mizoram,unspecified,28.07307,89.30425,584.3,12.68,35.2,forest,colluvium,14.0,42.4,90.1,60.6,35.4,0,n/a,0,low
SYN_E_00216,SYNTHETIC_NER,2018-07-14,Assam,unspecified,25.72384,91.1756,92.5,36.51,53.6,cropland,residual_soil,33.0,89.5,172.6,119.7,32.0,1,soil slide,0,low
SYN_E_00510,SYNTHETIC_NER,2024-08-04,Arunachal Pradesh,unspecified,22.98563,94.9903,236.1,46.18,20.9,cropland,residual_soil,109.6,220.7,388.0,282.2,47.1,1,soil slide,0,low
SYN_N_00480,SYNTHETIC_NER,2019-10-16,Assam,unspecified,21.80991,94.01128,219.5,26.35,87.2,bare,colluvium,11.3,22.4,39.4,28.7,27.2,0,n/a,0,low
SYN_E_00499,SYNTHETIC_NER,2020-08-03,Manipur,unspecified,26.22307,88.78012,2359.5,28.1,57.9,forest,residual_soil,28.3,88.4,186.4,125.4,42.2,1,debris flow,0,low
SYN_N_01764,SYNTHETIC_NER,2024-09-16,Tripura,unspecified,22.33419,92.51859,944.1,38.07,71.0,cropland,residual_soil,23.3,52.7,113.7,77.3,23.3,0,n/a,0,low
SYN_N_00656,SYNTHETIC_NER,2018-08-23,Assam,unspecified,21.54663,94.79984,57.2,23.8,319.1,forest,weathered_rock,7.2,15.3,30.8,21.5,18.9,0,n/a,0,low
SYN_N_00188,SYNTHETIC_NER,2023-06-06,Assam,unspecified,27.87092,90.6139,249.2,33.22,266.4,forest,weathered_rock,17.9,35.4,58.4,43.4,14.9,0,n/a,0,low
SYN_N_00319,SYNTHETIC_NER,2015-08-23,Mizoram,unspecified,25.86005,91.93083,747.9,19.79,347.2,forest,colluvium,15.1,32.5,59.4,42.5,15.1,0,n/a,0,low
SYN_N_01186,SYNTHETIC_NER,2022-07-03,Meghalaya,unspecified,25.11678,96.75829,1743.9,14.37,208.0,forest,unknown,52.0,154.1,269.5,191.4,8.0,0,n/a,0,low
SYN_N_02061,SYNTHETIC_NER,2018-07-18,Meghalaya,unspecified,25.89886,94.98118,905.8,29.76,44.5,forest,weathered_rock,46.9,89.8,185.9,129.3,8.7,0,n/a,0,low
SYN_N_00876,SYNTHETIC_NER,2022-09-18,Assam,unspecified,29.14657,94.90766,175.9,40.7,81.8,forest,weathered_rock,12.6,39.0,57.1,42.7,27.4,0,n/a,0,low
SYN_N_00340,SYNTHETIC_NER,2020-07-08,Mizoram,unspecified,22.36738,95.54131,1694.4,5.72,260.3,forest,weathered_rock,0.0,0.0,0.0,0.0,31.2,0,n/a,0,low
SYN_N_00017,SYNTHETIC_NER,2023-08-06,Arunachal Pradesh,unspecified,28.71922,91.05451,3521.6,12.66,353.8,forest,weathered_rock,4.1,11.4,17.4,12.9,24.2,0,n/a,0,low
SYN_N_01481,SYNTHETIC_NER,2024-08-27,Meghalaya,unspecified,26.74672,93.68005,873.2,36.31,326.0,forest,colluvium,27.1,78.5,170.4,114.1,13.2,0,n/a,0,low
SYN_N_02235,SYNTHETIC_NER,2020-12-13,Sikkim,unspecified,27.26712,90.80995,4846.9,12.68,0.8,forest,residual_soil,15.0,30.1,49.2,36.7,14.6,0,n/a,0,low
SYN_N_00216,SYNTHETIC_NER,2019-08-08,Arunachal Pradesh,unspecified,25.20953,93.97512,3949.0,25.42,341.3,forest,residual_soil,33.8,76.9,158.3,109.0,19.7,0,n/a,0,low
SYN_N_01017,SYNTHETIC_NER,2020-10-24,Arunachal Pradesh,unspecified,22.02388,92.72928,4892.6,27.81,332.9,forest,colluvium,39.1,88.0,136.9,102.7,5.8,0,n/a,0,low
SYN_N_01813,SYNTHETIC_NER,2020-08-12,Nagaland,unspecified,23.19517,96.22915,1846.1,18.69,36.9,forest,residual_soil,19.3,38.3,78.5,54.6,23.5,0,n/a,0,low
SYN_N_00476,SYNTHETIC_NER,2017-04-26,Meghalaya,unspecified,22.72252,94.38702,826.2,7.38,334.4,forest,weathered_rock,51.0,93.6,168.3,122.4,17.7,0,n/a,0,low
SYN_E_01197,SYNTHETIC_NER,2016-07-26,Arunachal Pradesh,unspecified,25.73223,89.84241,1060.2,35.29,297.4,built-up,colluvium,49.7,126.3,218.7,157.2,25.7,1,mudslide,0,low
SYN_N_00342,SYNTHETIC_NER,2024-07-21,Arunachal Pradesh,unspecified,29.41529,88.85949,435.7,2.0,213.9,forest,colluvium,5.4,11.6,20.9,15.0,26.7,0,n/a,0,low
SYN_N_01339,SYNTHETIC_NER,2015-07-26,Sikkim,unspecified,23.17794,97.25422,4710.3,17.02,101.0,bare,colluvium,22.0,57.2,91.9,67.5,32.8,0,n/a,0,low
SYN_E_00953,SYNTHETIC_NER,2018-08-06,Manipur,unspecified,23.3967,89.68547,987.3,38.14,40.7,forest,colluvium,35.2,86.8,159.3,112.7,42.3,1,debris flow,0,low
SYN_N_01435,SYNTHETIC_NER,2015-07-10,Tripura,unspecified,25.24687,97.44411,138.8,16.88,91.4,cropland,weathered_rock,15.1,45.9,75.4,54.5,23.1,0,n/a,0,low
SYN_E_00750,SYNTHETIC_NER,2017-07-01,Arunachal Pradesh,unspecified,28.77069,93.69634,4023.9,31.45,96.3,grassland,weathered_rock,76.7,239.4,521.2,347.8,30.1,1,soil slide,2,low
SYN_N_01505,SYNTHETIC_NER,2021-11-01,Assam,unspecified,24.83931,91.51093,563.6,34.84,260.8,bare,residual_soil,23.7,44.6,83.0,59.6,31.0,0,n/a,0,low
SYN_E_00234,SYNTHETIC_NER,2022-07-11,Manipur,unspecified,23.70532,94.22717,1210.8,27.93,111.1,built-up,unknown,17.3,41.5,60.8,46.3,48.4,1,rock slide,0,low
SYN_E_00732,SYNTHETIC_NER,2023-06-11,Arunachal Pradesh,unspecified,26.38028,93.27557,4005.8,40.53,335.5,forest,weathered_rock,68.2,180.9,270.8,203.3,41.1,1,soil slide,0,low
SYN_N_02389,SYNTHETIC_NER,2024-03-24,Nagaland,unspecified,28.35962,92.5311,1289.9,29.01,219.3,forest,residual_soil,12.0,31.0,44.4,33.9,28.8,0,n/a,0,low
SYN_E_01156,SYNTHETIC_NER,2020-08-19,Assam,unspecified,26.51898,94.95143,561.0,31.17,83.0,grassland,weathered_rock,52.8,113.8,162.2,125.8,36.1,1,debris flow,0,low
SYN_N_01880,SYNTHETIC_NER,2018-06-27,Nagaland,unspecified,25.42317,89.21174,3020.8,19.94,262.4,forest,residual_soil,8.1,19.6,37.7,26.4,35.6,0,n/a,0,low
SYN_N_01245,SYNTHETIC_NER,2024-09-15,Nagaland,unspecified,22.24337,94.66725,2677.5,39.2,17.0,forest,colluvium,18.1,46.1,79.0,56.9,15.9,0,n/a,0,low
SYN_N_00009,SYNTHETIC_NER,2024-09-23,Assam,unspecified,24.37579,95.84657,598.2,22.12,20.7,grassland,weathered_rock,13.6,34.4,55.9,41.0,33.5,0,n/a,0,low
SYN_E_01065,SYNTHETIC_NER,2019-09-16,Manipur,unspecified,28.33226,92.33969,1040.0,31.93,89.6,cropland,colluvium,29.6,65.1,120.1,85.5,35.9,1,rock slide,0,low
SYN_N_00956,SYNTHETIC_NER,2020-10-11,Arunachal Pradesh,unspecified,27.7626,92.69818,4533.1,16.57,108.7,bare,weathered_rock,6.6,14.5,30.0,20.7,24.7,0,n/a,0,low
SYN_E_01062,SYNTHETIC_NER,2016-06-20,Meghalaya,unspecified,21.7761,94.7848,629.0,25.17,265.3,cropland,residual_soil,195.0,365.8,680.3,488.9,37.9,1,soil slide,0,low
SYN_N_01416,SYNTHETIC_NER,2025-06-05,Meghalaya,unspecified,27.39286,93.23915,775.1,30.83,141.7,forest,colluvium,44.0,137.9,277.5,188.9,24.2,0,n/a,0,low
SYN_E_01167,SYNTHETIC_NER,2015-08-25,Manipur,unspecified,29.3565,95.40158,1960.5,31.31,277.2,cropland,weathered_rock,24.2,57.5,102.1,73.2,47.2,1,soil slide,0,low
SYN_N_00292,SYNTHETIC_NER,2018-12-14,Meghalaya,unspecified,24.39661,90.93979,201.7,29.23,327.6,grassland,colluvium,30.9,92.1,192.2,129.9,27.8,0,n/a,0,low
SYN_N_01738,SYNTHETIC_NER,2022-03-05,Mizoram,unspecified,29.37249,94.53605,898.4,4.0,104.6,cropland,colluvium,20.2,48.3,79.5,58.3,15.1,0,n/a,0,low
SYN_N_01853,SYNTHETIC_NER,2015-10-24,Meghalaya,unspecified,25.6993,96.31542,1467.0,29.43,293.2,forest,residual_soil,109.9,289.7,544.6,381.2,28.5,0,n/a,0,low
SYN_E_00884,SYNTHETIC_NER,2020-09-25,Sikkim,unspecified,24.85162,92.75571,3881.5,26.57,146.3,forest,residual_soil,40.4,90.6,129.6,100.1,35.6,1,mudslide,0,low
SYN_E_00143,SYNTHETIC_NER,2022-09-11,Manipur,unspecified,26.28823,91.36166,2891.4,23.0,44.6,forest,residual_soil,27.5,56.6,79.2,62.1,39.8,1,debris flow,0,low
SYN_N_02328,SYNTHETIC_NER,2017-08-12,Nagaland,unspecified,23.1302,96.53367,1247.3,42.15,328.3,forest,weathered_rock,6.2,18.7,37.3,25.5,20.8,0,n/a,0,low
SYN_E_00850,SYNTHETIC_NER,2020-08-08,Arunachal Pradesh,unspecified,25.58558,91.67149,2740.1,38.13,104.5,forest,weathered_rock,37.4,119.5,204.1,145.4,48.1,1,mudslide,0,low
SYN_N_01582,SYNTHETIC_NER,2024-08-19,Meghalaya,unspecified,21.71928,89.40763,1619.0,20.67,348.5,forest,unknown,18.1,35.0,60.4,44.3,17.9,0,n/a,0,low
SYN_E_00717,SYNTHETIC_NER,2017-08-17,Manipur,unspecified,27.68666,89.00629,802.3,29.86,23.4,bare,residual_soil,24.4,70.9,148.6,100.5,40.1,1,soil slide,0,low
SYN_N_02208,SYNTHETIC_NER,2018-09-04,Nagaland,unspecified,28.39776,93.91203,1054.8,17.87,353.9,forest,residual_soil,22.4,52.9,101.1,70.9,10.0,0,n/a,0,low
SYN_N_01302,SYNTHETIC_NER,2018-08-21,Manipur,unspecified,24.48121,93.27233,2341.4,27.94,265.9,cropland,residual_soil,11.9,27.6,52.4,36.8,31.7,0,n/a,0,low
SYN_E_00264,SYNTHETIC_NER,2020-09-20,Arunachal Pradesh,unspecified,24.90332,90.38367,553.5,33.44,124.9,cropland,residual_soil,86.8,178.6,290.4,216.1,38.9,1,debris flow,0,low
SYN_E_00075,SYNTHETIC_NER,2022-08-15,Manipur,unspecified,25.30018,93.73236,2279.5,26.56,88.4,forest,residual_soil,17.9,50.1,74.3,55.8,25.6,1,soil slide,0,low
SYN_N_01292,SYNTHETIC_NER,2019-07-19,Mizoram,unspecified,24.91329,96.07377,1667.6,27.71,214.2,bare,colluvium,10.1,19.9,33.0,24.5,19.1,0,n/a,0,low
SYN_E_00395,SYNTHETIC_NER,2016-08-10,Sikkim,unspecified,21.74738,96.6923,3599.2,34.05,117.8,grassland,colluvium,48.2,125.4,213.0,153.7,37.6,1,debris flow,0,low
SYN_N_01847,SYNTHETIC_NER,2022-09-15,Manipur,unspecified,21.94782,89.5348,1697.2,30.38,65.0,grassland,colluvium,10.4,28.9,44.0,32.7,25.9,0,n/a,0,low
SYN_N_01024,SYNTHETIC_NER,2015-04-25,Arunachal Pradesh,unspecified,25.07094,95.37697,319.2,14.57,353.1,forest,residual_soil,3.6,10.0,20.7,14.1,20.2,0,n/a,0,low
SYN_N_02157,SYNTHETIC_NER,2016-04-27,Meghalaya,unspecified,25.0083,93.29959,1922.8,25.31,176.1,forest,residual_soil,63.5,148.5,263.0,188.7,34.5,0,n/a,0,low
SYN_E_00396,SYNTHETIC_NER,2019-11-07,Assam,unspecified,22.6391,93.23483,210.8,31.2,152.2,built-up,colluvium,37.2,108.3,218.9,149.4,29.8,1,debris flow,0,low
SYN_N_00165,SYNTHETIC_NER,2019-08-11,Meghalaya,unspecified,29.35335,94.0575,237.7,29.08,15.6,forest,residual_soil,29.2,90.8,130.2,98.2,30.8,0,n/a,0,low
SYN_N_01791,SYNTHETIC_NER,2025-08-25,Arunachal Pradesh,unspecified,24.35997,89.84835,3535.2,18.46,325.3,cropland,weathered_rock,15.2,27.5,55.0,38.8,21.8,0,n/a,0,low
SYN_N_00703,SYNTHETIC_NER,2015-06-09,Mizoram,unspecified,27.11909,89.05114,1228.1,32.69,176.0,forest,residual_soil,12.8,32.5,59.9,42.3,31.9,0,n/a,0,low
SYN_E_00595,SYNTHETIC_NER,2016-02-27,Sikkim,unspecified,22.23247,96.42851,2689.5,39.92,135.6,cropland,weathered_rock,69.0,132.0,201.2,154.0,17.0,1,soil slide,0,low
SYN_N_00909,SYNTHETIC_NER,2019-09-06,Assam,unspecified,26.95242,91.49296,255.0,31.1,280.2,cropland,residual_soil,7.8,18.7,31.7,23.0,21.1,0,n/a,0,low
SYN_N_00096,SYNTHETIC_NER,2016-09-20,Arunachal Pradesh,unspecified,27.47232,90.26255,3031.9,20.64,32.4,forest,colluvium,37.3,113.4,223.7,153.3,25.3,0,n/a,0,low
SYN_N_00621,SYNTHETIC_NER,2021-07-25,Sikkim,unspecified,21.6759,96.66484,2625.4,10.65,310.0,forest,colluvium,14.4,41.3,86.5,58.5,26.3,0,n/a,0,low
SYN_E_00872,SYNTHETIC_NER,2015-09-03,Assam,unspecified,25.38956,92.32521,597.3,41.89,298.5,forest,weathered_rock,37.4,73.4,125.0,92.0,36.0,1,rock slide,0,low
SYN_N_01906,SYNTHETIC_NER,2023-09-22,Meghalaya,unspecified,27.62936,91.93962,677.4,18.57,1.5,cropland,residual_soil,22.5,54.2,95.4,68.5,27.3,0,n/a,0,low
SYN_N_02290,SYNTHETIC_NER,2019-09-03,Arunachal Pradesh,unspecified,21.70738,93.86476,2749.3,9.07,59.5,bare,colluvium,14.2,43.1,63.0,47.3,33.5,0,n/a,0,low
SYN_N_01126,SYNTHETIC_NER,2016-06-21,Tripura,unspecified,22.47241,95.88811,469.9,15.68,224.4,grassland,colluvium,11.1,25.2,39.9,29.7,7.7,0,n/a,0,low
SYN_N_00348,SYNTHETIC_NER,2021-02-10,Assam,unspecified,27.43596,93.55122,393.0,16.0,49.5,forest,colluvium,25.6,60.8,86.4,66.6,23.0,0,n/a,0,low
SYN_E_00036,SYNTHETIC_NER,2017-07-10,Sikkim,unspecified,28.93733,88.9484,933.1,49.97,38.7,forest,colluvium,58.2,121.5,256.5,176.3,28.4,1,mudslide,0,low
SYN_N_01510,SYNTHETIC_NER,2024-04-21,Arunachal Pradesh,unspecified,24.81348,96.68554,3661.8,19.15,270.2,forest,colluvium,31.1,66.8,119.8,86.2,22.2,0,n/a,0,low
SYN_N_01823,SYNTHETIC_NER,2022-07-08,Assam,unspecified,28.61335,88.26639,263.3,47.85,160.2,forest,residual_soil,14.4,30.3,52.4,38.1,26.8,0,n/a,0,low
SYN_N_00943,SYNTHETIC_NER,2016-07-09,Mizoram,unspecified,23.28035,89.69194,1097.7,30.52,114.6,grassland,residual_soil,24.4,55.4,121.6,82.3,19.6,0,n/a,0,low
SYN_N_01859,SYNTHETIC_NER,2018-09-11,Assam,unspecified,21.51009,88.14971,492.0,28.63,35.0,bare,colluvium,13.6,35.0,50.2,38.3,21.9,0,n/a,0,low
SYN_E_00977,SYNTHETIC_NER,2024-07-08,Nagaland,unspecified,26.21942,89.67116,1638.5,24.78,201.0,cropland,residual_soil,27.2,81.1,174.0,116.8,46.7,1,debris flow,0,low
SYN_N_00371,SYNTHETIC_NER,2015-07-12,Nagaland,unspecified,24.9189,94.38791,1791.0,2.0,291.5,grassland,weathered_rock,11.9,30.3,48.7,35.8,18.8,0,n/a,0,low
SYN_E_01122,SYNTHETIC_NER,2019-06-18,Mizoram,unspecified,23.58735,88.62707,1090.5,33.94,340.2,cropland,weathered_rock,71.1,188.4,331.6,236.5,39.8,1,debris flow,0,low
SYN_N_01586,SYNTHETIC_NER,2018-09-03,Tripura,unspecified,23.12968,93.24069,603.8,22.07,117.8,grassland,colluvium,25.2,74.5,109.6,82.2,18.0,0,n/a,0,low
SYN_N_01039,SYNTHETIC_NER,2019-08-05,Sikkim,unspecified,21.61439,92.17001,3815.8,15.53,12.0,bare,colluvium,4.2,8.8,16.0,11.5,21.9,0,n/a,0,low
SYN_N_01767,SYNTHETIC_NER,2017-02-11,Sikkim,unspecified,22.74811,95.30516,2810.1,30.7,123.0,bare,colluvium,11.0,26.9,54.2,37.4,24.0,0,n/a,0,low
SYN_N_01304,SYNTHETIC_NER,2016-07-04,Meghalaya,unspecified,25.03712,93.91525,1873.8,31.6,50.1,bare,weathered_rock,41.9,108.2,165.4,123.5,31.0,0,n/a,0,low
SYN_N_00692,SYNTHETIC_NER,2020-02-16,Manipur,unspecified,28.32031,88.32633,2342.0,23.34,116.2,cropland,colluvium,8.7,24.6,44.7,31.5,24.2,0,n/a,0,low
SYN_E_00675,SYNTHETIC_NER,2022-07-16,Tripura,unspecified,25.63127,91.07588,906.5,35.11,101.3,forest,weathered_rock,40.5,100.6,186.7,131.6,39.2,1,debris flow,0,low
SYN_N_01608,SYNTHETIC_NER,2021-09-06,Tripura,unspecified,25.52959,97.12592,68.8,30.61,253.1,cropland,colluvium,19.8,55.4,105.7,73.4,30.8,0,n/a,0,low
SYN_E_00728,SYNTHETIC_NER,2017-09-18,Manipur,unspecified,25.64548,88.3999,1353.2,32.57,236.7,cropland,residual_soil,27.0,78.2,150.7,104.2,35.9,1,soil slide,0,low
SYN_E_00412,SYNTHETIC_NER,2023-09-05,Mizoram,unspecified,24.81103,90.72616,569.1,43.12,325.6,cropland,colluvium,25.2,54.1,116.2,79.3,39.1,1,debris flow,0,low
SYN_N_00316,SYNTHETIC_NER,2015-09-09,Mizoram,unspecified,23.01778,88.6898,862.0,16.68,159.2,forest,colluvium,14.7,45.7,71.0,52.1,31.4,0,n/a,0,low
SYN_N_00449,SYNTHETIC_NER,2022-02-18,Meghalaya,unspecified,22.58246,89.91628,1328.2,2.0,106.8,forest,colluvium,33.7,99.9,179.4,126.4,9.1,0,n/a,0,low
SYN_E_00825,SYNTHETIC_NER,2022-09-18,Assam,unspecified,28.43169,91.46259,491.5,32.86,265.1,forest,colluvium,40.9,90.2,169.4,119.9,39.5,1,soil slide,1,low
SYN_E_00616,SYNTHETIC_NER,2025-09-11,Meghalaya,unspecified,24.88209,90.24862,1040.7,23.02,324.4,cropland,colluvium,238.2,466.3,730.8,552.9,33.9,1,soil slide,0,low
SYN_E_00114,SYNTHETIC_NER,2015-07-10,Nagaland,unspecified,25.66781,92.07163,2256.4,49.91,167.2,forest,weathered_rock,33.4,101.5,193.3,133.8,30.1,1,mudslide,0,low
SYN_E_00417,SYNTHETIC_NER,2025-09-09,Assam,unspecified,21.50874,96.22791,307.7,25.69,154.6,forest,residual_soil,47.9,124.0,205.3,149.4,46.0,1,debris flow,0,low
SYN_N_00425,SYNTHETIC_NER,2022-05-13,Assam,unspecified,25.66837,94.39079,427.6,8.59,129.0,forest,residual_soil,21.5,51.7,81.6,60.6,33.6,0,n/a,0,low
SYN_N_01452,SYNTHETIC_NER,2018-09-14,Meghalaya,unspecified,22.09432,90.20519,1521.1,22.67,222.7,grassland,colluvium,0.5,1.7,3.2,2.2,29.1,0,n/a,0,low
SYN_N_02323,SYNTHETIC_NER,2021-08-13,Sikkim,unspecified,23.64135,88.91616,841.4,16.44,160.9,bare,unknown,19.7,58.3,105.3,74.1,19.9,0,n/a,0,low
SYN_E_00089,SYNTHETIC_NER,2024-07-14,Sikkim,unspecified,22.63683,93.00137,1954.1,34.69,61.2,grassland,colluvium,58.3,184.0,380.9,257.3,37.2,1,rock slide,1,low
SYN_N_01696,SYNTHETIC_NER,2023-03-24,Manipur,unspecified,26.99335,95.14909,1498.4,20.03,6.2,cropland,colluvium,9.8,26.4,41.2,30.5,25.3,0,n/a,0,low
SYN_N_01935,SYNTHETIC_NER,2016-08-17,Arunachal Pradesh,unspecified,21.51645,89.96746,4603.2,31.61,269.5,forest,weathered_rock,7.7,17.4,28.1,20.8,26.5,0,n/a,0,low
SYN_N_00882,SYNTHETIC_NER,2015-08-02,Arunachal Pradesh,unspecified,25.25683,92.68283,2928.9,12.38,322.0,bare,colluvium,35.6,87.8,136.6,101.7,37.8,0,n/a,0,low
SYN_E_00753,SYNTHETIC_NER,2023-06-14,Arunachal Pradesh,unspecified,26.16486,94.52158,1914.8,33.83,328.3,forest,weathered_rock,51.7,110.4,196.7,141.8,32.1,1,soil slide,0,low
SYN_N_01346,SYNTHETIC_NER,2021-07-14,Arunachal Pradesh,unspecified,29.04131,95.1788,1821.1,12.93,215.5,forest,unknown,17.8,42.5,74.9,53.8,15.0,0,n/a,0,low
SYN_N_00430,SYNTHETIC_NER,2020-09-07,Tripura,unspecified,26.78353,88.04956,613.8,11.96,79.3,forest,residual_soil,11.4,28.6,41.4,31.5,27.7,0,n/a,0,low
SYN_E_00011,SYNTHETIC_NER,2024-07-04,Arunachal Pradesh,unspecified,25.55834,97.42186,3569.6,43.45,1.4,forest,unknown,48.4,134.1,206.3,153.1,45.2,1,debris flow,0,low
SYN_N_01244,SYNTHETIC_NER,2022-08-21,Tripura,unspecified,26.20159,97.36697,795.5,9.54,196.1,forest,colluvium,6.4,17.5,30.6,21.8,20.4,0,n/a,0,low
SYN_E_00284,SYNTHETIC_NER,2022-09-06,Manipur,unspecified,25.72694,89.23544,2020.2,39.94,75.6,cropland,residual_soil,12.9,30.7,43.4,33.5,39.3,1,soil slide,0,low
SYN_E_01066,SYNTHETIC_NER,2020-08-26,Arunachal Pradesh,unspecified,24.20437,91.08567,2853.5,46.64,99.1,bare,colluvium,30.6,90.2,161.7,114.0,49.5,1,mudslide,0,low
SYN_E_01191,SYNTHETIC_NER,2025-08-02,Mizoram,unspecified,28.3596,93.60405,1574.6,39.52,352.3,grassland,unknown,26.7,66.5,123.4,87.0,44.8,1,soil slide,0,low
SYN_N_00240,SYNTHETIC_NER,2017-06-05,Arunachal Pradesh,unspecified,28.26366,89.09398,1190.9,31.29,209.6,cropland,residual_soil,55.3,143.9,236.1,172.3,26.7,0,n/a,0,low
SYN_N_02162,SYNTHETIC_NER,2017-03-12,Assam,unspecified,23.81083,93.23105,352.4,18.2,234.5,forest,residual_soil,23.6,44.2,83.5,59.7,27.1,0,n/a,0,low
SYN_N_02160,SYNTHETIC_NER,2025-06-09,Assam,unspecified,22.35093,88.51936,289.7,26.23,339.5,forest,residual_soil,17.3,45.3,96.1,65.1,39.0,0,n/a,0,low
SYN_N_01538,SYNTHETIC_NER,2024-06-20,Mizoram,unspecified,29.05788,95.77904,1624.0,16.74,12.6,cropland,residual_soil,15.4,41.3,74.2,52.6,38.7,0,n/a,0,low
SYN_N_02046,SYNTHETIC_NER,2023-09-24,Mizoram,unspecified,23.11942,91.9605,185.4,19.82,308.6,cropland,colluvium,25.6,70.3,125.4,88.9,17.8,0,n/a,0,low
SYN_N_00368,SYNTHETIC_NER,2020-07-07,Mizoram,unspecified,22.6807,88.36288,1736.2,26.54,123.7,grassland,colluvium,10.3,20.4,30.0,23.2,17.2,0,n/a,0,low
SYN_N_01227,SYNTHETIC_NER,2016-06-13,Tripura,unspecified,23.36388,97.14663,170.9,21.92,307.1,grassland,residual_soil,10.4,30.6,58.8,40.7,11.3,0,n/a,0,low
SYN_N_01537,SYNTHETIC_NER,2019-06-17,Meghalaya,unspecified,26.80423,94.45426,864.3,33.83,68.6,built-up,residual_soil,23.3,51.7,105.5,72.9,34.5,0,n/a,0,low
SYN_N_01884,SYNTHETIC_NER,2016-09-04,Manipur,unspecified,23.16827,94.10185,1625.7,17.65,175.8,forest,colluvium,20.2,55.3,106.1,73.7,11.5,0,n/a,0,low
SYN_N_00487,SYNTHETIC_NER,2023-07-27,Arunachal Pradesh,unspecified,28.96736,88.9978,2945.9,36.02,70.1,forest,unknown,8.9,18.7,40.0,27.4,16.1,0,n/a,0,low
SYN_E_00851,SYNTHETIC_NER,2020-06-13,Sikkim,unspecified,21.65608,93.57482,313.3,40.41,178.2,forest,colluvium,53.6,140.0,240.3,172.9,39.4,1,rock slide,0,low
SYN_N_01007,SYNTHETIC_NER,2019-03-06,Sikkim,unspecified,28.78425,92.17237,2877.1,37.27,4.8,forest,unknown,12.1,23.0,45.1,31.9,31.3,0,n/a,0,low
SYN_E_00895,SYNTHETIC_NER,2017-07-20,Nagaland,unspecified,22.0288,92.83395,3689.9,36.92,351.8,cropland,residual_soil,34.8,99.4,167.6,120.6,39.8,1,rock slide,1,low
SYN_E_00496,SYNTHETIC_NER,2017-09-21,Assam,unspecified,29.08656,94.7024,147.5,31.13,107.6,grassland,residual_soil,50.6,103.7,191.9,137.2,41.5,1,soil slide,0,low
SYN_N_01105,SYNTHETIC_NER,2025-09-26,Sikkim,unspecified,24.2035,96.58331,945.3,12.91,177.6,grassland,colluvium,21.2,38.8,70.2,51.0,25.7,0,n/a,0,low
SYN_N_00582,SYNTHETIC_NER,2024-09-26,Tripura,unspecified,23.44272,94.01231,513.3,22.92,261.5,forest,residual_soil,16.2,30.2,57.2,40.9,21.6,0,n/a,0,low
SYN_E_00335,SYNTHETIC_NER,2022-01-08,Sikkim,unspecified,25.04856,95.19734,2658.1,30.96,348.8,built-up,weathered_rock,44.1,106.0,201.4,141.3,29.9,1,mudslide,0,low
SYN_N_01639,SYNTHETIC_NER,2016-09-16,Mizoram,unspecified,22.73619,90.91878,799.7,26.7,52.5,forest,residual_soil,8.7,19.5,28.1,21.6,20.2,0,n/a,0,low
SYN_E_00515,SYNTHETIC_NER,2023-07-13,Assam,unspecified,22.9483,92.90933,454.3,42.0,237.9,forest,colluvium,30.0,83.1,170.5,116.2,36.5,1,debris flow,0,low
SYN_N_00148,SYNTHETIC_NER,2018-07-16,Tripura,unspecified,22.28015,97.26476,714.2,24.91,205.2,grassland,unknown,17.0,30.6,43.8,34.5,30.7,0,n/a,0,low
SYN_E_01015,SYNTHETIC_NER,2020-06-14,Sikkim,unspecified,25.94722,94.60864,1835.7,37.35,340.3,forest,residual_soil,40.7,94.1,163.3,118.0,33.5,1,soil slide,0,low
SYN_N_01616,SYNTHETIC_NER,2015-07-20,Tripura,unspecified,23.85366,89.42177,728.6,13.33,281.1,forest,colluvium,12.8,34.8,67.9,47.0,24.8,0,n/a,0,low
SYN_N_02170,SYNTHETIC_NER,2016-04-11,Mizoram,unspecified,29.15531,92.45902,1187.6,18.2,248.8,forest,residual_soil,31.4,71.7,148.6,102.1,25.1,0,n/a,0,low
SYN_N_02164,SYNTHETIC_NER,2018-08-20,Mizoram,unspecified,21.69599,96.38497,918.8,12.39,53.0,built-up,weathered_rock,0.0,0.0,0.0,0.0,24.1,0,n/a,0,low
SYN_N_01609,SYNTHETIC_NER,2025-06-22,Nagaland,unspecified,28.89188,93.74756,2513.7,7.65,255.1,forest,colluvium,14.5,43.2,85.0,58.3,23.8,0,n/a,0,low
SYN_N_01878,SYNTHETIC_NER,2016-10-01,Meghalaya,unspecified,23.99123,96.78398,555.3,16.63,151.6,forest,colluvium,25.9,63.4,130.1,89.2,24.2,0,n/a,0,low
SYN_N_00581,SYNTHETIC_NER,2016-07-18,Mizoram,unspecified,27.31895,96.98732,1331.2,16.81,29.7,forest,residual_soil,10.6,26.8,50.5,35.4,28.6,0,n/a,0,low
SYN_N_01369,SYNTHETIC_NER,2019-08-17,Mizoram,unspecified,22.657,90.33714,2138.2,19.41,299.8,forest,residual_soil,10.1,30.9,53.5,38.0,38.5,0,n/a,0,low
SYN_N_00585,SYNTHETIC_NER,2017-09-15,Assam,unspecified,22.68638,88.23203,74.8,43.69,9.8,forest,weathered_rock,4.4,9.5,17.6,12.5,13.5,0,n/a,0,low
SYN_N_00870,SYNTHETIC_NER,2023-07-18,Assam,unspecified,23.30236,96.41548,420.8,33.61,356.0,cropland,residual_soil,0.0,0.0,0.0,0.0,28.1,0,n/a,0,low
SYN_E_00356,SYNTHETIC_NER,2025-07-17,Meghalaya,unspecified,26.26314,97.18719,1424.8,32.15,42.9,cropland,weathered_rock,159.5,446.8,943.7,637.8,50.3,1,debris flow,0,low
SYN_N_02221,SYNTHETIC_NER,2025-06-11,Sikkim,unspecified,28.81485,92.88538,2789.8,19.49,15.0,cropland,residual_soil,23.1,53.5,94.6,68.0,8.6,0,n/a,0,low
SYN_N_00112,SYNTHETIC_NER,2019-01-13,Mizoram,unspecified,27.37737,92.69796,121.0,32.81,299.8,cropland,residual_soil,23.8,66.4,134.5,91.9,24.4,0,n/a,0,low
SYN_N_00435,SYNTHETIC_NER,2015-08-19,Nagaland,unspecified,21.67911,96.5397,3760.4,29.01,92.2,forest,residual_soil,17.7,41.0,80.4,56.0,30.9,0,n/a,0,low
SYN_E_00550,SYNTHETIC_NER,2025-08-14,Sikkim,unspecified,23.6359,92.81431,4083.2,39.79,8.3,forest,colluvium,43.8,120.1,230.3,159.9,34.4,1,rock slide,0,low
SYN_N_01188,SYNTHETIC_NER,2015-08-07,Mizoram,unspecified,29.44519,95.71715,130.8,39.0,340.6,grassland,colluvium,20.5,53.7,96.5,68.5,33.7,0,n/a,0,low
SYN_N_01279,SYNTHETIC_NER,2019-07-03,Assam,unspecified,25.65562,89.86057,300.8,8.32,89.1,forest,residual_soil,12.8,24.0,43.6,31.6,27.7,0,n/a,0,low
SYN_N_01321,SYNTHETIC_NER,2019-09-18,Sikkim,unspecified,28.84592,95.82242,2683.7,20.15,350.0,grassland,unknown,9.3,18.9,30.3,22.7,28.8,0,n/a,0,low
SYN_N_01065,SYNTHETIC_NER,2024-08-03,Mizoram,unspecified,21.96964,93.96195,1079.5,19.21,281.8,cropland,weathered_rock,20.8,63.0,135.9,91.0,23.2,0,n/a,0,low
SYN_N_01759,SYNTHETIC_NER,2015-07-13,Manipur,unspecified,24.35046,91.18419,1386.8,29.67,185.3,grassland,colluvium,7.3,15.3,31.2,21.7,15.0,0,n/a,0,low
SYN_N_00027,SYNTHETIC_NER,2025-03-12,Manipur,unspecified,23.64177,96.33979,1361.5,38.11,215.8,grassland,residual_soil,12.0,36.1,72.0,49.3,25.3,0,n/a,0,low
SYN_N_02011,SYNTHETIC_NER,2019-07-12,Mizoram,unspecified,23.50145,94.80083,1776.7,25.59,222.4,built-up,unknown,24.3,74.5,118.9,86.6,26.1,0,n/a,0,low
SYN_E_00957,SYNTHETIC_NER,2017-07-22,Tripura,unspecified,25.35347,91.74243,155.0,43.39,95.7,grassland,residual_soil,36.4,99.3,185.8,130.0,42.4,1,soil slide,0,low
SYN_N_00573,SYNTHETIC_NER,2020-08-22,Mizoram,unspecified,26.50638,90.45193,1475.1,28.49,52.0,bare,residual_soil,23.2,48.3,89.7,64.0,26.6,0,n/a,0,low
SYN_N_00941,SYNTHETIC_NER,2023-09-21,Assam,unspecified,23.71712,90.43869,520.5,21.67,320.9,cropland,weathered_rock,21.2,60.4,87.6,66.2,32.0,0,n/a,0,low
SYN_E_01008,SYNTHETIC_NER,2019-04-17,Tripura,unspecified,28.78209,91.18328,776.2,39.98,80.9,grassland,residual_soil,37.6,101.7,149.4,112.7,52.1,1,soil slide,0,low
SYN_E_01092,SYNTHETIC_NER,2020-07-13,Sikkim,unspecified,24.09813,89.45152,397.8,37.18,355.4,forest,colluvium,14.2,45.3,75.9,54.4,41.9,1,debris flow,0,low
SYN_N_02003,SYNTHETIC_NER,2020-06-20,Meghalaya,unspecified,23.37624,97.00365,1163.8,23.04,312.2,forest,colluvium,13.3,31.7,67.3,45.8,32.2,0,n/a,0,low
SYN_N_01544,SYNTHETIC_NER,2024-09-26,Tripura,unspecified,25.48278,88.55325,70.2,37.07,205.6,forest,residual_soil,13.2,42.3,71.7,51.2,28.9,0,n/a,0,low
SYN_E_00996,SYNTHETIC_NER,2025-07-01,Nagaland,unspecified,26.25148,89.38528,1818.4,18.24,135.8,built-up,colluvium,34.4,91.1,130.8,99.6,41.1,1,debris flow,0,low
SYN_N_00479,SYNTHETIC_NER,2015-07-16,Mizoram,unspecified,27.83563,88.0261,988.9,11.42,328.8,built-up,colluvium,26.6,49.7,108.5,74.4,18.0,0,n/a,0,low
SYN_E_00153,SYNTHETIC_NER,2023-06-04,Mizoram,unspecified,23.28429,96.96938,125.6,24.55,99.0,forest,residual_soil,51.6,154.1,278.2,195.6,51.2,1,soil slide,0,low
SYN_N_02139,SYNTHETIC_NER,2024-03-22,Nagaland,unspecified,22.57836,92.07442,1580.8,22.55,87.0,forest,residual_soil,6.8,15.9,30.2,21.2,13.5,0,n/a,0,low
SYN_N_01708,SYNTHETIC_NER,2024-06-25,Manipur,unspecified,25.65809,91.40623,803.7,32.38,44.1,grassland,residual_soil,5.7,15.2,23.8,17.6,18.2,0,n/a,0,low
SYN_N_01637,SYNTHETIC_NER,2023-11-25,Meghalaya,unspecified,23.34768,89.89765,1129.4,23.69,306.7,forest,residual_soil,121.6,315.9,688.6,463.4,30.9,0,n/a,0,low
SYN_E_00580,SYNTHETIC_NER,2024-09-11,Assam,unspecified,28.93391,92.50692,479.6,31.34,163.7,bare,unknown,48.7,150.3,289.7,199.7,48.0,1,mudslide,0,low
SYN_N_00270,SYNTHETIC_NER,2024-08-23,Tripura,unspecified,23.93913,88.42565,820.6,29.94,357.9,forest,residual_soil,4.7,9.8,19.8,13.8,18.3,0,n/a,0,low
SYN_E_00703,SYNTHETIC_NER,2017-06-11,Meghalaya,unspecified,27.50121,91.83643,359.4,28.77,9.4,built-up,residual_soil,185.2,335.3,518.6,396.9,39.4,1,debris flow,0,low
SYN_N_00012,SYNTHETIC_NER,2015-07-15,Assam,unspecified,23.97423,88.06075,288.8,6.6,339.9,forest,colluvium,2.6,7.2,14.8,10.1,12.6,0,n/a,0,low
SYN_E_00896,SYNTHETIC_NER,2018-06-09,Nagaland,unspecified,21.60699,95.69513,2734.4,38.68,353.2,forest,weathered_rock,29.3,84.6,177.1,119.8,57.8,1,mudslide,0,low
SYN_E_00487,SYNTHETIC_NER,2015-12-05,Nagaland,unspecified,22.91944,92.63547,2363.2,40.43,36.8,bare,colluvium,45.4,144.7,257.8,181.4,34.6,1,debris flow,0,low
SYN_E_00559,SYNTHETIC_NER,2023-09-07,Sikkim,unspecified,24.09745,96.87705,4261.5,36.81,204.8,cropland,colluvium,38.5,78.7,162.6,112.6,36.6,1,mudslide,0,low
SYN_E_01141,SYNTHETIC_NER,2025-08-26,Mizoram,unspecified,27.65982,96.33402,1059.5,41.14,196.8,cropland,weathered_rock,46.9,122.9,265.4,178.9,34.3,1,debris flow,0,low
SYN_E_01119,SYNTHETIC_NER,2020-08-05,Manipur,unspecified,25.99903,89.58619,986.8,43.23,229.8,forest,weathered_rock,28.8,72.6,131.3,93.2,41.4,1,debris flow,0,low
SYN_N_01649,SYNTHETIC_NER,2020-10-11,Arunachal Pradesh,unspecified,24.55061,92.68092,1335.3,22.79,238.1,forest,colluvium,23.7,68.1,136.5,93.4,8.9,0,n/a,0,low
SYN_E_00512,SYNTHETIC_NER,2015-02-01,Sikkim,unspecified,23.42202,90.38166,1543.7,41.5,218.6,bare,residual_soil,17.7,46.8,95.6,65.4,37.7,1,rock slide,0,low
SYN_E_00633,SYNTHETIC_NER,2021-05-12,Manipur,unspecified,27.86724,88.1099,2083.4,38.63,175.1,forest,colluvium,23.7,75.1,111.6,83.1,41.3,1,debris flow,0,low
SYN_N_02393,SYNTHETIC_NER,2016-07-14,Mizoram,unspecified,23.59418,96.51329,635.1,38.49,210.6,forest,weathered_rock,18.6,48.0,81.1,58.7,35.8,0,n/a,0,low
SYN_N_00464,SYNTHETIC_NER,2022-09-20,Assam,unspecified,24.13574,88.53916,486.7,15.2,82.4,grassland,residual_soil,27.4,56.1,109.1,76.9,26.2,0,n/a,0,low
SYN_E_01012,SYNTHETIC_NER,2023-08-02,Meghalaya,unspecified,22.63635,89.79536,1198.6,37.81,240.4,grassland,weathered_rock,195.9,444.0,938.9,641.8,31.5,1,mudslide,0,low
SYN_N_00731,SYNTHETIC_NER,2018-08-24,Nagaland,unspecified,25.88451,90.76912,2927.6,26.75,7.7,forest,colluvium,24.9,53.9,85.6,64.0,23.6,0,n/a,0,low
SYN_E_01150,SYNTHETIC_NER,2017-04-13,Mizoram,unspecified,27.22071,88.28519,1273.1,39.4,347.8,forest,colluvium,22.5,46.7,71.7,54.3,32.0,1,debris flow,0,low
SYN_N_01638,SYNTHETIC_NER,2022-09-25,Arunachal Pradesh,unspecified,23.58375,95.79081,3717.6,21.11,329.1,forest,residual_soil,35.1,75.6,163.0,111.2,12.4,0,n/a,0,low
SYN_N_02166,SYNTHETIC_NER,2022-07-06,Mizoram,unspecified,28.70089,91.71643,1719.5,16.13,13.3,cropland,colluvium,13.0,27.9,59.6,40.8,36.6,0,n/a,0,low
SYN_E_00116,SYNTHETIC_NER,2017-08-07,Assam,unspecified,26.41425,92.24912,509.2,27.05,143.5,forest,colluvium,53.0,138.1,245.0,174.6,37.9,1,soil slide,0,low
SYN_E_00740,SYNTHETIC_NER,2021-07-07,Sikkim,unspecified,27.67226,89.08865,4349.6,30.91,200.2,cropland,residual_soil,34.2,90.6,149.8,108.9,42.7,1,debris flow,0,low
SYN_N_02113,SYNTHETIC_NER,2015-07-02,Meghalaya,unspecified,25.57481,93.21675,1421.4,35.91,81.4,grassland,colluvium,44.8,121.1,208.5,149.5,22.2,0,n/a,0,low
SYN_N_00774,SYNTHETIC_NER,2019-07-26,Nagaland,unspecified,29.30144,94.65305,3467.8,19.92,333.4,forest,residual_soil,13.3,31.5,65.0,44.6,27.1,0,n/a,0,low
SYN_E_01081,SYNTHETIC_NER,2021-06-11,Arunachal Pradesh,unspecified,26.59582,89.35454,4613.7,32.28,231.6,forest,residual_soil,32.2,91.1,197.0,132.3,40.7,1,soil slide,0,low
SYN_N_00610,SYNTHETIC_NER,2017-09-26,Sikkim,unspecified,27.44007,94.4669,828.9,32.22,5.3,grassland,residual_soil,9.6,19.1,39.6,27.5,21.4,0,n/a,0,low
SYN_E_00830,SYNTHETIC_NER,2018-02-23,Meghalaya,unspecified,26.99613,93.2947,1148.1,37.61,322.0,forest,residual_soil,84.5,197.8,302.9,227.7,22.0,1,debris flow,0,low
SYN_E_00119,SYNTHETIC_NER,2020-09-09,Assam,unspecified,24.34225,91.89824,109.5,29.9,60.5,grassland,weathered_rock,24.7,62.1,127.1,87.1,39.0,1,soil slide,0,low
SYN_E_00656,SYNTHETIC_NER,2025-06-27,Sikkim,unspecified,25.08979,94.35056,3256.5,26.04,135.5,forest,weathered_rock,41.5,101.2,212.8,145.0,41.7,1,soil slide,0,low
SYN_N_02074,SYNTHETIC_NER,2018-08-26,Sikkim,unspecified,23.28161,96.64777,3659.0,12.34,192.1,cropland,residual_soil,24.2,46.3,65.6,51.5,27.6,0,n/a,0,low
SYN_N_02024,SYNTHETIC_NER,2024-06-06,Nagaland,unspecified,25.63487,92.33585,2210.5,20.95,352.0,forest,unknown,16.6,51.5,86.0,61.8,39.8,0,n/a,0,low
SYN_N_02312,SYNTHETIC_NER,2025-08-15,Mizoram,unspecified,29.21654,89.9879,1900.7,33.06,186.5,forest,weathered_rock,23.3,74.5,119.7,86.9,5.0,0,n/a,0,low
SYN_E_00635,SYNTHETIC_NER,2022-02-17,Tripura,unspecified,27.51172,89.81218,936.6,47.55,125.7,forest,weathered_rock,18.7,52.1,103.4,71.1,42.2,1,mudslide,0,low
SYN_E_00369,SYNTHETIC_NER,2018-09-23,Sikkim,unspecified,23.57082,92.14595,2863.1,34.53,248.4,forest,residual_soil,26.4,81.7,135.6,97.6,35.3,1,debris flow,0,low
SYN_E_00268,SYNTHETIC_NER,2015-08-17,Nagaland,unspecified,23.25293,94.61871,723.2,27.87,282.0,forest,residual_soil,45.0,94.6,195.3,135.0,39.9,1,debris flow,0,low
SYN_N_01503,SYNTHETIC_NER,2015-09-24,Assam,unspecified,24.5024,88.0781,586.9,26.46,229.3,forest,weathered_rock,10.4,22.0,45.6,31.5,34.2,0,n/a,0,low
SYN_N_01783,SYNTHETIC_NER,2021-08-10,Meghalaya,unspecified,22.76344,90.30057,1230.0,8.15,174.4,forest,residual_soil,44.2,105.5,188.6,134.8,23.2,0,n/a,0,low
SYN_N_01670,SYNTHETIC_NER,2021-01-20,Meghalaya,unspecified,27.11067,92.28077,1550.5,20.66,134.0,forest,weathered_rock,11.7,26.5,46.8,33.7,18.3,0,n/a,0,low
SYN_N_01714,SYNTHETIC_NER,2025-02-27,Nagaland,unspecified,27.40998,88.1827,1845.9,31.91,329.2,cropland,residual_soil,19.9,51.4,81.4,60.1,30.0,0,n/a,0,low
SYN_E_00046,SYNTHETIC_NER,2020-09-14,Manipur,unspecified,27.73896,92.23769,2682.7,32.85,335.0,cropland,residual_soil,32.2,61.9,90.5,70.3,41.7,1,debris flow,0,low
SYN_N_02130,SYNTHETIC_NER,2021-09-06,Arunachal Pradesh,unspecified,27.03442,92.52139,433.3,37.8,239.2,forest,residual_soil,14.8,31.5,47.7,36.3,11.1,0,n/a,0,low
SYN_E_00991,SYNTHETIC_NER,2022-08-08,Nagaland,unspecified,23.82527,91.06331,1557.3,28.14,258.6,forest,residual_soil,47.6,111.2,176.9,131.3,25.5,1,debris flow,0,low
SYN_E_00876,SYNTHETIC_NER,2023-09-18,Nagaland,unspecified,28.08898,92.11815,205.4,34.47,157.0,built-up,weathered_rock,42.7,107.9,195.5,138.7,49.8,1,rock slide,1,low
SYN_E_00773,SYNTHETIC_NER,2022-09-21,Tripura,unspecified,24.17194,88.49217,481.7,23.85,245.0,forest,colluvium,24.7,63.0,108.7,78.2,35.9,1,mudslide,0,low
SYN_N_00019,SYNTHETIC_NER,2017-08-21,Manipur,unspecified,22.74998,97.32762,1355.7,3.34,37.0,forest,residual_soil,3.9,11.8,19.4,14.0,15.1,0,n/a,0,low
SYN_E_01126,SYNTHETIC_NER,2021-06-01,Sikkim,unspecified,26.27575,90.85341,1777.9,33.53,212.7,grassland,colluvium,37.8,116.3,222.7,153.8,34.7,1,debris flow,0,low
SYN_E_00004,SYNTHETIC_NER,2018-03-14,Manipur,unspecified,26.57632,91.26128,2029.7,45.68,151.3,built-up,weathered_rock,20.7,37.8,66.6,48.8,30.8,1,debris flow,0,low
SYN_N_01851,SYNTHETIC_NER,2017-09-21,Mizoram,unspecified,24.18162,94.01103,1782.9,27.3,251.2,forest,weathered_rock,3.6,10.4,16.5,12.1,20.6,0,n/a,0,low
SYN_N_00395,SYNTHETIC_NER,2016-09-05,Meghalaya,unspecified,27.94412,88.98741,1653.4,33.49,158.1,forest,residual_soil,28.1,79.5,146.2,102.6,21.6,0,n/a,0,low
SYN_N_01111,SYNTHETIC_NER,2023-08-16,Sikkim,unspecified,27.67991,94.51858,812.1,18.81,88.9,grassland,colluvium,8.7,23.4,43.2,30.4,16.4,0,n/a,0,low
SYN_N_01840,SYNTHETIC_NER,2017-08-05,Arunachal Pradesh,unspecified,24.61346,89.7421,1792.4,44.79,184.0,cropland,residual_soil,34.5,109.9,206.6,143.1,35.1,0,n/a,0,low
SYN_N_02385,SYNTHETIC_NER,2025-06-20,Arunachal Pradesh,unspecified,22.72899,92.62561,1678.1,41.68,70.4,forest,colluvium,24.5,68.2,136.9,93.8,26.5,0,n/a,0,low
SYN_N_01291,SYNTHETIC_NER,2016-09-16,Sikkim,unspecified,28.22098,89.74834,1085.2,33.26,12.3,cropland,colluvium,11.0,24.7,41.2,30.2,23.9,0,n/a,0,low
SYN_N_01850,SYNTHETIC_NER,2015-08-27,Mizoram,unspecified,24.8707,92.76784,787.5,29.92,136.3,grassland,colluvium,10.4,24.1,46.4,32.5,15.8,0,n/a,0,low
SYN_E_01077,SYNTHETIC_NER,2021-06-12,Meghalaya,unspecified,26.91626,89.17836,1230.0,41.13,172.6,forest,unknown,129.5,360.5,549.3,408.7,38.9,1,debris flow,0,low
SYN_E_00837,SYNTHETIC_NER,2016-09-03,Meghalaya,unspecified,23.78604,97.05921,308.4,33.27,339.9,forest,unknown,166.3,485.2,877.0,617.3,40.0,1,debris flow,0,low
SYN_E_00681,SYNTHETIC_NER,2017-06-05,Meghalaya,unspecified,24.74981,91.22868,1437.2,27.89,328.1,forest,colluvium,195.5,584.8,979.2,704.2,35.1,1,rock slide,0,low
SYN_N_00515,SYNTHETIC_NER,2023-08-11,Meghalaya,unspecified,22.4772,96.65125,1027.4,12.9,278.7,forest,residual_soil,56.8,144.9,295.6,202.6,33.1,0,n/a,0,low
SYN_N_01152,SYNTHETIC_NER,2024-08-22,Meghalaya,unspecified,21.62287,93.35935,520.2,28.09,236.6,grassland,colluvium,112.0,356.3,764.8,511.7,19.2,0,n/a,0,low
SYN_N_01417,SYNTHETIC_NER,2024-07-01,Tripura,unspecified,22.63407,92.05457,572.7,19.37,146.6,bare,residual_soil,17.9,39.5,57.9,44.4,21.8,0,n/a,0,low
SYN_N_01161,SYNTHETIC_NER,2022-09-20,Manipur,unspecified,25.90571,97.28754,2033.0,37.42,112.5,forest,unknown,7.5,16.6,28.6,20.8,16.1,0,n/a,0,low
SYN_N_00997,SYNTHETIC_NER,2025-07-22,Nagaland,unspecified,28.60662,97.13612,1950.6,5.71,61.1,forest,weathered_rock,15.7,35.4,59.7,43.6,22.3,0,n/a,0,low
SYN_E_01148,SYNTHETIC_NER,2022-12-13,Tripura,unspecified,23.01057,94.03573,692.1,25.26,320.6,forest,weathered_rock,33.1,60.2,92.1,70.7,32.4,1,debris flow,0,low
SYN_E_00574,SYNTHETIC_NER,2025-07-15,Assam,unspecified,24.13716,88.74609,190.8,37.66,124.2,grassland,residual_soil,51.8,115.9,225.7,158.0,29.8,1,mudslide,0,low
SYN_E_00050,SYNTHETIC_NER,2022-09-23,Sikkim,unspecified,24.28139,94.29403,4514.8,31.23,241.9,built-up,residual_soil,40.2,120.5,229.6,159.0,41.7,1,mudslide,0,low
SYN_E_00853,SYNTHETIC_NER,2017-09-10,Meghalaya,unspecified,27.71376,92.56833,1635.7,35.71,150.8,forest,weathered_rock,57.2,180.8,266.5,198.9,36.6,1,debris flow,0,low
SYN_N_00782,SYNTHETIC_NER,2022-07-08,Assam,unspecified,24.58532,93.49719,318.4,18.65,205.0,forest,colluvium,23.9,61.4,108.6,77.5,13.7,0,n/a,0,low
SYN_N_01574,SYNTHETIC_NER,2023-06-01,Manipur,unspecified,27.94011,91.90485,1271.8,20.63,17.7,bare,colluvium,10.3,28.8,45.1,33.3,36.1,0,n/a,0,low
SYN_N_00623,SYNTHETIC_NER,2019-07-12,Arunachal Pradesh,unspecified,29.45596,88.35897,2270.3,14.54,331.0,forest,weathered_rock,14.7,36.2,53.3,40.4,19.6,0,n/a,0,low
SYN_E_00833,SYNTHETIC_NER,2017-12-11,Meghalaya,unspecified,27.71838,91.28766,1079.2,44.54,128.7,forest,colluvium,130.1,272.3,587.8,401.6,45.2,1,mudslide,1,low
SYN_E_01115,SYNTHETIC_NER,2023-10-27,Manipur,unspecified,24.52407,95.63035,1414.7,39.34,340.4,built-up,residual_soil,42.0,94.8,139.0,106.3,31.5,1,soil slide,0,low
SYN_E_01166,SYNTHETIC_NER,2020-06-22,Assam,unspecified,22.66484,91.63906,136.7,30.54,67.1,forest,residual_soil,30.9,88.8,135.9,100.7,38.0,1,debris flow,0,low
SYN_N_01318,SYNTHETIC_NER,2016-07-10,Nagaland,unspecified,28.04798,91.95895,1564.8,20.06,204.6,cropland,weathered_rock,6.0,18.4,31.1,22.3,19.6,0,n/a,0,low
SYN_N_00706,SYNTHETIC_NER,2016-08-14,Sikkim,unspecified,28.63965,92.9534,631.6,11.98,225.5,forest,residual_soil,32.8,69.1,151.0,102.8,20.4,0,n/a,0,low
SYN_E_00971,SYNTHETIC_NER,2025-09-02,Manipur,unspecified,24.297,90.27948,2370.7,38.47,334.1,bare,colluvium,29.4,69.2,129.8,91.5,29.6,1,soil slide,0,low
SYN_N_01501,SYNTHETIC_NER,2021-07-09,Mizoram,unspecified,25.96435,94.20204,1608.3,25.94,189.4,forest,colluvium,15.4,37.4,58.4,43.5,28.9,0,n/a,0,low
SYN_E_00399,SYNTHETIC_NER,2020-08-21,Mizoram,unspecified,27.73473,92.04692,1232.7,37.04,84.9,forest,residual_soil,22.8,62.3,108.9,77.7,42.8,1,mudslide,0,low
SYN_N_01359,SYNTHETIC_NER,2015-06-12,Sikkim,unspecified,25.59029,96.69948,1472.1,16.57,24.0,forest,residual_soil,32.0,93.4,145.9,107.4,32.2,0,n/a,0,low
SYN_N_01168,SYNTHETIC_NER,2018-06-06,Mizoram,unspecified,27.7781,97.24439,308.3,35.49,43.1,forest,residual_soil,14.9,43.7,91.2,61.7,27.8,0,n/a,0,low
SYN_E_00019,SYNTHETIC_NER,2019-06-02,Manipur,unspecified,25.7468,90.35986,2569.9,29.64,88.1,forest,unknown,29.6,89.5,149.5,107.5,39.0,1,mudslide,0,low
SYN_E_00684,SYNTHETIC_NER,2015-08-24,Meghalaya,unspecified,22.67395,94.03976,154.7,38.06,77.6,bare,unknown,84.4,229.4,340.1,255.8,26.5,1,debris flow,0,low
SYN_E_00035,SYNTHETIC_NER,2024-07-23,Assam,unspecified,26.18617,89.85712,539.9,44.72,244.6,forest,residual_soil,40.8,76.8,120.7,91.5,27.4,1,soil slide,0,low
SYN_N_01750,SYNTHETIC_NER,2019-07-23,Meghalaya,unspecified,28.20189,92.42903,250.1,26.71,292.1,cropland,residual_soil,50.9,159.6,331.3,223.7,32.7,0,n/a,0,low
SYN_N_02194,SYNTHETIC_NER,2017-08-09,Meghalaya,unspecified,29.21615,92.84006,1150.5,30.62,74.4,bare,unknown,116.4,345.0,633.8,443.7,20.2,0,n/a,0,low
SYN_N_01675,SYNTHETIC_NER,2025-06-05,Arunachal Pradesh,unspecified,22.8426,93.68047,1364.6,13.96,54.4,forest,weathered_rock,21.6,48.1,74.7,56.1,32.8,0,n/a,0,low
SYN_E_00524,SYNTHETIC_NER,2015-06-08,Mizoram,unspecified,26.08436,90.93246,520.1,32.55,12.8,grassland,residual_soil,50.2,106.6,216.2,150.1,37.3,1,soil slide,2,low
SYN_N_01255,SYNTHETIC_NER,2018-09-05,Sikkim,unspecified,23.79664,93.29866,2106.1,19.52,43.9,forest,residual_soil,25.4,76.2,110.6,83.2,24.7,0,n/a,0,low
SYN_E_00920,SYNTHETIC_NER,2015-06-06,Sikkim,unspecified,23.88001,88.55009,2958.6,32.9,59.4,built-up,colluvium,42.8,105.2,200.9,140.6,45.4,1,debris flow,0,low
SYN_N_00641,SYNTHETIC_NER,2018-06-02,Assam,unspecified,28.74742,95.90913,352.5,33.27,2.6,forest,weathered_rock,9.2,23.7,43.0,30.5,32.4,0,n/a,0,low
SYN_N_00690,SYNTHETIC_NER,2018-09-15,Nagaland,unspecified,25.53503,88.7009,2034.1,18.83,264.1,cropland,colluvium,18.2,50.6,72.7,55.2,28.1,0,n/a,0,low
SYN_E_00537,SYNTHETIC_NER,2016-01-05,Assam,unspecified,26.99372,88.84455,546.5,33.68,263.7,forest,colluvium,40.0,82.7,130.3,97.9,20.9,1,soil slide,0,low
SYN_N_01606,SYNTHETIC_NER,2022-09-07,Tripura,unspecified,26.90428,91.33397,453.7,10.24,9.3,forest,weathered_rock,21.0,44.2,92.4,63.7,22.1,0,n/a,0,low
SYN_N_00505,SYNTHETIC_NER,2019-09-18,Nagaland,unspecified,21.67077,92.55397,745.1,25.89,312.7,grassland,residual_soil,4.9,15.1,23.0,17.0,26.0,0,n/a,0,low
SYN_N_02311,SYNTHETIC_NER,2020-05-24,Nagaland,unspecified,23.34909,96.4949,3642.5,24.66,105.9,forest,residual_soil,10.4,32.5,53.6,38.6,17.5,0,n/a,0,low
SYN_N_01910,SYNTHETIC_NER,2022-06-07,Manipur,unspecified,26.31697,96.12994,2466.6,31.21,52.8,built-up,residual_soil,12.3,26.0,53.7,37.1,26.5,0,n/a,0,low
SYN_E_00245,SYNTHETIC_NER,2019-08-01,Assam,unspecified,24.03633,96.29165,168.9,40.32,209.6,forest,colluvium,19.2,51.3,74.7,56.6,26.3,1,mudslide,0,low
SYN_E_00784,SYNTHETIC_NER,2024-07-18,Manipur,unspecified,26.75298,95.49113,1243.5,41.59,110.6,grassland,residual_soil,21.3,48.0,85.4,61.4,38.9,1,soil slide,0,low
SYN_N_00209,SYNTHETIC_NER,2018-02-12,Tripura,unspecified,26.9092,95.6917,390.9,26.03,31.2,forest,residual_soil,19.4,36.3,56.6,43.0,21.3,0,n/a,0,low
SYN_N_01337,SYNTHETIC_NER,2025-07-16,Sikkim,unspecified,26.18643,91.9615,4425.7,6.85,89.3,cropland,residual_soil,16.4,49.4,95.5,65.8,27.3,0,n/a,0,low
SYN_E_00154,SYNTHETIC_NER,2023-06-10,Manipur,unspecified,26.217,95.35157,2648.7,36.77,141.4,forest,residual_soil,17.4,47.8,97.3,66.5,28.9,1,debris flow,0,low
SYN_N_01809,SYNTHETIC_NER,2025-07-02,Nagaland,unspecified,28.68586,91.09126,1674.9,15.78,260.2,forest,unknown,4.4,9.7,15.3,11.5,20.7,0,n/a,0,low
SYN_N_00486,SYNTHETIC_NER,2015-09-10,Mizoram,unspecified,25.46535,92.42737,1685.6,27.98,7.3,forest,residual_soil,25.5,53.1,95.4,68.7,31.8,0,n/a,0,low
SYN_N_01701,SYNTHETIC_NER,2023-09-17,Arunachal Pradesh,unspecified,28.2562,89.94532,2974.3,22.49,14.9,cropland,colluvium,28.5,58.0,117.6,81.9,19.0,0,n/a,0,low
SYN_E_00625,SYNTHETIC_NER,2019-06-09,Meghalaya,unspecified,22.72145,90.945,800.4,45.85,273.4,bare,residual_soil,119.9,367.3,599.1,433.7,29.3,1,soil slide,0,low
SYN_N_01533,SYNTHETIC_NER,2015-09-26,Mizoram,unspecified,23.00549,89.78595,1196.6,20.65,311.3,bare,unknown,1.6,4.6,9.0,6.2,26.2,0,n/a,0,low
SYN_N_02248,SYNTHETIC_NER,2024-07-10,Nagaland,unspecified,25.2365,95.11564,3232.4,2.0,269.5,cropland,colluvium,16.5,32.1,58.7,42.3,13.9,0,n/a,0,low
SYN_N_00146,SYNTHETIC_NER,2016-09-16,Nagaland,unspecified,23.85784,97.27611,2645.7,20.12,241.4,forest,weathered_rock,21.4,66.4,93.0,70.7,27.5,0,n/a,0,low
SYN_E_00569,SYNTHETIC_NER,2019-06-24,Nagaland,unspecified,28.04839,95.34215,1129.0,36.96,185.9,forest,weathered_rock,25.1,72.9,103.7,78.7,42.0,1,debris flow,0,low
SYN_N_02313,SYNTHETIC_NER,2015-08-17,Manipur,unspecified,25.36648,94.9665,2650.6,24.97,330.7,grassland,unknown,9.5,26.1,52.7,36.1,41.4,0,n/a,0,low
SYN_N_00558,SYNTHETIC_NER,2023-06-08,Assam,unspecified,23.45034,88.1072,242.3,11.59,53.3,forest,unknown,14.8,37.4,62.5,45.4,16.9,0,n/a,0,low
SYN_N_00616,SYNTHETIC_NER,2018-07-16,Meghalaya,unspecified,21.80725,95.37167,386.4,26.0,321.1,cropland,weathered_rock,54.5,169.2,322.3,222.8,14.9,0,n/a,0,low
SYN_N_00865,SYNTHETIC_NER,2019-11-11,Assam,unspecified,24.94096,91.06174,364.7,35.82,5.5,bare,colluvium,12.0,29.0,57.4,39.8,35.0,0,n/a,0,low
SYN_E_00127,SYNTHETIC_NER,2023-07-06,Sikkim,unspecified,24.81882,89.17664,4715.9,29.99,147.8,cropland,unknown,45.4,101.9,151.2,115.3,38.9,1,soil slide,0,low
SYN_N_02370,SYNTHETIC_NER,2022-04-18,Sikkim,unspecified,25.52574,91.09526,4946.9,6.8,261.3,bare,weathered_rock,16.2,39.6,83.8,57.0,9.9,0,n/a,0,low
SYN_N_00806,SYNTHETIC_NER,2017-09-09,Nagaland,unspecified,27.08676,95.09789,993.8,42.81,25.6,forest,weathered_rock,0.0,0.0,0.0,0.0,33.8,0,n/a,0,low
SYN_N_01775,SYNTHETIC_NER,2020-05-20,Sikkim,unspecified,23.58345,93.29655,318.7,2.26,222.5,forest,residual_soil,15.1,35.0,72.1,49.6,20.3,0,n/a,0,low
SYN_E_00980,SYNTHETIC_NER,2015-03-10,Nagaland,unspecified,29.40676,96.47736,1147.0,20.61,216.1,built-up,colluvium,41.3,102.6,161.8,120.0,42.2,1,debris flow,0,low
SYN_N_02366,SYNTHETIC_NER,2017-07-10,Sikkim,unspecified,28.75397,88.6471,3019.1,17.45,281.9,forest,colluvium,11.9,28.4,54.0,37.9,29.0,0,n/a,0,low
SYN_E_00190,SYNTHETIC_NER,2019-06-02,Tripura,unspecified,22.14544,91.07395,564.7,22.81,85.6,forest,residual_soil,56.0,177.7,308.9,219.0,57.6,1,debris flow,0,low
SYN_E_01139,SYNTHETIC_NER,2016-07-23,Nagaland,unspecified,23.42556,94.53168,254.1,28.7,1.8,grassland,colluvium,31.3,91.6,191.7,129.6,41.5,1,soil slide,0,low
SYN_E_00992,SYNTHETIC_NER,2018-07-13,Meghalaya,unspecified,24.21887,97.28812,834.2,35.71,337.1,forest,residual_soil,121.2,277.8,590.4,402.8,43.1,1,debris flow,0,low
SYN_E_00699,SYNTHETIC_NER,2024-02-20,Assam,unspecified,23.44559,88.15629,229.5,31.54,312.1,forest,weathered_rock,28.7,57.6,106.1,76.1,54.1,1,rock slide,0,low
SYN_N_02075,SYNTHETIC_NER,2024-08-03,Tripura,unspecified,22.63164,93.09177,306.0,17.53,1.1,built-up,residual_soil,9.5,20.9,40.5,28.4,23.6,0,n/a,0,low
SYN_E_00606,SYNTHETIC_NER,2025-09-17,Mizoram,unspecified,22.10516,95.78657,1274.1,28.7,199.9,bare,weathered_rock,34.9,71.9,109.6,83.4,38.5,1,soil slide,0,low
SYN_E_00180,SYNTHETIC_NER,2019-06-05,Arunachal Pradesh,unspecified,26.01257,88.58515,1630.7,34.32,155.1,forest,colluvium,56.8,147.5,222.7,167.0,32.1,1,soil slide,0,low
SYN_E_00301,SYNTHETIC_NER,2020-07-27,Sikkim,unspecified,26.46691,95.59256,1751.7,37.55,138.8,forest,colluvium,38.5,110.8,180.5,131.2,22.2,1,rock slide,0,low
SYN_N_01344,SYNTHETIC_NER,2025-09-01,Mizoram,unspecified,24.27224,93.03572,1634.8,2.0,207.9,forest,residual_soil,2.4,4.9,10.1,7.0,24.8,0,n/a,0,low
SYN_N_02131,SYNTHETIC_NER,2022-06-25,Arunachal Pradesh,unspecified,25.2803,88.2939,303.7,42.46,208.1,forest,colluvium,30.2,89.7,143.3,104.6,37.9,0,n/a,0,low
SYN_E_01060,SYNTHETIC_NER,2021-08-07,Sikkim,unspecified,25.70195,94.46469,2634.3,36.86,217.5,forest,colluvium,22.6,71.7,153.7,102.9,28.2,1,debris flow,0,low
SYN_N_02182,SYNTHETIC_NER,2018-05-13,Manipur,unspecified,27.44731,90.79004,2250.6,20.58,74.5,forest,residual_soil,15.2,33.1,56.1,41.0,13.0,0,n/a,0,low
SYN_N_02250,SYNTHETIC_NER,2025-08-16,Assam,unspecified,26.37702,88.73642,491.8,39.37,180.8,grassland,colluvium,32.6,76.4,153.4,106.1,20.5,0,n/a,0,low
SYN_N_01365,SYNTHETIC_NER,2024-09-08,Manipur,unspecified,22.27419,96.3619,2837.2,28.65,214.4,forest,colluvium,4.1,9.4,17.6,12.5,41.1,0,n/a,0,low
SYN_E_01069,SYNTHETIC_NER,2019-06-03,Assam,unspecified,28.9928,90.87846,116.9,34.66,263.3,forest,residual_soil,38.6,80.8,133.2,98.5,25.9,1,rock slide,0,low
SYN_N_01324,SYNTHETIC_NER,2021-06-27,Mizoram,unspecified,26.10166,90.11145,488.2,36.38,210.9,forest,colluvium,28.7,75.4,115.3,86.0,20.1,0,n/a,0,low
SYN_N_01005,SYNTHETIC_NER,2019-09-12,Tripura,unspecified,22.16129,97.05974,866.6,44.57,282.9,built-up,colluvium,11.5,31.1,51.1,37.2,22.7,0,n/a,0,low
SYN_N_00043,SYNTHETIC_NER,2019-07-16,Arunachal Pradesh,unspecified,22.10868,90.61492,3612.9,9.98,210.2,cropland,weathered_rock,38.2,106.8,211.5,145.4,42.0,0,n/a,0,low
SYN_E_00016,SYNTHETIC_NER,2015-06-10,Nagaland,unspecified,23.1167,89.76478,672.0,27.13,187.9,forest,residual_soil,22.4,67.8,110.0,79.8,40.2,1,soil slide,0,low
SYN_N_01920,SYNTHETIC_NER,2019-09-27,Mizoram,unspecified,22.59846,90.47448,1330.7,30.41,100.2,cropland,colluvium,0.6,1.3,2.0,1.5,19.8,0,n/a,0,low
SYN_N_02373,SYNTHETIC_NER,2024-09-11,Sikkim,unspecified,28.29172,91.36562,1708.7,26.62,208.1,forest,residual_soil,24.1,50.1,103.3,71.5,30.4,0,n/a,0,low
SYN_E_00546,SYNTHETIC_NER,2015-10-11,Manipur,unspecified,28.93637,90.94614,1165.3,39.44,258.0,grassland,unknown,21.5,66.7,125.6,87.1,40.4,1,rock slide,0,low
SYN_E_00658,SYNTHETIC_NER,2016-07-19,Assam,unspecified,25.08614,96.98566,349.8,35.05,36.6,bare,weathered_rock,26.1,73.4,139.2,96.8,36.5,1,debris flow,0,low
SYN_N_02039,SYNTHETIC_NER,2020-08-09,Arunachal Pradesh,unspecified,26.98025,89.30184,4027.2,17.08,169.9,built-up,colluvium,40.6,98.3,155.4,115.3,28.1,0,n/a,0,low
SYN_N_01867,SYNTHETIC_NER,2018-07-07,Meghalaya,unspecified,23.36102,88.24396,257.6,24.1,184.8,forest,weathered_rock,86.6,232.8,473.8,324.1,16.5,0,n/a,0,low
SYN_N_02080,SYNTHETIC_NER,2017-08-17,Arunachal Pradesh,unspecified,24.17021,93.64747,3537.9,14.65,25.7,grassland,colluvium,4.1,9.5,18.4,12.9,10.9,0,n/a,0,low
SYN_N_00304,SYNTHETIC_NER,2016-08-15,Assam,unspecified,26.23783,88.41105,261.7,31.64,110.9,grassland,weathered_rock,15.2,45.5,65.8,49.6,24.5,0,n/a,0,low
SYN_E_00959,SYNTHETIC_NER,2017-11-10,Manipur,unspecified,28.23431,94.85146,1775.8,31.97,343.2,forest,unknown,37.3,95.6,150.9,111.6,36.7,1,soil slide,0,low
SYN_N_01726,SYNTHETIC_NER,2024-07-17,Tripura,unspecified,21.72027,92.72064,797.6,6.85,65.1,cropland,colluvium,29.0,54.4,77.6,60.9,15.9,0,n/a,0,low
SYN_N_01131,SYNTHETIC_NER,2021-04-23,Nagaland,unspecified,26.39269,89.07385,2200.6,30.11,162.3,forest,colluvium,5.4,13.8,28.2,19.3,15.7,0,n/a,0,low
SYN_E_00797,SYNTHETIC_NER,2020-11-23,Manipur,unspecified,28.46805,88.11504,898.9,34.94,35.0,forest,weathered_rock,31.1,96.3,155.5,112.9,31.9,1,soil slide,0,low
SYN_E_00225,SYNTHETIC_NER,2025-08-03,Mizoram,unspecified,23.79419,89.29226,1857.2,45.21,197.8,forest,colluvium,26.5,65.1,107.9,78.8,45.6,1,rock slide,0,low
SYN_N_00874,SYNTHETIC_NER,2024-12-27,Assam,unspecified,26.22358,92.77823,502.6,31.77,293.6,forest,colluvium,18.8,57.7,82.7,62.4,24.2,0,n/a,0,low
SYN_N_00599,SYNTHETIC_NER,2025-10-13,Manipur,unspecified,29.19452,93.38607,1271.6,10.33,342.0,grassland,weathered_rock,13.8,32.7,69.6,47.4,10.0,0,n/a,0,low
SYN_N_01285,SYNTHETIC_NER,2022-06-10,Manipur,unspecified,21.80163,94.80317,1724.7,19.68,227.5,bare,colluvium,8.8,24.8,36.1,27.3,25.8,0,n/a,0,low
SYN_N_02351,SYNTHETIC_NER,2023-08-23,Manipur,unspecified,25.18595,90.38596,1790.4,37.03,74.7,forest,unknown,15.6,46.3,83.6,58.9,21.1,0,n/a,0,low
SYN_N_01077,SYNTHETIC_NER,2019-08-05,Sikkim,unspecified,29.33725,92.25254,2361.4,20.78,317.7,built-up,colluvium,25.9,61.7,89.2,68.3,20.0,0,n/a,0,low
SYN_N_00885,SYNTHETIC_NER,2020-07-10,Nagaland,unspecified,28.44238,95.06274,2097.7,39.87,171.5,forest,residual_soil,8.3,23.0,41.8,29.5,10.2,0,n/a,0,low
SYN_N_00493,SYNTHETIC_NER,2016-09-15,Sikkim,unspecified,21.78454,92.66617,1963.3,18.81,153.8,grassland,residual_soil,12.6,29.5,58.1,40.4,37.2,0,n/a,0,low
SYN_N_01597,SYNTHETIC_NER,2021-06-17,Mizoram,unspecified,27.18787,95.70413,984.8,31.37,210.2,forest,residual_soil,6.9,18.1,35.0,24.3,21.7,0,n/a,0,low
SYN_E_01045,SYNTHETIC_NER,2021-11-24,Meghalaya,unspecified,24.76547,93.91997,337.8,35.03,256.4,grassland,weathered_rock,200.7,552.1,877.8,644.7,42.1,1,soil slide,0,low
SYN_E_00469,SYNTHETIC_NER,2019-07-20,Arunachal Pradesh,unspecified,24.50187,94.71031,1715.3,43.86,200.7,forest,residual_soil,77.7,207.0,330.2,242.8,38.4,1,debris flow,0,low
SYN_E_00954,SYNTHETIC_NER,2019-07-07,Sikkim,unspecified,23.13447,88.6716,2239.3,38.91,69.4,grassland,colluvium,29.9,64.1,137.9,94.2,52.8,1,mudslide,0,low
SYN_N_02369,SYNTHETIC_NER,2016-07-20,Mizoram,unspecified,23.29141,91.06765,897.9,11.12,336.4,cropland,residual_soil,33.7,97.2,207.3,139.6,26.2,0,n/a,0,low
SYN_N_01535,SYNTHETIC_NER,2015-08-21,Manipur,unspecified,24.90851,94.94233,2419.2,5.46,115.2,grassland,residual_soil,20.2,57.4,99.0,70.8,21.1,0,n/a,0,low
SYN_N_02256,SYNTHETIC_NER,2016-06-26,Manipur,unspecified,25.20316,94.47109,923.3,16.0,206.1,forest,colluvium,14.4,38.4,78.3,53.6,9.8,0,n/a,0,low
SYN_E_00639,SYNTHETIC_NER,2022-12-25,Arunachal Pradesh,unspecified,27.93766,88.56668,630.7,31.43,145.7,grassland,colluvium,23.3,53.8,81.5,61.6,40.2,1,soil slide,1,low
SYN_N_02134,SYNTHETIC_NER,2021-10-18,Tripura,unspecified,23.49059,92.65682,31.0,18.01,142.3,forest,residual_soil,26.0,54.7,107.2,75.2,30.7,0,n/a,0,low
SYN_N_00018,SYNTHETIC_NER,2020-04-21,Nagaland,unspecified,23.1107,90.75726,3211.7,15.36,301.5,forest,weathered_rock,18.1,37.7,55.9,42.9,14.4,0,n/a,0,low
SYN_E_01158,SYNTHETIC_NER,2019-06-06,Manipur,unspecified,27.8326,90.10494,2823.5,38.14,182.8,grassland,colluvium,25.2,62.7,100.6,74.1,49.5,1,debris flow,1,low
SYN_N_00215,SYNTHETIC_NER,2022-07-04,Manipur,unspecified,27.45672,88.11189,1337.7,27.2,326.3,cropland,colluvium,8.9,20.3,34.9,25.3,33.5,0,n/a,0,low
SYN_N_02051,SYNTHETIC_NER,2019-09-07,Assam,unspecified,27.39625,94.89696,75.1,25.65,25.2,forest,weathered_rock,6.5,15.5,28.2,20.0,29.9,0,n/a,0,low
SYN_N_00327,SYNTHETIC_NER,2025-09-12,Tripura,unspecified,25.19348,94.48475,95.2,21.32,312.2,built-up,unknown,13.3,37.5,73.0,50.4,31.7,0,n/a,0,low
SYN_N_02301,SYNTHETIC_NER,2021-03-01,Tripura,unspecified,27.11593,92.76472,310.3,36.27,59.0,cropland,residual_soil,14.7,27.3,39.1,30.7,28.8,0,n/a,0,low
SYN_N_00100,SYNTHETIC_NER,2025-06-21,Tripura,unspecified,27.3591,94.70482,782.2,6.96,32.1,forest,weathered_rock,16.6,35.6,52.0,40.0,29.7,0,n/a,0,low
SYN_N_02237,SYNTHETIC_NER,2018-06-11,Meghalaya,unspecified,25.76195,94.96768,1796.8,2.0,344.2,cropland,residual_soil,44.7,97.4,141.0,108.7,26.9,0,n/a,0,low
SYN_N_01648,SYNTHETIC_NER,2020-07-13,Meghalaya,unspecified,24.58313,90.87006,582.8,10.15,188.2,bare,residual_soil,22.9,43.2,85.9,60.5,16.1,0,n/a,0,low
SYN_N_00403,SYNTHETIC_NER,2019-09-21,Manipur,unspecified,28.10717,97.41054,2341.0,22.87,280.8,forest,colluvium,13.4,30.1,46.0,34.7,19.3,0,n/a,0,low
SYN_E_00160,SYNTHETIC_NER,2022-09-16,Arunachal Pradesh,unspecified,21.66354,95.52255,1707.7,29.74,162.4,grassland,residual_soil,83.1,258.8,549.1,368.8,41.4,1,mudslide,0,low
SYN_N_00504,SYNTHETIC_NER,2023-09-07,Assam,unspecified,28.07555,96.52679,408.0,20.02,349.0,grassland,residual_soil,14.3,36.4,76.1,51.8,18.3,0,n/a,0,low
SYN_E_00956,SYNTHETIC_NER,2015-09-09,Manipur,unspecified,23.1152,94.98192,1100.1,36.14,213.1,forest,residual_soil,14.4,27.7,57.5,39.9,47.1,1,soil slide,0,low
SYN_N_02034,SYNTHETIC_NER,2021-06-17,Assam,unspecified,22.891,93.47098,105.7,10.97,142.0,forest,residual_soil,14.6,29.2,46.4,34.9,25.0,0,n/a,0,low
SYN_N_01669,SYNTHETIC_NER,2024-07-26,Mizoram,unspecified,24.30952,97.02882,157.9,19.26,347.6,cropland,colluvium,14.5,44.7,86.2,59.4,17.6,0,n/a,0,low
SYN_N_02294,SYNTHETIC_NER,2018-09-17,Manipur,unspecified,22.4085,89.33029,1559.8,41.06,93.3,bare,weathered_rock,8.3,22.1,31.3,23.9,23.2,0,n/a,0,low
SYN_E_00877,SYNTHETIC_NER,2024-07-10,Tripura,unspecified,28.45286,88.13903,421.6,25.01,95.3,forest,colluvium,37.3,95.7,201.5,136.9,43.3,1,soil slide,0,low
SYN_N_00719,SYNTHETIC_NER,2015-08-10,Sikkim,unspecified,25.79848,96.51394,2738.5,31.92,17.7,forest,weathered_rock,13.6,27.3,43.2,32.5,21.6,0,n/a,0,low
SYN_N_01761,SYNTHETIC_NER,2024-07-04,Tripura,unspecified,24.1649,89.27151,176.3,11.65,135.8,cropland,weathered_rock,24.9,49.9,83.4,61.7,17.9,0,n/a,0,low
SYN_N_00684,SYNTHETIC_NER,2022-08-02,Assam,unspecified,25.83163,88.63791,221.3,13.09,203.1,cropland,colluvium,8.8,18.0,39.6,26.9,32.2,0,n/a,0,low
SYN_N_01000,SYNTHETIC_NER,2016-08-08,Sikkim,unspecified,23.97839,95.39061,2632.0,7.2,321.9,forest,residual_soil,30.6,63.2,113.7,81.9,41.3,0,n/a,0,low
SYN_E_00098,SYNTHETIC_NER,2018-08-02,Tripura,unspecified,28.40038,95.93754,828.8,41.99,32.0,forest,residual_soil,38.4,108.1,157.1,118.6,30.9,1,debris flow,0,low
SYN_N_02192,SYNTHETIC_NER,2017-09-15,Sikkim,unspecified,28.10886,88.959,419.4,27.01,15.8,built-up,residual_soil,9.2,21.1,42.7,29.5,21.1,0,n/a,0,low
SYN_N_01357,SYNTHETIC_NER,2023-04-07,Assam,unspecified,28.33118,93.56582,573.0,4.06,63.3,forest,residual_soil,27.4,73.4,117.8,86.4,15.9,0,n/a,0,low
SYN_N_01983,SYNTHETIC_NER,2021-08-11,Manipur,unspecified,28.60285,90.49353,2523.3,25.83,86.2,forest,residual_soil,8.4,24.8,34.8,26.5,36.1,0,n/a,0,low
SYN_E_00253,SYNTHETIC_NER,2018-07-23,Mizoram,unspecified,28.98838,89.10869,1792.2,35.93,333.5,cropland,weathered_rock,56.1,148.9,298.3,205.0,44.2,1,soil slide,0,low
SYN_E_00103,SYNTHETIC_NER,2024-09-02,Assam,unspecified,26.20017,94.31128,424.4,39.53,157.4,grassland,unknown,41.7,115.7,250.7,168.4,43.6,1,debris flow,0,low
SYN_N_00245,SYNTHETIC_NER,2017-08-01,Sikkim,unspecified,25.72556,91.44002,2323.5,26.38,143.6,forest,residual_soil,3.2,6.1,13.0,8.9,29.7,0,n/a,0,low
SYN_N_00243,SYNTHETIC_NER,2021-07-17,Assam,unspecified,25.19193,95.89299,382.0,25.84,276.0,built-up,colluvium,15.2,31.2,43.7,34.2,5.0,0,n/a,0,low
SYN_N_00448,SYNTHETIC_NER,2017-07-16,Arunachal Pradesh,unspecified,25.22591,89.39426,267.4,25.02,113.7,forest,residual_soil,31.5,97.1,136.7,103.8,33.2,0,n/a,0,low
SYN_E_00586,SYNTHETIC_NER,2021-09-17,Tripura,unspecified,24.41934,96.28379,332.1,34.63,150.8,forest,weathered_rock,26.3,56.7,85.5,65.0,47.0,1,debris flow,0,low
SYN_E_00627,SYNTHETIC_NER,2015-08-24,Mizoram,unspecified,26.12251,94.64311,1430.4,46.9,229.9,forest,colluvium,30.8,57.3,104.5,75.6,30.9,1,mudslide,0,low
SYN_N_00496,SYNTHETIC_NER,2017-09-12,Mizoram,unspecified,23.52882,91.93077,667.0,18.62,130.4,cropland,colluvium,19.3,34.8,53.1,40.8,30.6,0,n/a,0,low
SYN_N_01991,SYNTHETIC_NER,2015-08-27,Tripura,unspecified,22.31717,88.48575,395.1,2.0,234.4,forest,colluvium,10.6,19.9,30.2,23.2,21.8,0,n/a,0,low
SYN_N_00901,SYNTHETIC_NER,2021-06-17,Mizoram,unspecified,24.4522,94.34387,1476.5,30.93,197.0,bare,residual_soil,29.6,67.2,115.1,83.6,20.2,0,n/a,0,low
SYN_N_00999,SYNTHETIC_NER,2023-06-19,Meghalaya,unspecified,22.52265,96.05436,908.5,7.18,300.0,cropland,weathered_rock,14.4,42.6,90.5,60.9,27.6,0,n/a,0,low
SYN_E_00403,SYNTHETIC_NER,2017-07-13,Arunachal Pradesh,unspecified,25.53932,90.1184,4767.8,47.83,136.4,built-up,colluvium,59.3,170.1,278.2,202.0,45.4,1,soil slide,0,low
SYN_E_01154,SYNTHETIC_NER,2022-03-15,Mizoram,unspecified,22.61048,95.71494,582.6,26.08,6.5,grassland,colluvium,35.4,66.2,141.5,97.7,39.7,1,mudslide,0,low
SYN_N_01055,SYNTHETIC_NER,2023-08-16,Sikkim,unspecified,24.40436,97.45231,522.7,5.35,323.7,grassland,residual_soil,31.3,87.8,192.9,129.1,27.6,0,n/a,0,low
SYN_N_01663,SYNTHETIC_NER,2016-08-06,Manipur,unspecified,22.2353,89.77543,840.3,9.23,314.8,bare,colluvium,9.6,25.4,38.1,28.6,22.3,0,n/a,0,low
SYN_N_00482,SYNTHETIC_NER,2019-06-16,Arunachal Pradesh,unspecified,25.13513,95.77458,397.1,2.0,46.9,forest,residual_soil,10.5,24.9,53.5,36.3,14.0,0,n/a,0,low
SYN_N_01970,SYNTHETIC_NER,2024-12-25,Mizoram,unspecified,22.87932,96.79251,1635.9,32.5,268.0,forest,residual_soil,11.5,25.0,43.3,31.5,17.4,0,n/a,0,low
SYN_N_00856,SYNTHETIC_NER,2016-08-08,Tripura,unspecified,21.80974,94.2586,486.3,9.02,349.1,forest,weathered_rock,11.4,29.1,54.9,38.4,19.9,0,n/a,0,low
SYN_N_01862,SYNTHETIC_NER,2018-09-19,Meghalaya,unspecified,28.63743,93.47891,497.0,17.79,198.6,forest,weathered_rock,44.5,84.1,121.3,94.8,8.5,0,n/a,0,low
SYN_N_02212,SYNTHETIC_NER,2023-06-27,Tripura,unspecified,23.87327,96.26531,905.7,31.97,264.6,cropland,residual_soil,21.0,38.8,68.5,50.1,25.7,0,n/a,0,low
SYN_N_01908,SYNTHETIC_NER,2024-10-01,Sikkim,unspecified,27.09913,91.86076,3311.6,18.34,203.0,forest,residual_soil,23.1,54.9,102.7,72.4,29.3,0,n/a,0,low
SYN_E_00452,SYNTHETIC_NER,2018-06-18,Manipur,unspecified,22.99432,92.66431,2222.3,39.37,203.0,forest,residual_soil,33.5,76.5,119.8,89.5,40.6,1,rock slide,0,low
SYN_N_01101,SYNTHETIC_NER,2024-02-19,Tripura,unspecified,22.06644,93.59998,910.2,27.43,81.6,forest,colluvium,25.3,74.7,121.0,88.0,35.3,0,n/a,0,low
SYN_N_00127,SYNTHETIC_NER,2024-07-03,Arunachal Pradesh,unspecified,22.44504,91.92019,3843.1,29.01,177.9,built-up,residual_soil,51.6,118.1,190.4,141.0,35.5,0,n/a,0,low
SYN_N_01744,SYNTHETIC_NER,2018-10-14,Meghalaya,unspecified,24.72502,93.83887,299.2,31.18,241.1,forest,colluvium,16.9,39.1,76.6,53.4,10.0,0,n/a,0,low
SYN_N_00849,SYNTHETIC_NER,2020-09-16,Manipur,unspecified,26.61492,90.73425,1693.8,7.48,333.1,forest,residual_soil,11.0,21.2,45.6,31.4,22.9,0,n/a,0,low
SYN_E_00880,SYNTHETIC_NER,2018-07-02,Assam,unspecified,22.7735,97.1377,415.3,35.09,80.6,forest,residual_soil,32.4,77.7,135.3,97.5,47.8,1,soil slide,0,low
SYN_N_02297,SYNTHETIC_NER,2024-01-05,Nagaland,unspecified,24.70402,89.01144,2565.5,43.13,15.2,grassland,residual_soil,0.0,0.0,0.0,0.0,29.4,0,n/a,0,low
SYN_E_00623,SYNTHETIC_NER,2020-08-03,Manipur,unspecified,22.26272,91.33788,1831.9,39.51,303.4,bare,residual_soil,22.3,59.3,85.6,65.1,22.0,1,soil slide,0,low
SYN_N_01193,SYNTHETIC_NER,2021-06-19,Arunachal Pradesh,unspecified,24.71882,96.15227,1288.8,11.44,240.7,grassland,weathered_rock,20.5,58.4,84.4,63.8,27.5,0,n/a,0,low
SYN_N_02125,SYNTHETIC_NER,2023-04-08,Sikkim,unspecified,22.39501,92.92547,2349.7,16.14,189.3,cropland,residual_soil,13.5,30.8,55.0,39.5,5.3,0,n/a,0,low
SYN_N_00587,SYNTHETIC_NER,2017-08-15,Arunachal Pradesh,unspecified,22.95552,93.28675,730.4,18.61,250.5,forest,weathered_rock,16.9,46.4,73.0,53.8,16.0,0,n/a,0,low
SYN_E_00262,SYNTHETIC_NER,2016-09-24,Mizoram,unspecified,24.555,95.18645,855.4,45.1,207.8,grassland,residual_soil,46.8,138.4,289.0,195.4,32.8,1,rock slide,0,low
SYN_N_00434,SYNTHETIC_NER,2015-06-19,Manipur,unspecified,23.19139,94.40785,2502.1,37.83,284.3,grassland,residual_soil,14.6,30.5,65.0,44.6,24.9,0,n/a,0,low
SYN_N_00238,SYNTHETIC_NER,2018-08-24,Assam,unspecified,23.53241,94.62235,466.5,17.56,330.5,cropland,weathered_rock,31.2,71.7,104.5,80.0,24.9,0,n/a,0,low
SYN_N_00998,SYNTHETIC_NER,2022-08-08,Sikkim,unspecified,28.6737,89.16995,3830.5,21.06,236.2,forest,weathered_rock,1.4,4.0,5.7,4.3,25.2,0,n/a,0,low
SYN_N_00769,SYNTHETIC_NER,2018-08-16,Assam,unspecified,23.27584,96.1978,41.6,24.74,223.6,forest,weathered_rock,19.7,53.4,116.2,78.0,34.4,0,n/a,0,low
SYN_N_01320,SYNTHETIC_NER,2025-02-01,Arunachal Pradesh,unspecified,28.87225,92.89663,1563.1,20.73,117.3,forest,residual_soil,8.1,15.8,26.2,19.5,10.1,0,n/a,0,low
SYN_N_00602,SYNTHETIC_NER,2021-08-05,Nagaland,unspecified,28.9909,88.44787,1151.2,2.0,234.3,cropland,residual_soil,3.2,9.8,15.6,11.4,30.5,0,n/a,0,low
SYN_E_00640,SYNTHETIC_NER,2015-01-21,Tripura,unspecified,21.93204,97.49021,264.9,44.59,329.2,cropland,residual_soil,22.7,42.8,73.3,54.0,40.0,1,soil slide,0,low
SYN_N_02383,SYNTHETIC_NER,2021-07-10,Mizoram,unspecified,22.77757,88.4888,448.3,19.89,221.1,built-up,residual_soil,18.9,50.4,73.8,55.8,12.1,0,n/a,0,low
SYN_N_01185,SYNTHETIC_NER,2018-08-10,Assam,unspecified,23.29728,94.91522,526.1,14.99,125.7,grassland,weathered_rock,14.7,33.8,58.7,42.4,18.8,0,n/a,0,low
SYN_N_01398,SYNTHETIC_NER,2023-07-04,Nagaland,unspecified,27.58588,90.63691,2038.4,17.78,275.2,forest,weathered_rock,11.2,22.3,38.1,28.0,29.2,0,n/a,0,low
SYN_N_02195,SYNTHETIC_NER,2024-06-10,Assam,unspecified,27.74338,91.40778,262.4,10.71,320.2,bare,unknown,15.9,28.9,63.0,43.4,23.8,0,n/a,0,low
SYN_N_00759,SYNTHETIC_NER,2018-09-06,Mizoram,unspecified,28.37653,97.01696,1857.1,22.91,27.2,grassland,residual_soil,4.4,12.7,22.0,15.7,16.9,0,n/a,0,low
SYN_N_01776,SYNTHETIC_NER,2025-07-14,Assam,unspecified,28.41528,92.78391,142.3,21.03,169.7,cropland,residual_soil,23.9,62.6,132.0,89.6,29.9,0,n/a,0,low
SYN_E_00488,SYNTHETIC_NER,2020-06-05,Sikkim,unspecified,24.44725,90.32627,4371.1,47.12,205.2,forest,colluvium,70.4,136.1,276.3,193.1,23.7,1,rock slide,0,low
SYN_N_00643,SYNTHETIC_NER,2025-06-22,Arunachal Pradesh,unspecified,25.27807,92.537,1016.8,8.63,143.3,grassland,residual_soil,13.8,36.4,58.6,43.0,21.6,0,n/a,0,low
SYN_N_00534,SYNTHETIC_NER,2015-09-24,Arunachal Pradesh,unspecified,23.59406,94.71531,3429.5,11.65,188.6,grassland,colluvium,44.3,93.3,190.1,131.9,9.3,0,n/a,0,low
SYN_N_01711,SYNTHETIC_NER,2018-07-23,Arunachal Pradesh,unspecified,24.93824,91.88557,939.6,30.56,208.9,forest,colluvium,23.5,47.0,86.9,62.2,24.7,0,n/a,0,low
SYN_N_02019,SYNTHETIC_NER,2025-09-10,Manipur,unspecified,29.04629,91.98074,997.5,21.37,176.0,forest,residual_soil,0.0,0.0,0.0,0.0,10.6,0,n/a,0,low
SYN_E_00146,SYNTHETIC_NER,2021-08-03,Assam,unspecified,28.92591,91.95869,399.3,37.9,1.3,forest,residual_soil,46.8,144.2,276.7,191.0,29.0,1,soil slide,0,low
SYN_N_00334,SYNTHETIC_NER,2019-07-07,Mizoram,unspecified,23.84126,93.58044,1093.3,23.14,37.4,forest,colluvium,27.9,74.3,147.2,101.5,21.6,0,n/a,0,low
SYN_N_00786,SYNTHETIC_NER,2024-06-08,Tripura,unspecified,24.20628,95.45165,30.0,9.07,187.0,forest,residual_soil,27.0,63.6,90.9,69.9,18.5,0,n/a,0,low
SYN_N_00169,SYNTHETIC_NER,2017-09-12,Manipur,unspecified,24.82666,93.71199,2075.2,23.9,318.1,forest,residual_soil,4.9,12.7,25.0,17.3,14.5,0,n/a,0,low
SYN_N_01250,SYNTHETIC_NER,2024-08-26,Meghalaya,unspecified,25.65084,96.78163,1467.6,13.09,163.4,forest,weathered_rock,47.9,124.8,181.5,137.7,26.9,0,n/a,0,low
SYN_N_02319,SYNTHETIC_NER,2020-09-27,Assam,unspecified,24.26732,89.66158,184.7,21.71,97.2,bare,weathered_rock,8.9,22.6,39.1,28.1,23.4,0,n/a,0,low
SYN_N_01802,SYNTHETIC_NER,2017-07-18,Tripura,unspecified,21.87991,94.12853,890.2,32.92,320.0,cropland,weathered_rock,11.5,30.1,59.5,41.1,8.1,0,n/a,0,low
SYN_N_01611,SYNTHETIC_NER,2020-08-05,Arunachal Pradesh,unspecified,27.16727,92.82511,3329.2,8.86,160.9,cropland,residual_soil,7.8,21.9,36.7,26.5,9.7,0,n/a,0,low
SYN_E_00659,SYNTHETIC_NER,2020-04-23,Mizoram,unspecified,23.40606,96.75504,1989.7,27.45,357.9,forest,colluvium,31.2,74.9,161.0,109.2,44.3,1,soil slide,0,low
SYN_N_00594,SYNTHETIC_NER,2018-09-12,Tripura,unspecified,28.72506,95.14133,652.4,20.52,54.3,forest,residual_soil,12.1,22.8,45.3,31.9,25.0,0,n/a,0,low
SYN_N_01311,SYNTHETIC_NER,2023-07-27,Manipur,unspecified,28.61536,97.04567,2281.4,25.34,134.5,built-up,weathered_rock,2.7,6.0,8.7,6.7,28.8,0,n/a,0,low
SYN_E_00186,SYNTHETIC_NER,2018-09-24,Meghalaya,unspecified,24.94402,90.06945,1625.8,32.52,312.1,forest,unknown,100.4,257.2,496.0,345.2,31.8,1,soil slide,0,low
SYN_E_01147,SYNTHETIC_NER,2023-07-08,Sikkim,unspecified,25.75332,90.13447,2241.8,31.82,290.3,cropland,residual_soil,59.6,120.1,186.9,141.4,24.6,1,mudslide,0,low
SYN_N_02072,SYNTHETIC_NER,2022-09-10,Mizoram,unspecified,23.43705,94.00274,701.6,26.86,102.1,grassland,colluvium,19.0,35.8,65.0,47.0,20.1,0,n/a,0,low
SYN_E_00608,SYNTHETIC_NER,2018-11-23,Arunachal Pradesh,unspecified,27.80726,90.4313,1750.6,32.49,248.5,cropland,weathered_rock,29.0,63.5,90.2,70.0,41.5,1,soil slide,1,low
SYN_N_00991,SYNTHETIC_NER,2015-08-12,Manipur,unspecified,23.09119,92.88869,2499.4,7.31,57.0,bare,residual_soil,10.8,20.8,39.1,28.0,18.7,0,n/a,0,low
SYN_N_01599,SYNTHETIC_NER,2023-06-24,Tripura,unspecified,26.70918,91.98741,48.5,33.35,154.7,grassland,weathered_rock,10.9,30.8,52.4,37.6,26.7,0,n/a,0,low
SYN_N_00730,SYNTHETIC_NER,2018-06-23,Nagaland,unspecified,21.84361,96.53831,3065.6,27.93,3.8,forest,unknown,27.8,50.6,89.3,65.4,19.0,0,n/a,0,low
SYN_N_01829,SYNTHETIC_NER,2025-05-06,Meghalaya,unspecified,29.11566,93.42784,770.0,17.77,7.4,forest,weathered_rock,38.8,110.6,169.1,125.5,23.6,0,n/a,0,low
SYN_E_00197,SYNTHETIC_NER,2024-09-17,Assam,unspecified,28.42147,91.02085,551.7,31.75,174.1,built-up,weathered_rock,41.8,91.0,170.3,120.8,36.6,1,soil slide,0,low
SYN_N_01731,SYNTHETIC_NER,2017-10-03,Manipur,unspecified,27.05118,93.14812,1667.8,27.05,307.1,grassland,weathered_rock,12.9,31.0,52.0,37.9,20.1,0,n/a,0,low
SYN_N_01127,SYNTHETIC_NER,2022-08-09,Nagaland,unspecified,26.30663,93.18646,2203.7,5.56,330.4,cropland,weathered_rock,17.9,41.0,59.4,45.6,27.4,0,n/a,0,low
SYN_E_00293,SYNTHETIC_NER,2024-08-09,Mizoram,unspecified,23.48538,92.99118,819.0,21.86,285.1,cropland,residual_soil,41.2,83.3,162.4,114.4,55.6,1,soil slide,0,low
SYN_E_00766,SYNTHETIC_NER,2025-08-23,Nagaland,unspecified,28.15863,96.02449,208.9,44.94,227.2,cropland,unknown,24.6,68.1,129.2,90.0,33.0,1,mudslide,0,low
SYN_E_00400,SYNTHETIC_NER,2021-04-02,Arunachal Pradesh,unspecified,22.71629,94.22189,2245.2,55.82,157.7,forest,residual_soil,28.2,61.2,115.1,81.6,40.4,1,soil slide,0,low
SYN_E_00122,SYNTHETIC_NER,2018-04-05,Tripura,unspecified,25.61239,90.46755,651.3,33.65,48.7,forest,residual_soil,27.6,63.3,121.4,85.2,39.4,1,soil slide,0,low
SYN_N_02055,SYNTHETIC_NER,2023-07-11,Tripura,unspecified,22.33159,97.28963,702.2,34.13,112.3,bare,residual_soil,3.6,7.2,13.4,9.6,14.0,0,n/a,0,low
SYN_E_00202,SYNTHETIC_NER,2024-06-22,Manipur,unspecified,25.09045,89.92361,1126.3,42.94,251.7,forest,colluvium,24.4,50.4,73.1,56.5,45.8,1,soil slide,0,low
SYN_E_00835,SYNTHETIC_NER,2018-06-10,Sikkim,unspecified,23.88582,94.39143,4181.8,36.35,258.5,forest,residual_soil,36.3,110.9,192.0,136.5,43.2,1,soil slide,0,low
SYN_N_01094,SYNTHETIC_NER,2018-07-26,Sikkim,unspecified,28.54447,91.6259,4278.4,41.12,260.1,built-up,weathered_rock,12.1,29.8,61.2,42.0,29.5,0,n/a,0,low
SYN_N_00239,SYNTHETIC_NER,2020-07-09,Sikkim,unspecified,22.36933,96.75516,3872.3,15.28,302.2,cropland,unknown,27.1,76.5,156.1,106.4,22.9,0,n/a,0,low
SYN_N_00533,SYNTHETIC_NER,2018-06-10,Tripura,unspecified,29.30301,91.87348,806.4,39.7,328.6,grassland,residual_soil,20.0,56.3,91.8,66.8,38.9,0,n/a,0,low
SYN_N_00495,SYNTHETIC_NER,2021-07-07,Nagaland,unspecified,24.52934,90.91959,635.7,26.01,5.2,grassland,residual_soil,7.2,20.3,41.0,28.0,39.0,0,n/a,0,low
SYN_N_02308,SYNTHETIC_NER,2019-06-23,Manipur,unspecified,24.47169,90.74555,1970.7,19.86,234.3,grassland,unknown,7.2,20.9,40.5,27.9,45.4,0,n/a,0,low
SYN_N_00507,SYNTHETIC_NER,2022-03-07,Assam,unspecified,27.38817,94.56926,184.5,13.4,126.6,grassland,colluvium,11.3,25.1,45.6,32.6,26.4,0,n/a,0,low
SYN_N_02292,SYNTHETIC_NER,2021-07-25,Tripura,unspecified,24.17446,90.30057,37.4,15.48,158.9,forest,weathered_rock,12.6,30.6,61.8,42.6,19.7,0,n/a,0,low
SYN_E_01153,SYNTHETIC_NER,2025-08-02,Arunachal Pradesh,unspecified,28.88401,97.47889,3087.9,39.19,87.3,forest,residual_soil,24.7,50.4,81.2,60.6,44.7,1,debris flow,0,low
SYN_N_00461,SYNTHETIC_NER,2017-06-02,Sikkim,unspecified,27.51928,91.93203,2824.2,18.45,205.9,grassland,weathered_rock,9.3,22.2,43.2,30.1,24.6,0,n/a,0,low
SYN_N_01232,SYNTHETIC_NER,2016-06-17,Sikkim,unspecified,21.94633,92.50535,3990.7,6.53,18.5,forest,colluvium,21.2,56.5,103.8,73.1,21.7,0,n/a,0,low
SYN_N_02175,SYNTHETIC_NER,2023-06-15,Manipur,unspecified,23.34524,90.23028,2692.6,13.14,129.7,bare,weathered_rock,13.9,26.0,51.2,36.2,23.9,0,n/a,0,low
SYN_N_00559,SYNTHETIC_NER,2021-07-26,Arunachal Pradesh,unspecified,25.60918,95.49756,3861.6,17.89,328.0,forest,colluvium,0.0,0.0,0.0,0.0,34.3,0,n/a,0,low
SYN_E_00854,SYNTHETIC_NER,2025-08-12,Mizoram,unspecified,26.32697,88.26199,1343.2,23.29,264.4,forest,weathered_rock,22.0,50.1,107.5,73.2,48.3,1,soil slide,0,low
SYN_N_00389,SYNTHETIC_NER,2016-09-14,Arunachal Pradesh,unspecified,21.58211,88.79131,334.4,18.96,292.4,forest,weathered_rock,19.7,38.0,79.6,55.1,7.6,0,n/a,0,low
SYN_N_01067,SYNTHETIC_NER,2016-07-17,Manipur,unspecified,29.43143,89.16813,1692.3,6.37,243.4,bare,residual_soil,11.4,33.6,71.0,47.9,38.8,0,n/a,0,low
SYN_E_00641,SYNTHETIC_NER,2024-07-21,Arunachal Pradesh,unspecified,27.66026,89.45789,204.4,23.19,114.6,bare,colluvium,54.2,112.4,213.6,151.4,41.5,1,mudslide,0,low
SYN_E_00001,SYNTHETIC_NER,2020-12-27,Sikkim,unspecified,22.17855,93.27689,882.2,39.69,288.7,bare,weathered_rock,17.3,41.1,83.6,57.6,41.6,1,soil slide,0,low
SYN_N_00960,SYNTHETIC_NER,2021-07-04,Assam,unspecified,25.56094,90.85403,109.1,10.49,220.1,forest,weathered_rock,26.0,51.8,87.1,64.3,10.5,0,n/a,0,low
SYN_E_00698,SYNTHETIC_NER,2015-05-02,Assam,unspecified,21.70578,93.37939,385.8,27.66,144.4,cropland,residual_soil,33.3,73.0,116.4,86.8,33.1,1,soil slide,0,low
SYN_N_02320,SYNTHETIC_NER,2017-07-02,Manipur,unspecified,27.44925,88.46539,1231.7,22.22,203.4,grassland,colluvium,15.8,48.1,92.3,63.7,27.3,0,n/a,0,low
SYN_N_01799,SYNTHETIC_NER,2024-07-22,Nagaland,unspecified,28.07382,88.98002,2980.5,2.0,120.7,cropland,colluvium,8.5,20.3,28.8,22.2,26.2,0,n/a,0,low
SYN_N_00436,SYNTHETIC_NER,2022-06-19,Sikkim,unspecified,22.22173,88.93373,2130.9,23.94,89.9,cropland,residual_soil,28.5,58.7,120.1,83.4,23.1,0,n/a,0,low
SYN_N_01984,SYNTHETIC_NER,2020-06-01,Tripura,unspecified,22.35535,94.69929,199.8,23.19,43.4,cropland,residual_soil,7.1,16.4,26.1,19.4,11.2,0,n/a,0,low
SYN_N_00091,SYNTHETIC_NER,2023-06-15,Mizoram,unspecified,22.03339,90.70775,1068.7,22.63,353.1,forest,colluvium,11.0,22.5,45.1,31.5,22.9,0,n/a,0,low
SYN_N_02225,SYNTHETIC_NER,2016-07-02,Nagaland,unspecified,21.57071,95.80674,1036.2,14.65,33.8,forest,residual_soil,8.4,24.7,38.6,28.4,23.3,0,n/a,0,low
SYN_N_01289,SYNTHETIC_NER,2017-06-24,Nagaland,unspecified,27.44241,97.0109,3092.7,28.1,333.6,grassland,colluvium,17.5,42.6,60.9,46.7,5.0,0,n/a,0,low
SYN_N_00320,SYNTHETIC_NER,2015-08-05,Meghalaya,unspecified,25.15274,91.96872,521.3,18.29,83.2,forest,residual_soil,99.1,256.6,383.5,288.6,38.8,0,n/a,0,low
SYN_N_00653,SYNTHETIC_NER,2023-09-24,Tripura,unspecified,29.06034,93.14255,439.9,32.34,15.0,forest,colluvium,14.4,45.1,98.8,65.8,21.0,0,n/a,0,low
SYN_E_01136,SYNTHETIC_NER,2025-06-05,Tripura,unspecified,25.52562,88.3765,660.2,33.59,72.4,forest,residual_soil,50.0,135.1,261.8,181.5,46.8,1,mudslide,0,low
SYN_N_02104,SYNTHETIC_NER,2024-09-22,Nagaland,unspecified,22.82782,97.32984,2518.5,16.57,207.5,cropland,colluvium,32.3,96.5,145.6,108.2,18.5,0,n/a,0,low
SYN_N_02276,SYNTHETIC_NER,2024-01-21,Assam,unspecified,27.7392,89.90855,542.1,21.95,79.6,forest,residual_soil,10.6,27.3,59.6,40.1,27.7,0,n/a,0,low
SYN_N_00431,SYNTHETIC_NER,2024-11-17,Arunachal Pradesh,unspecified,23.91643,92.38782,490.5,6.0,276.5,cropland,weathered_rock,13.0,37.0,64.4,45.9,23.7,0,n/a,0,low
SYN_N_00798,SYNTHETIC_NER,2016-03-09,Meghalaya,unspecified,23.22176,94.07446,1074.2,20.84,132.0,grassland,weathered_rock,36.7,67.6,132.7,94.0,8.2,0,n/a,0,low
SYN_E_00663,SYNTHETIC_NER,2020-08-27,Meghalaya,unspecified,29.48231,92.26129,471.2,32.98,93.7,bare,residual_soil,81.9,222.0,468.8,317.4,26.8,1,mudslide,0,low
SYN_E_00683,SYNTHETIC_NER,2020-09-08,Arunachal Pradesh,unspecified,26.29587,91.19102,356.1,32.43,255.7,grassland,weathered_rock,23.5,61.5,110.8,78.6,39.3,1,soil slide,0,low
SYN_N_00057,SYNTHETIC_NER,2020-06-23,Meghalaya,unspecified,24.25978,93.96911,1306.9,23.67,119.9,grassland,residual_soil,51.3,131.5,191.1,145.3,23.2,0,n/a,0,low
SYN_N_02189,SYNTHETIC_NER,2022-06-22,Nagaland,unspecified,24.73887,92.43696,696.1,25.37,169.4,forest,residual_soil,5.4,12.3,17.6,13.6,14.7,0,n/a,0,low
SYN_E_00317,SYNTHETIC_NER,2017-05-05,Tripura,unspecified,22.38592,92.58083,597.0,30.08,88.3,bare,residual_soil,34.2,105.5,202.6,139.8,39.2,1,mudslide,0,low
SYN_E_00648,SYNTHETIC_NER,2016-07-25,Arunachal Pradesh,unspecified,22.45974,97.31655,1065.4,31.36,8.1,cropland,residual_soil,79.7,237.7,468.8,321.7,24.9,1,debris flow,0,low
SYN_N_00234,SYNTHETIC_NER,2024-06-22,Meghalaya,unspecified,26.54636,94.36227,574.0,22.33,11.2,forest,residual_soil,58.4,114.9,222.4,157.4,27.0,0,n/a,0,low
SYN_N_00279,SYNTHETIC_NER,2025-06-18,Meghalaya,unspecified,27.09735,88.12648,956.4,44.52,254.0,forest,colluvium,43.5,79.7,172.6,118.9,30.6,0,n/a,0,low
SYN_E_00709,SYNTHETIC_NER,2025-07-27,Manipur,unspecified,28.54362,89.31972,996.4,32.89,274.2,forest,colluvium,20.6,65.0,102.8,75.0,13.9,1,mudslide,0,low
SYN_N_00082,SYNTHETIC_NER,2023-09-02,Sikkim,unspecified,25.97021,94.1606,459.1,27.38,194.4,cropland,weathered_rock,13.9,41.4,73.8,52.1,28.8,0,n/a,0,low
SYN_N_00568,SYNTHETIC_NER,2021-12-22,Sikkim,unspecified,21.97145,93.24522,4019.0,30.72,126.6,forest,colluvium,6.6,14.4,23.9,17.6,21.4,0,n/a,0,low
SYN_E_00972,SYNTHETIC_NER,2018-03-12,Manipur,unspecified,26.67563,91.71332,2721.3,25.64,276.4,cropland,residual_soil,46.4,115.6,172.4,130.2,37.1,1,debris flow,0,low
SYN_N_01475,SYNTHETIC_NER,2024-04-10,Manipur,unspecified,29.47724,96.22257,2872.4,20.48,25.5,cropland,residual_soil,6.8,20.8,40.5,27.8,24.0,0,n/a,0,low
SYN_N_01480,SYNTHETIC_NER,2015-11-10,Nagaland,unspecified,28.58508,90.38477,1347.2,23.34,224.4,forest,residual_soil,15.1,30.3,64.2,44.2,19.1,0,n/a,0,low
SYN_N_00106,SYNTHETIC_NER,2023-11-16,Tripura,unspecified,25.2287,95.47306,644.9,11.16,24.9,bare,residual_soil,11.6,30.1,60.7,41.7,33.3,0,n/a,0,low
SYN_N_00200,SYNTHETIC_NER,2015-10-20,Sikkim,unspecified,21.5342,93.74473,897.8,24.07,59.3,cropland,colluvium,7.7,19.1,27.4,21.0,32.7,0,n/a,0,low
SYN_N_00208,SYNTHETIC_NER,2025-09-02,Assam,unspecified,26.61132,91.30811,298.3,3.79,139.5,cropland,colluvium,11.4,28.2,52.5,37.0,21.5,0,n/a,0,low
SYN_N_02096,SYNTHETIC_NER,2023-06-04,Meghalaya,unspecified,27.46249,88.6909,811.3,33.06,317.0,cropland,colluvium,37.7,112.3,171.5,127.0,5.0,0,n/a,0,low
SYN_N_01037,SYNTHETIC_NER,2023-06-17,Manipur,unspecified,22.86707,92.76277,1314.1,19.2,10.1,cropland,colluvium,11.9,34.7,73.0,49.3,28.9,0,n/a,0,low
SYN_N_02102,SYNTHETIC_NER,2020-08-16,Assam,unspecified,26.83279,91.57804,30.7,6.27,135.6,grassland,colluvium,7.2,18.6,29.6,21.8,21.5,0,n/a,0,low
SYN_N_00296,SYNTHETIC_NER,2016-08-05,Arunachal Pradesh,unspecified,23.2617,96.35587,1401.9,20.45,300.3,forest,colluvium,47.8,96.1,177.2,127.0,27.0,0,n/a,0,low
SYN_N_00838,SYNTHETIC_NER,2018-06-06,Meghalaya,unspecified,24.51795,93.81562,244.6,27.95,81.6,forest,colluvium,57.5,133.6,204.3,153.7,32.2,0,n/a,0,low
SYN_N_00329,SYNTHETIC_NER,2021-07-27,Sikkim,unspecified,29.10672,94.06486,2996.0,13.78,1.1,grassland,residual_soil,25.8,67.1,125.6,88.1,17.1,0,n/a,0,low
SYN_N_00463,SYNTHETIC_NER,2016-06-26,Manipur,unspecified,22.20345,90.23483,2739.2,38.38,17.6,forest,colluvium,11.9,37.1,58.7,42.9,19.9,0,n/a,0,low
SYN_N_00154,SYNTHETIC_NER,2021-06-14,Manipur,unspecified,22.71,96.13072,2637.3,10.97,193.3,forest,colluvium,16.1,48.6,89.0,62.3,22.9,0,n/a,0,low
SYN_N_02304,SYNTHETIC_NER,2015-08-09,Mizoram,unspecified,24.53418,96.68464,1811.3,25.61,200.0,cropland,residual_soil,17.1,49.1,93.5,64.9,23.7,0,n/a,0,low
SYN_N_02330,SYNTHETIC_NER,2021-07-23,Tripura,unspecified,24.17276,94.99497,308.7,18.98,126.2,forest,residual_soil,16.8,43.1,87.7,60.1,24.5,0,n/a,0,low
SYN_N_00443,SYNTHETIC_NER,2022-04-05,Tripura,unspecified,23.93527,88.51618,858.0,31.25,60.7,cropland,residual_soil,14.5,42.1,83.4,57.2,18.0,0,n/a,0,low
SYN_E_01051,SYNTHETIC_NER,2020-09-07,Mizoram,unspecified,21.93283,95.72463,1858.3,31.04,291.9,forest,residual_soil,55.0,132.5,268.7,185.1,46.8,1,debris flow,0,low
SYN_E_00795,SYNTHETIC_NER,2018-07-21,Mizoram,unspecified,22.18636,95.28043,256.2,35.01,89.4,bare,residual_soil,45.6,101.3,209.2,144.1,32.6,1,soil slide,0,low
SYN_N_01493,SYNTHETIC_NER,2017-08-05,Meghalaya,unspecified,26.59621,89.90096,1543.7,13.62,20.0,forest,colluvium,61.6,154.5,302.0,209.7,33.6,0,n/a,0,low
SYN_N_01860,SYNTHETIC_NER,2022-08-04,Sikkim,unspecified,25.72525,92.54905,4224.0,19.49,102.0,forest,colluvium,12.9,35.6,60.9,43.7,18.8,0,n/a,0,low
SYN_N_00397,SYNTHETIC_NER,2022-09-16,Arunachal Pradesh,unspecified,26.26173,88.89924,2883.4,32.85,188.0,forest,colluvium,8.1,22.5,32.7,24.7,28.8,0,n/a,0,low
SYN_N_01404,SYNTHETIC_NER,2025-09-23,Mizoram,unspecified,24.74557,92.36269,1830.7,12.18,147.7,grassland,weathered_rock,16.8,48.5,90.6,63.2,36.9,0,n/a,0,low
SYN_N_01529,SYNTHETIC_NER,2023-08-21,Sikkim,unspecified,25.76359,96.65482,1669.1,13.33,185.5,forest,weathered_rock,24.2,45.5,67.3,52.1,29.5,0,n/a,0,low
SYN_N_01425,SYNTHETIC_NER,2018-09-10,Meghalaya,unspecified,24.67381,97.41414,568.4,16.05,23.4,grassland,unknown,14.5,29.9,54.8,39.3,21.3,0,n/a,0,low
SYN_N_00619,SYNTHETIC_NER,2018-09-08,Manipur,unspecified,26.94218,92.11902,1286.7,18.54,114.0,cropland,unknown,8.3,23.6,45.6,31.5,19.2,0,n/a,0,low
SYN_N_01957,SYNTHETIC_NER,2022-08-09,Mizoram,unspecified,28.36924,92.40424,925.6,39.72,203.1,forest,colluvium,29.0,75.4,132.0,94.4,11.8,0,n/a,0,low
SYN_N_02114,SYNTHETIC_NER,2017-06-21,Tripura,unspecified,23.94527,88.59487,59.3,33.25,289.6,forest,weathered_rock,19.3,51.9,97.3,68.1,17.3,0,n/a,0,low
SYN_N_00522,SYNTHETIC_NER,2016-06-10,Arunachal Pradesh,unspecified,26.57447,95.69168,536.4,24.05,128.7,cropland,colluvium,19.6,40.6,86.1,59.1,29.1,0,n/a,0,low
SYN_E_01183,SYNTHETIC_NER,2025-06-04,Manipur,unspecified,25.47521,95.74463,1795.3,31.82,309.4,forest,weathered_rock,42.3,104.1,158.1,118.7,18.1,1,debris flow,0,low
SYN_N_01372,SYNTHETIC_NER,2023-08-18,Nagaland,unspecified,23.67925,89.92139,729.2,27.68,242.4,forest,colluvium,26.0,68.4,139.9,95.7,29.5,0,n/a,0,low
SYN_E_01059,SYNTHETIC_NER,2015-02-26,Mizoram,unspecified,26.83084,89.32724,603.3,23.29,326.1,forest,weathered_rock,44.7,134.8,262.3,180.5,40.8,1,debris flow,0,low
SYN_E_00540,SYNTHETIC_NER,2024-08-18,Tripura,unspecified,24.38896,93.01217,672.6,36.98,274.5,forest,residual_soil,42.1,80.2,116.3,90.7,39.4,1,debris flow,0,low
SYN_N_02042,SYNTHETIC_NER,2018-08-26,Meghalaya,unspecified,28.40368,89.29889,1881.4,15.46,78.3,forest,colluvium,76.3,197.0,318.9,233.8,24.4,0,n/a,0,low
SYN_N_00478,SYNTHETIC_NER,2022-09-07,Mizoram,unspecified,24.61157,94.44994,1967.7,4.63,283.0,built-up,colluvium,24.2,47.6,90.4,64.3,17.5,0,n/a,0,low
SYN_N_01596,SYNTHETIC_NER,2025-06-10,Arunachal Pradesh,unspecified,28.71962,96.40691,2830.1,42.01,310.8,forest,residual_soil,3.3,9.7,16.3,11.7,9.2,0,n/a,0,low
SYN_N_02265,SYNTHETIC_NER,2019-09-27,Mizoram,unspecified,21.69189,96.34589,883.3,22.94,194.0,forest,residual_soil,30.8,80.5,159.3,109.9,22.5,0,n/a,0,low
SYN_N_01332,SYNTHETIC_NER,2020-09-04,Mizoram,unspecified,21.70236,90.63967,103.0,17.38,140.0,cropland,colluvium,20.6,52.8,93.2,66.5,19.8,0,n/a,0,low
SYN_N_00557,SYNTHETIC_NER,2016-03-16,Tripura,unspecified,22.25214,91.24054,724.6,13.6,245.1,bare,residual_soil,11.7,21.3,32.2,24.8,23.7,0,n/a,0,low
SYN_N_00723,SYNTHETIC_NER,2022-08-11,Arunachal Pradesh,unspecified,28.26148,91.56681,2259.0,12.16,208.6,forest,residual_soil,19.8,53.0,102.5,71.1,22.6,0,n/a,0,low
SYN_E_00095,SYNTHETIC_NER,2023-08-20,Mizoram,unspecified,23.96103,90.84169,518.9,27.68,14.2,grassland,residual_soil,39.1,109.1,206.0,143.5,37.6,1,mudslide,0,low
SYN_E_01020,SYNTHETIC_NER,2021-08-26,Assam,unspecified,29.34694,96.12883,38.1,37.87,176.6,bare,colluvium,34.6,95.9,134.7,103.0,46.7,1,debris flow,0,low
SYN_E_00563,SYNTHETIC_NER,2025-07-22,Meghalaya,unspecified,25.88226,90.93919,1243.1,34.55,251.3,grassland,weathered_rock,101.3,319.6,675.7,454.0,41.0,1,soil slide,0,low
SYN_N_02112,SYNTHETIC_NER,2024-09-04,Tripura,unspecified,27.36739,93.16947,227.5,32.2,309.7,bare,residual_soil,14.7,35.8,63.2,45.3,18.7,0,n/a,0,low
SYN_N_01590,SYNTHETIC_NER,2017-06-25,Sikkim,unspecified,26.47611,90.06737,1057.9,14.17,132.4,forest,colluvium,21.6,43.9,88.3,61.7,16.7,0,n/a,0,low
SYN_E_00863,SYNTHETIC_NER,2015-07-26,Sikkim,unspecified,25.35478,93.4918,1023.7,42.65,344.3,forest,weathered_rock,36.4,71.1,133.5,95.4,32.4,1,soil slide,0,low
SYN_N_00284,SYNTHETIC_NER,2015-07-20,Manipur,unspecified,22.43976,88.32263,1623.5,30.49,127.1,forest,residual_soil,17.1,36.4,58.6,43.6,30.0,0,n/a,0,low
SYN_N_01739,SYNTHETIC_NER,2023-09-11,Manipur,unspecified,29.02964,96.18004,1200.2,13.46,317.2,forest,weathered_rock,15.6,45.1,74.6,54.0,33.2,0,n/a,0,low
SYN_N_00681,SYNTHETIC_NER,2018-09-08,Sikkim,unspecified,23.64593,94.49768,2319.8,32.02,215.4,built-up,residual_soil,9.3,29.4,44.0,32.7,24.4,0,n/a,0,low
SYN_E_01038,SYNTHETIC_NER,2020-06-12,Manipur,unspecified,28.1673,89.94885,816.7,30.28,43.3,forest,colluvium,21.2,57.9,105.6,74.4,15.6,1,debris flow,1,low
SYN_E_00206,SYNTHETIC_NER,2016-06-13,Sikkim,unspecified,23.81283,94.6501,4027.5,26.5,2.6,forest,colluvium,47.7,113.0,235.6,161.2,37.8,1,mudslide,0,low
SYN_E_00392,SYNTHETIC_NER,2021-08-23,Mizoram,unspecified,26.44389,92.17413,137.2,40.35,133.6,bare,weathered_rock,41.5,83.2,183.0,124.8,33.3,1,soil slide,0,low
SYN_N_01642,SYNTHETIC_NER,2025-09-20,Mizoram,unspecified,29.21632,96.95366,483.5,19.11,77.2,forest,colluvium,7.4,16.0,22.9,17.7,21.5,0,n/a,0,low
SYN_E_00870,SYNTHETIC_NER,2025-03-15,Manipur,unspecified,28.93653,95.62077,2619.4,27.57,106.5,built-up,residual_soil,20.0,41.7,91.5,62.3,35.9,1,soil slide,0,low
SYN_E_00397,SYNTHETIC_NER,2020-08-18,Meghalaya,unspecified,25.72882,90.52098,1538.9,12.89,346.9,bare,unknown,88.6,209.2,371.2,266.1,23.2,1,soil slide,0,low
SYN_N_01614,SYNTHETIC_NER,2023-06-20,Assam,unspecified,21.83507,97.24068,76.0,31.84,161.6,grassland,residual_soil,15.3,42.6,79.3,55.5,20.7,0,n/a,0,low
SYN_N_02254,SYNTHETIC_NER,2021-07-18,Sikkim,unspecified,27.68931,89.10664,1467.2,41.91,344.7,cropland,colluvium,21.0,59.9,128.5,86.4,20.1,0,n/a,0,low
SYN_N_02089,SYNTHETIC_NER,2017-09-04,Arunachal Pradesh,unspecified,22.34604,94.7135,3626.3,23.33,88.9,forest,weathered_rock,3.5,9.1,14.0,10.4,24.4,0,n/a,0,low
SYN_E_01028,SYNTHETIC_NER,2022-09-06,Nagaland,unspecified,28.48601,93.5284,3542.9,39.05,215.9,grassland,weathered_rock,29.6,84.5,143.0,102.8,45.2,1,debris flow,0,low
SYN_N_01490,SYNTHETIC_NER,2018-09-02,Manipur,unspecified,24.09451,92.08597,1020.0,27.76,277.3,forest,residual_soil,13.0,41.0,57.9,43.9,35.1,0,n/a,0,low
SYN_N_00285,SYNTHETIC_NER,2015-08-05,Nagaland,unspecified,23.97849,89.84687,3174.6,27.3,296.0,forest,weathered_rock,11.3,29.1,57.1,39.5,41.2,0,n/a,0,low
SYN_N_01460,SYNTHETIC_NER,2021-10-18,Sikkim,unspecified,26.72648,90.6642,4863.5,27.17,293.8,forest,weathered_rock,14.8,44.0,80.2,56.3,27.4,0,n/a,0,low
SYN_E_00960,SYNTHETIC_NER,2022-09-10,Meghalaya,unspecified,23.21956,97.13599,1031.6,32.72,356.6,forest,colluvium,153.1,333.8,652.6,457.1,30.3,1,mudslide,0,low
SYN_N_00370,SYNTHETIC_NER,2022-06-18,Arunachal Pradesh,unspecified,22.354,91.57419,461.2,19.68,289.5,grassland,colluvium,15.5,40.7,62.6,46.6,18.3,0,n/a,0,low
SYN_N_01573,SYNTHETIC_NER,2017-07-10,Mizoram,unspecified,27.70334,91.20648,1857.1,16.12,80.9,forest,unknown,12.6,38.5,55.4,41.8,22.9,0,n/a,0,low
SYN_N_00695,SYNTHETIC_NER,2022-08-26,Nagaland,unspecified,24.99295,93.14423,1054.4,23.19,9.6,forest,residual_soil,15.7,37.5,55.9,42.4,11.9,0,n/a,0,low
SYN_N_01531,SYNTHETIC_NER,2024-06-08,Tripura,unspecified,22.45406,92.12514,795.7,14.85,22.7,forest,residual_soil,12.0,33.2,50.3,37.5,32.5,0,n/a,0,low
SYN_N_00946,SYNTHETIC_NER,2016-07-22,Manipur,unspecified,27.22743,89.6172,867.8,20.54,49.3,forest,residual_soil,15.7,34.9,66.4,46.8,26.7,0,n/a,0,low
SYN_E_00804,SYNTHETIC_NER,2019-08-12,Tripura,unspecified,25.67802,88.55412,462.3,25.15,280.7,forest,colluvium,60.7,186.1,264.5,200.2,46.0,1,soil slide,0,low
SYN_N_00551,SYNTHETIC_NER,2019-07-08,Arunachal Pradesh,unspecified,27.5005,96.62363,1032.3,15.24,228.2,cropland,residual_soil,23.8,45.9,76.7,56.8,33.8,0,n/a,0,low
SYN_N_01254,SYNTHETIC_NER,2020-04-04,Sikkim,unspecified,24.07527,93.97288,2347.8,27.19,155.2,forest,unknown,34.4,85.6,138.1,101.6,40.9,0,n/a,0,low
SYN_E_00502,SYNTHETIC_NER,2016-06-03,Arunachal Pradesh,unspecified,26.89577,94.63634,4301.4,45.74,189.0,forest,unknown,42.4,111.9,181.3,132.7,22.5,1,soil slide,0,low
SYN_N_01919,SYNTHETIC_NER,2017-06-12,Manipur,unspecified,26.63158,95.47173,1607.6,19.31,79.2,cropland,residual_soil,9.8,18.4,39.7,27.3,21.0,0,n/a,0,low
SYN_N_01904,SYNTHETIC_NER,2021-07-23,Arunachal Pradesh,unspecified,23.6106,91.83514,1977.4,13.1,292.2,bare,residual_soil,10.1,30.9,46.6,34.6,24.5,0,n/a,0,low
SYN_N_01777,SYNTHETIC_NER,2018-07-11,Mizoram,unspecified,28.65492,94.49647,423.2,16.77,288.7,cropland,residual_soil,4.6,11.3,20.9,14.8,15.0,0,n/a,0,low
SYN_E_00779,SYNTHETIC_NER,2023-07-11,Sikkim,unspecified,28.6366,90.64599,2654.0,29.43,230.9,built-up,residual_soil,40.7,113.4,238.9,161.6,30.2,1,rock slide,1,low
SYN_N_00663,SYNTHETIC_NER,2022-06-07,Tripura,unspecified,24.07698,90.51735,700.3,12.91,160.9,forest,colluvium,9.7,27.5,42.2,31.3,20.2,0,n/a,0,low
SYN_E_00200,SYNTHETIC_NER,2025-08-01,Mizoram,unspecified,23.86048,95.49601,912.5,32.88,200.0,cropland,unknown,33.2,92.7,203.7,136.3,38.6,1,mudslide,0,low
SYN_N_00982,SYNTHETIC_NER,2023-07-04,Nagaland,unspecified,22.48421,88.88022,1509.8,6.66,22.8,grassland,residual_soil,19.7,58.5,86.8,64.9,29.4,0,n/a,0,low
SYN_N_01899,SYNTHETIC_NER,2022-07-01,Mizoram,unspecified,26.03853,92.00781,154.7,11.3,156.8,cropland,unknown,18.2,40.6,82.2,56.9,27.7,0,n/a,0,low
SYN_N_00888,SYNTHETIC_NER,2023-08-20,Assam,unspecified,21.77663,90.81701,84.7,37.4,71.9,forest,colluvium,7.3,15.3,25.6,18.9,27.7,0,n/a,0,low
SYN_N_01865,SYNTHETIC_NER,2025-07-05,Assam,unspecified,26.21378,94.10629,421.5,15.03,53.6,cropland,residual_soil,27.9,58.6,92.4,69.3,20.6,0,n/a,0,low
SYN_N_01078,SYNTHETIC_NER,2021-08-08,Sikkim,unspecified,26.58107,96.76083,4499.1,9.41,89.7,forest,residual_soil,9.9,25.6,47.7,33.5,27.6,0,n/a,0,low
SYN_N_00596,SYNTHETIC_NER,2016-09-22,Sikkim,unspecified,24.03234,97.12601,4236.5,30.28,273.7,grassland,weathered_rock,0.0,0.0,0.0,0.0,24.6,0,n/a,0,low
SYN_E_00378,SYNTHETIC_NER,2019-06-24,Manipur,unspecified,22.55714,96.56821,1345.1,39.95,196.9,forest,weathered_rock,25.3,68.2,122.1,86.5,44.2,1,debris flow,0,low
SYN_N_01136,SYNTHETIC_NER,2024-06-21,Meghalaya,unspecified,25.19159,97.24656,1171.2,21.08,208.0,forest,colluvium,104.6,294.7,647.8,433.2,20.9,0,n/a,0,low
SYN_E_00418,SYNTHETIC_NER,2022-10-06,Mizoram,unspecified,28.77099,94.67903,1822.5,22.15,336.9,cropland,colluvium,37.3,87.6,175.3,121.4,35.1,1,mudslide,0,low
SYN_N_00498,SYNTHETIC_NER,2021-07-12,Sikkim,unspecified,25.77215,89.13581,2510.1,22.62,211.7,forest,residual_soil,21.6,48.5,79.0,58.4,18.4,0,n/a,0,low
SYN_E_00391,SYNTHETIC_NER,2018-07-02,Meghalaya,unspecified,26.57104,96.60872,1687.6,20.89,351.6,cropland,unknown,150.6,457.3,653.6,494.1,39.6,1,soil slide,2,low
SYN_N_01440,SYNTHETIC_NER,2023-08-05,Nagaland,unspecified,26.14361,93.82845,3490.1,21.08,187.7,forest,colluvium,6.8,13.8,26.6,18.8,25.6,0,n/a,0,low
SYN_N_00322,SYNTHETIC_NER,2024-09-22,Sikkim,unspecified,29.4415,97.12377,1266.1,24.07,182.7,forest,residual_soil,17.5,35.0,56.2,42.1,21.2,0,n/a,0,low
SYN_E_01162,SYNTHETIC_NER,2024-03-10,Sikkim,unspecified,22.98697,92.02745,485.1,32.94,284.9,cropland,weathered_rock,80.7,193.6,371.0,259.7,39.0,1,soil slide,0,low
SYN_N_01934,SYNTHETIC_NER,2017-08-04,Sikkim,unspecified,21.65379,90.21376,1628.4,20.74,162.2,cropland,residual_soil,9.0,17.2,32.7,23.3,23.7,0,n/a,0,low
SYN_N_00295,SYNTHETIC_NER,2017-09-18,Meghalaya,unspecified,23.3486,96.04533,514.1,19.47,62.2,grassland,residual_soil,71.0,221.8,339.9,250.7,21.9,0,n/a,0,low
SYN_N_01495,SYNTHETIC_NER,2016-09-25,Manipur,unspecified,27.866,95.70728,1874.9,20.14,258.5,built-up,weathered_rock,1.2,3.7,6.4,4.5,24.0,0,n/a,0,low
SYN_N_00827,SYNTHETIC_NER,2019-07-04,Mizoram,unspecified,25.64371,90.35087,1323.4,35.56,210.1,forest,residual_soil,15.0,47.5,104.0,69.2,36.3,0,n/a,0,low
SYN_E_01152,SYNTHETIC_NER,2020-08-09,Manipur,unspecified,29.25657,92.20353,828.6,34.41,340.8,bare,colluvium,29.7,91.6,136.6,101.7,42.2,1,debris flow,0,low
SYN_N_00167,SYNTHETIC_NER,2023-04-01,Meghalaya,unspecified,28.28577,95.39009,163.7,22.21,174.6,forest,unknown,43.6,124.8,240.1,166.2,22.4,0,n/a,0,low
SYN_N_01368,SYNTHETIC_NER,2025-09-15,Manipur,unspecified,28.27594,90.56692,1731.6,10.92,204.9,built-up,residual_soil,10.9,28.8,52.9,37.3,26.7,0,n/a,0,low
SYN_E_00064,SYNTHETIC_NER,2018-09-24,Manipur,unspecified,29.16812,94.74516,1303.9,36.87,228.8,grassland,colluvium,52.7,112.0,159.2,123.7,53.2,1,soil slide,0,low
SYN_N_00862,SYNTHETIC_NER,2025-09-03,Arunachal Pradesh,unspecified,23.19474,91.9714,2797.3,25.46,354.4,grassland,colluvium,9.7,24.1,44.1,31.2,23.2,0,n/a,0,low
SYN_E_01180,SYNTHETIC_NER,2018-07-22,Nagaland,unspecified,25.74863,95.34075,621.6,26.6,101.9,cropland,colluvium,28.5,80.8,170.3,115.1,49.5,1,soil slide,0,low
SYN_N_01912,SYNTHETIC_NER,2019-08-02,Tripura,unspecified,26.46362,91.19581,753.2,14.3,61.4,cropland,unknown,6.6,17.5,26.3,19.7,24.1,0,n/a,0,low
SYN_E_00492,SYNTHETIC_NER,2015-06-21,Sikkim,unspecified,22.17343,94.62332,2400.8,26.42,348.7,cropland,residual_soil,63.7,183.4,387.0,261.3,47.9,1,debris flow,0,low
SYN_E_00379,SYNTHETIC_NER,2016-07-09,Mizoram,unspecified,24.57459,94.72999,796.6,31.6,50.9,forest,colluvium,42.9,111.6,200.0,142.1,34.5,1,mudslide,0,low
SYN_N_01035,SYNTHETIC_NER,2015-09-26,Tripura,unspecified,28.49146,88.9196,267.0,19.41,142.6,cropland,colluvium,8.3,22.2,33.1,24.9,8.7,0,n/a,0,low
SYN_E_00763,SYNTHETIC_NER,2023-07-23,Arunachal Pradesh,unspecified,22.19295,90.5456,3664.7,25.96,116.7,forest,weathered_rock,28.3,82.4,149.7,105.2,33.1,1,mudslide,0,low
SYN_N_01064,SYNTHETIC_NER,2025-05-01,Manipur,unspecified,29.19567,90.35015,926.6,14.8,138.8,grassland,colluvium,17.9,42.1,73.0,52.7,30.3,0,n/a,0,low
SYN_E_00791,SYNTHETIC_NER,2020-09-04,Manipur,unspecified,21.71252,91.16647,1139.9,39.15,124.0,cropland,colluvium,33.0,60.1,93.8,71.5,44.1,1,soil slide,0,low
SYN_E_01076,SYNTHETIC_NER,2019-09-08,Tripura,unspecified,22.57886,94.23354,809.3,43.55,337.0,forest,weathered_rock,38.8,110.1,196.4,139.0,39.7,1,mudslide,0,low
SYN_E_00878,SYNTHETIC_NER,2015-07-02,Nagaland,unspecified,22.1405,96.43787,823.5,35.97,345.3,forest,unknown,30.3,89.4,182.9,124.4,36.3,1,soil slide,0,low
SYN_E_00337,SYNTHETIC_NER,2024-09-17,Mizoram,unspecified,25.57599,89.06035,427.7,43.94,354.7,forest,colluvium,34.3,96.0,154.1,112.7,49.7,1,debris flow,0,low
SYN_N_01567,SYNTHETIC_NER,2015-08-12,Tripura,unspecified,29.20894,88.62687,605.1,15.68,35.0,cropland,colluvium,29.1,76.0,129.8,93.5,38.7,0,n/a,0,low
SYN_N_01143,SYNTHETIC_NER,2021-08-24,Arunachal Pradesh,unspecified,28.37119,91.22355,4208.9,27.85,20.4,grassland,weathered_rock,18.2,39.6,61.3,46.2,18.9,0,n/a,0,low
SYN_E_01016,SYNTHETIC_NER,2016-07-13,Manipur,unspecified,22.94046,89.51874,2664.6,29.2,337.9,grassland,weathered_rock,35.2,88.1,134.4,100.7,32.1,1,debris flow,0,low
SYN_N_00075,SYNTHETIC_NER,2024-09-26,Arunachal Pradesh,unspecified,25.11764,89.09579,793.5,2.0,55.0,grassland,unknown,34.3,99.5,140.0,106.7,24.9,0,n/a,0,low
SYN_E_00455,SYNTHETIC_NER,2020-07-10,Nagaland,unspecified,27.25042,89.24693,2178.2,39.64,283.3,grassland,residual_soil,24.9,46.0,77.3,57.4,35.5,1,debris flow,0,low
SYN_N_02142,SYNTHETIC_NER,2023-06-17,Mizoram,unspecified,23.22097,92.29175,1884.1,12.29,315.5,cropland,residual_soil,1.2,2.4,5.1,3.5,10.2,0,n/a,0,low
SYN_E_00815,SYNTHETIC_NER,2020-03-16,Sikkim,unspecified,27.78903,88.55618,2973.4,30.97,286.3,cropland,colluvium,38.4,78.5,136.3,99.4,33.5,1,debris flow,0,low
SYN_N_01117,SYNTHETIC_NER,2023-08-20,Mizoram,unspecified,27.245,95.71066,1782.3,17.0,72.2,cropland,colluvium,7.2,22.3,44.7,30.5,28.6,0,n/a,0,low
SYN_E_00995,SYNTHETIC_NER,2020-10-11,Tripura,unspecified,23.65416,94.22914,311.1,43.61,264.7,forest,residual_soil,37.5,99.0,196.6,135.5,41.5,1,mudslide,0,low
SYN_N_00781,SYNTHETIC_NER,2023-07-01,Manipur,unspecified,28.66157,95.15469,1078.7,24.15,47.1,forest,colluvium,4.1,9.8,18.9,13.2,22.6,0,n/a,0,low
SYN_E_00201,SYNTHETIC_NER,2025-07-14,Arunachal Pradesh,unspecified,22.14617,94.87494,724.2,39.28,198.8,grassland,residual_soil,44.9,85.1,152.7,110.9,36.2,1,debris flow,0,low
SYN_E_00161,SYNTHETIC_NER,2025-06-22,Tripura,unspecified,24.95868,95.85379,600.1,28.43,327.3,bare,colluvium,37.2,88.3,162.7,115.3,32.3,1,mudslide,0,low
SYN_N_00379,SYNTHETIC_NER,2023-07-14,Assam,unspecified,28.13756,94.53754,51.8,22.12,25.0,cropland,unknown,19.3,58.7,89.2,66.1,26.0,0,n/a,0,low
SYN_N_01577,SYNTHETIC_NER,2018-09-23,Nagaland,unspecified,23.15812,89.4631,2230.1,26.19,175.6,cropland,colluvium,14.9,38.0,74.9,51.8,18.2,0,n/a,0,low
SYN_N_01249,SYNTHETIC_NER,2022-09-20,Tripura,unspecified,22.63957,88.81601,887.0,24.13,315.2,cropland,unknown,9.1,27.6,41.4,30.8,32.7,0,n/a,0,low
SYN_E_00702,SYNTHETIC_NER,2023-09-17,Meghalaya,unspecified,26.46105,94.06267,1128.6,36.74,202.5,forest,colluvium,138.3,429.9,670.1,491.6,44.3,1,debris flow,0,low
SYN_N_00300,SYNTHETIC_NER,2024-04-23,Nagaland,unspecified,25.79299,91.90949,2468.9,2.82,23.1,forest,weathered_rock,18.7,51.3,92.3,65.3,14.7,0,n/a,0,low
SYN_E_01129,SYNTHETIC_NER,2020-06-09,Tripura,unspecified,27.88456,90.72815,457.7,38.3,298.9,grassland,residual_soil,24.6,78.2,139.3,98.0,39.2,1,soil slide,0,low
SYN_N_01413,SYNTHETIC_NER,2016-07-22,Tripura,unspecified,23.01152,96.17481,538.0,19.6,62.0,forest,residual_soil,0.0,0.0,0.0,0.0,22.7,0,n/a,0,low
SYN_N_02261,SYNTHETIC_NER,2025-07-16,Arunachal Pradesh,unspecified,21.68203,94.91585,1752.7,16.77,104.6,forest,colluvium,8.4,23.3,41.3,29.3,22.9,0,n/a,0,low
SYN_E_01021,SYNTHETIC_NER,2019-03-26,Assam,unspecified,25.83961,95.72909,132.7,42.33,4.8,grassland,colluvium,28.1,64.5,112.0,81.0,37.2,1,mudslide,0,low
SYN_N_01873,SYNTHETIC_NER,2021-08-11,Sikkim,unspecified,27.39159,93.19234,3555.2,18.03,323.3,bare,residual_soil,25.4,69.5,148.8,100.3,19.0,0,n/a,0,low
SYN_N_02259,SYNTHETIC_NER,2020-05-16,Arunachal Pradesh,unspecified,27.66172,88.47556,823.8,20.24,74.6,forest,weathered_rock,15.9,31.0,51.0,38.0,24.0,0,n/a,0,low
SYN_N_00385,SYNTHETIC_NER,2024-09-25,Meghalaya,unspecified,21.80573,95.05808,302.5,14.45,12.3,cropland,colluvium,31.4,91.9,166.1,116.9,34.3,0,n/a,0,low
SYN_N_00755,SYNTHETIC_NER,2018-05-19,Sikkim,unspecified,27.2913,96.96827,1722.0,38.0,261.1,cropland,residual_soil,34.6,70.0,130.6,93.2,15.3,0,n/a,0,low
SYN_N_01952,SYNTHETIC_NER,2024-03-04,Mizoram,unspecified,27.57092,89.82234,363.5,30.71,231.3,bare,weathered_rock,18.1,54.6,97.6,68.8,24.2,0,n/a,0,low
SYN_N_01053,SYNTHETIC_NER,2023-08-10,Manipur,unspecified,22.55296,91.42797,835.2,2.0,303.1,cropland,residual_soil,14.1,38.4,76.7,52.7,18.3,0,n/a,0,low
SYN_E_00034,SYNTHETIC_NER,2021-07-14,Arunachal Pradesh,unspecified,23.66557,92.95823,230.2,27.02,113.3,cropland,colluvium,30.6,79.1,135.1,97.4,43.1,1,debris flow,0,low
SYN_E_00775,SYNTHETIC_NER,2023-02-08,Arunachal Pradesh,unspecified,29.03646,90.04267,511.6,36.16,159.2,forest,residual_soil,48.5,125.8,217.0,155.9,35.9,1,soil slide,0,low
SYN_N_01356,SYNTHETIC_NER,2019-08-17,Tripura,unspecified,29.20765,93.52634,187.5,15.93,36.6,forest,weathered_rock,12.2,36.6,66.7,46.8,27.7,0,n/a,0,low
SYN_N_02299,SYNTHETIC_NER,2017-12-23,Mizoram,unspecified,28.78624,88.40099,892.0,18.29,290.4,grassland,colluvium,28.2,69.2,111.1,81.9,23.1,0,n/a,0,low
SYN_N_00278,SYNTHETIC_NER,2019-12-13,Manipur,unspecified,22.57791,91.7782,2729.5,18.07,215.1,bare,weathered_rock,11.2,29.8,52.5,37.4,23.0,0,n/a,0,low
SYN_N_01803,SYNTHETIC_NER,2015-07-26,Assam,unspecified,25.29203,94.34273,119.1,31.05,37.4,built-up,unknown,12.5,39.5,84.3,56.5,10.2,0,n/a,0,low
SYN_N_00190,SYNTHETIC_NER,2015-10-06,Mizoram,unspecified,22.36213,94.7698,518.9,21.93,359.8,forest,residual_soil,12.2,28.9,43.0,32.6,20.5,0,n/a,0,low
SYN_N_00939,SYNTHETIC_NER,2015-07-08,Sikkim,unspecified,26.83012,97.44778,1932.4,25.49,144.5,forest,residual_soil,0.7,1.7,3.3,2.3,24.5,0,n/a,0,low
SYN_N_00163,SYNTHETIC_NER,2022-01-25,Arunachal Pradesh,unspecified,27.71725,96.06603,3815.3,18.04,137.6,grassland,residual_soil,28.7,62.1,112.8,80.7,34.6,0,n/a,0,low
SYN_N_01745,SYNTHETIC_NER,2017-09-20,Sikkim,unspecified,26.46174,95.2447,860.7,22.49,17.1,cropland,residual_soil,15.0,40.6,59.2,44.8,21.0,0,n/a,0,low
SYN_N_01412,SYNTHETIC_NER,2025-08-02,Meghalaya,unspecified,22.47731,93.60908,430.4,34.15,293.5,grassland,residual_soil,32.9,81.1,133.9,97.9,28.9,0,n/a,0,low
SYN_N_02217,SYNTHETIC_NER,2016-09-05,Meghalaya,unspecified,28.28064,96.32267,1227.3,8.76,227.7,cropland,weathered_rock,24.1,74.1,120.4,87.2,41.0,0,n/a,0,low
SYN_N_01624,SYNTHETIC_NER,2025-06-16,Assam,unspecified,26.80038,89.51238,573.2,14.47,215.4,forest,residual_soil,31.5,76.5,160.4,109.4,22.8,0,n/a,0,low
SYN_N_00841,SYNTHETIC_NER,2021-04-05,Sikkim,unspecified,22.05465,88.48099,1293.6,26.34,136.5,forest,colluvium,25.7,51.7,102.7,72.0,15.4,0,n/a,0,low
SYN_E_00241,SYNTHETIC_NER,2017-07-02,Nagaland,unspecified,22.93909,96.34464,1167.4,33.5,255.7,cropland,weathered_rock,45.3,113.1,184.4,135.2,53.8,1,soil slide,0,low
SYN_N_00861,SYNTHETIC_NER,2023-07-24,Sikkim,unspecified,22.55588,97.10835,1445.4,47.16,127.9,built-up,residual_soil,27.3,81.5,161.7,110.7,14.8,0,n/a,0,low
SYN_N_01163,SYNTHETIC_NER,2020-09-11,Meghalaya,unspecified,21.98135,95.41494,1484.1,6.93,89.9,cropland,residual_soil,127.7,288.0,564.4,394.2,14.9,0,n/a,0,low
SYN_E_00600,SYNTHETIC_NER,2017-04-18,Nagaland,unspecified,23.57803,96.31667,2825.4,26.59,3.9,forest,colluvium,58.9,170.0,316.5,221.1,26.8,1,soil slide,0,low
SYN_N_01235,SYNTHETIC_NER,2023-04-18,Tripura,unspecified,27.38227,90.79743,426.1,26.86,47.8,forest,residual_soil,19.4,46.1,68.1,51.8,22.9,0,n/a,0,low
SYN_N_00097,SYNTHETIC_NER,2022-07-02,Manipur,unspecified,21.82321,90.56536,2898.3,23.3,161.5,cropland,residual_soil,2.5,7.3,15.5,10.4,19.1,0,n/a,0,low
SYN_N_01014,SYNTHETIC_NER,2024-08-19,Nagaland,unspecified,28.9866,97.11171,1692.7,22.79,123.0,forest,colluvium,2.9,5.5,9.9,7.2,28.3,0,n/a,0,low
SYN_N_01688,SYNTHETIC_NER,2022-07-05,Meghalaya,unspecified,28.47376,92.3882,1730.8,16.71,353.3,grassland,weathered_rock,51.1,154.1,301.2,207.1,28.7,0,n/a,0,low
SYN_N_00868,SYNTHETIC_NER,2023-08-25,Tripura,unspecified,24.80354,90.36234,515.3,7.68,84.8,bare,unknown,6.2,17.4,26.2,19.6,22.7,0,n/a,0,low
SYN_E_00646,SYNTHETIC_NER,2025-09-18,Manipur,unspecified,27.22599,89.89263,1673.3,33.24,341.1,built-up,weathered_rock,36.6,83.3,142.8,103.7,45.6,1,soil slide,1,low
SYN_N_02002,SYNTHETIC_NER,2024-09-23,Assam,unspecified,22.28776,90.28594,388.6,27.67,1.9,cropland,residual_soil,2.9,6.7,10.2,7.7,13.0,0,n/a,0,low
SYN_N_00328,SYNTHETIC_NER,2024-09-09,Sikkim,unspecified,21.61519,94.3223,453.9,26.71,196.7,forest,weathered_rock,10.8,34.0,48.9,36.8,21.0,0,n/a,0,low
SYN_N_01679,SYNTHETIC_NER,2021-08-02,Tripura,unspecified,21.75031,90.80326,849.0,8.66,227.6,cropland,residual_soil,14.6,35.4,74.0,50.6,18.0,0,n/a,0,low
SYN_N_00067,SYNTHETIC_NER,2022-06-09,Manipur,unspecified,23.53548,96.049,803.1,9.57,19.8,forest,residual_soil,2.6,8.0,15.5,10.6,15.8,0,n/a,0,low
SYN_N_00699,SYNTHETIC_NER,2021-06-15,Manipur,unspecified,26.70884,96.63102,1119.8,21.99,127.9,forest,residual_soil,11.5,29.0,48.1,35.1,15.4,0,n/a,0,low
SYN_E_00562,SYNTHETIC_NER,2015-08-16,Manipur,unspecified,25.02569,96.62281,1168.1,36.8,208.1,forest,colluvium,29.5,85.1,152.3,107.6,25.5,1,debris flow,0,low
SYN_N_02354,SYNTHETIC_NER,2025-09-25,Meghalaya,unspecified,22.10106,92.33255,291.0,12.09,192.2,forest,unknown,39.4,118.8,184.1,135.6,37.8,0,n/a,0,low
SYN_N_01534,SYNTHETIC_NER,2020-07-02,Arunachal Pradesh,unspecified,27.3073,91.48656,4651.7,3.31,24.6,forest,colluvium,15.0,38.0,80.3,54.6,24.7,0,n/a,0,low
SYN_N_01805,SYNTHETIC_NER,2022-08-13,Sikkim,unspecified,24.62974,92.41265,2779.1,23.27,262.2,cropland,colluvium,8.2,15.7,31.2,21.9,27.0,0,n/a,0,low
SYN_E_00189,SYNTHETIC_NER,2016-09-18,Mizoram,unspecified,23.07584,88.72544,807.0,26.14,72.8,forest,residual_soil,19.7,39.4,71.6,51.5,30.2,1,soil slide,0,low
SYN_N_00606,SYNTHETIC_NER,2016-06-17,Nagaland,unspecified,28.36942,93.84802,1578.4,31.17,291.9,bare,weathered_rock,15.2,47.5,73.2,53.9,7.2,0,n/a,0,low
SYN_E_00975,SYNTHETIC_NER,2018-09-20,Meghalaya,unspecified,23.16379,94.39414,1806.1,31.87,102.1,forest,residual_soil,93.2,280.4,393.1,299.3,36.4,1,soil slide,0,low
SYN_N_01547,SYNTHETIC_NER,2021-07-26,Manipur,unspecified,25.71728,88.17468,1388.5,14.63,277.5,forest,colluvium,26.5,84.0,137.8,99.4,26.6,0,n/a,0,low
SYN_N_02347,SYNTHETIC_NER,2021-06-20,Mizoram,unspecified,26.60082,88.56407,1249.4,30.0,65.1,grassland,residual_soil,22.6,43.3,93.6,64.3,27.8,0,n/a,0,low
SYN_N_00847,SYNTHETIC_NER,2024-07-14,Manipur,unspecified,26.31628,96.26518,2863.2,10.86,129.0,forest,residual_soil,26.0,69.7,150.1,101.1,22.5,0,n/a,0,low
SYN_N_01358,SYNTHETIC_NER,2023-08-27,Manipur,unspecified,23.01068,90.4872,916.8,21.12,263.4,grassland,colluvium,22.4,42.6,89.7,62.1,24.4,0,n/a,0,low
SYN_E_01082,SYNTHETIC_NER,2016-09-08,Arunachal Pradesh,unspecified,28.16662,94.39245,577.9,38.01,189.8,forest,residual_soil,55.6,136.8,269.3,186.8,47.4,1,soil slide,0,low
SYN_E_00474,SYNTHETIC_NER,2015-06-09,Tripura,unspecified,26.14892,96.73658,158.2,34.93,283.2,grassland,unknown,24.3,57.0,83.9,63.9,36.8,1,rock slide,3,low
SYN_N_01704,SYNTHETIC_NER,2017-03-23,Assam,unspecified,28.56953,93.15824,508.2,6.61,203.6,built-up,weathered_rock,8.9,24.2,39.5,28.8,26.5,0,n/a,0,low
SYN_E_00747,SYNTHETIC_NER,2023-05-17,Mizoram,unspecified,24.68355,91.08354,1253.0,34.26,254.0,cropland,weathered_rock,51.1,139.7,252.9,178.6,46.8,1,soil slide,0,low
SYN_N_01100,SYNTHETIC_NER,2022-05-03,Assam,unspecified,25.05204,95.10575,72.2,28.63,71.6,forest,colluvium,34.5,97.5,149.5,110.9,22.2,0,n/a,0,low
SYN_E_00021,SYNTHETIC_NER,2017-06-18,Mizoram,unspecified,28.86533,91.24318,1053.3,13.49,18.0,forest,weathered_rock,23.8,58.4,88.9,66.7,55.9,1,mudslide,0,low
SYN_N_02185,SYNTHETIC_NER,2023-09-13,Manipur,unspecified,24.97816,94.22061,1602.0,19.22,229.5,grassland,colluvium,18.1,49.6,91.0,64.0,14.7,0,n/a,0,low
SYN_E_00459,SYNTHETIC_NER,2016-07-02,Assam,unspecified,22.75682,97.10363,417.2,26.54,90.8,grassland,residual_soil,39.4,84.1,157.8,112.0,23.6,1,soil slide,0,low
SYN_E_01184,SYNTHETIC_NER,2019-08-15,Manipur,unspecified,27.99877,95.4869,1656.8,39.0,293.4,cropland,residual_soil,13.0,39.0,60.2,44.4,41.6,1,soil slide,0,low
SYN_N_01124,SYNTHETIC_NER,2021-04-01,Sikkim,unspecified,27.35984,91.93298,4940.4,30.55,22.9,cropland,unknown,27.7,78.0,131.6,94.8,32.0,0,n/a,0,low
SYN_E_00955,SYNTHETIC_NER,2021-08-23,Nagaland,unspecified,23.06711,89.37215,3412.8,29.85,345.4,bare,weathered_rock,35.2,112.5,217.3,149.4,40.8,1,soil slide,0,low
SYN_N_00015,SYNTHETIC_NER,2022-07-26,Assam,unspecified,25.05398,88.95776,445.4,21.86,279.2,forest,unknown,11.7,23.1,32.8,25.6,22.4,0,n/a,0,low
SYN_N_01233,SYNTHETIC_NER,2025-08-17,Manipur,unspecified,24.50394,96.73517,853.1,9.69,116.9,forest,colluvium,11.4,23.7,33.5,26.1,9.3,0,n/a,0,low
SYN_N_01653,SYNTHETIC_NER,2024-07-13,Tripura,unspecified,22.71632,92.65074,397.9,18.03,314.2,forest,colluvium,4.3,13.6,29.2,19.5,6.8,0,n/a,0,low
SYN_N_02285,SYNTHETIC_NER,2022-07-09,Mizoram,unspecified,28.31817,92.10493,923.7,27.6,92.3,forest,weathered_rock,7.6,24.0,46.7,32.0,33.1,0,n/a,0,low
SYN_N_00315,SYNTHETIC_NER,2023-09-15,Meghalaya,unspecified,25.40293,90.41026,1890.8,28.19,283.3,cropland,residual_soil,45.8,99.7,177.2,127.7,20.6,0,n/a,0,low
SYN_N_01191,SYNTHETIC_NER,2018-08-13,Sikkim,unspecified,26.07615,88.7111,2565.5,36.09,285.6,grassland,weathered_rock,17.0,50.2,90.4,63.6,24.4,0,n/a,0,low
SYN_E_00769,SYNTHETIC_NER,2023-09-07,Manipur,unspecified,26.46947,93.03384,1548.7,26.74,208.2,cropland,weathered_rock,23.4,62.4,123.2,85.0,40.3,1,soil slide,0,low
SYN_N_02180,SYNTHETIC_NER,2017-09-17,Meghalaya,unspecified,27.11939,90.90451,610.4,15.93,139.6,cropland,residual_soil,68.5,147.3,247.2,181.5,23.2,0,n/a,0,low
SYN_N_00485,SYNTHETIC_NER,2020-06-03,Assam,unspecified,24.88252,94.38329,268.2,15.3,31.5,forest,residual_soil,6.0,11.9,22.3,15.9,34.7,0,n/a,0,low
SYN_E_00130,SYNTHETIC_NER,2016-06-19,Nagaland,unspecified,29.49512,88.07109,2735.8,32.91,58.0,cropland,residual_soil,32.7,60.5,118.9,84.1,26.3,1,soil slide,0,low
SYN_N_01719,SYNTHETIC_NER,2016-08-10,Tripura,unspecified,29.33754,90.1194,813.3,30.01,146.8,forest,unknown,11.7,21.9,31.7,24.7,19.8,0,n/a,0,low
SYN_N_01971,SYNTHETIC_NER,2025-03-02,Manipur,unspecified,27.69202,88.71786,1601.6,13.94,139.3,forest,residual_soil,19.3,39.6,76.5,54.0,33.8,0,n/a,0,low
SYN_N_02244,SYNTHETIC_NER,2023-06-04,Sikkim,unspecified,25.99616,88.74843,1535.1,19.62,155.6,cropland,weathered_rock,26.3,60.9,105.2,76.2,21.5,0,n/a,0,low
SYN_N_00935,SYNTHETIC_NER,2021-09-10,Manipur,unspecified,26.93363,90.43715,1661.2,31.27,308.1,forest,weathered_rock,11.5,34.2,69.5,47.3,44.8,0,n/a,0,low
SYN_N_00282,SYNTHETIC_NER,2016-07-23,Mizoram,unspecified,23.74931,93.77831,126.9,32.86,262.2,built-up,colluvium,13.9,40.7,69.7,49.8,30.0,0,n/a,0,low
SYN_E_00330,SYNTHETIC_NER,2023-09-24,Nagaland,unspecified,29.42885,90.47956,1451.6,24.4,239.3,grassland,residual_soil,49.2,134.0,189.8,145.0,49.5,1,debris flow,0,low
SYN_N_00038,SYNTHETIC_NER,2017-07-27,Arunachal Pradesh,unspecified,28.02933,88.03892,3557.4,14.87,202.2,forest,residual_soil,24.0,48.1,69.9,54.2,21.7,0,n/a,0,low
SYN_E_00466,SYNTHETIC_NER,2022-03-22,Meghalaya,unspecified,23.377,91.50109,465.1,38.49,180.3,cropland,colluvium,65.6,192.8,338.3,240.1,34.2,1,debris flow,0,low
SYN_N_00969,SYNTHETIC_NER,2025-05-20,Assam,unspecified,21.54,95.38324,324.2,33.59,25.3,bare,colluvium,2.5,5.4,10.9,7.6,21.9,0,n/a,0,low
SYN_N_00438,SYNTHETIC_NER,2021-07-27,Assam,unspecified,24.98296,89.60781,449.6,3.02,246.5,forest,weathered_rock,7.7,14.7,21.9,16.9,37.6,0,n/a,0,low
SYN_N_01892,SYNTHETIC_NER,2015-09-18,Sikkim,unspecified,24.41074,95.72654,3706.8,24.82,185.5,grassland,weathered_rock,21.1,64.9,136.8,92.1,12.9,0,n/a,0,low
SYN_E_01095,SYNTHETIC_NER,2016-07-10,Assam,unspecified,29.08201,90.26988,243.1,43.04,204.2,forest,residual_soil,30.3,83.6,167.7,115.0,50.2,1,soil slide,0,low
SYN_E_01130,SYNTHETIC_NER,2018-08-27,Manipur,unspecified,27.05829,95.21522,2413.6,35.1,189.7,built-up,residual_soil,12.4,25.0,38.9,29.4,54.0,1,soil slide,0,low
SYN_N_00094,SYNTHETIC_NER,2020-05-03,Meghalaya,unspecified,23.06052,91.06436,1911.7,7.21,250.5,forest,residual_soil,74.9,218.7,361.0,261.1,11.0,0,n/a,0,low
SYN_E_00860,SYNTHETIC_NER,2021-03-09,Arunachal Pradesh,unspecified,26.66049,90.38416,2535.2,30.53,252.5,forest,residual_soil,43.5,87.7,151.1,110.6,36.8,1,debris flow,0,low
SYN_N_02307,SYNTHETIC_NER,2021-07-01,Meghalaya,unspecified,27.92904,95.08893,891.4,39.44,21.3,cropland,weathered_rock,28.7,77.9,170.2,114.2,26.2,0,n/a,0,low
SYN_N_01974,SYNTHETIC_NER,2021-07-20,Manipur,unspecified,24.58942,90.03824,2880.7,20.95,85.9,forest,weathered_rock,13.2,32.7,62.1,43.5,24.7,0,n/a,0,low
